-- phpMyAdmin SQL Dump
-- version 5.0.4
-- https://www.phpmyadmin.net/
--
-- Host: 127.0.0.1
-- Generation Time: Jun 21, 2021 at 02:20 PM
-- Server version: 10.4.17-MariaDB
-- PHP Version: 7.4.13

SET SQL_MODE = "NO_AUTO_VALUE_ON_ZERO";
START TRANSACTION;
SET time_zone = "+00:00";


/*!40101 SET @OLD_CHARACTER_SET_CLIENT=@@CHARACTER_SET_CLIENT */;
/*!40101 SET @OLD_CHARACTER_SET_RESULTS=@@CHARACTER_SET_RESULTS */;
/*!40101 SET @OLD_COLLATION_CONNECTION=@@COLLATION_CONNECTION */;
/*!40101 SET NAMES utf8mb4 */;

--
-- Database: `paper`
--

-- --------------------------------------------------------

--
-- Table structure for table `f_invoice`
--

CREATE TABLE `f_invoice` (
  `id` int(11) NOT NULL,
  `no_invoice` varchar(50) NOT NULL,
  `no_skbdn` varchar(50) DEFAULT NULL,
  `no_ppn` varchar(75) DEFAULT NULL,
  `term_of_payment` varchar(20) NOT NULL,
  `status` tinyint(1) NOT NULL,
  `nilai_invoice` decimal(14,2) NOT NULL,
  `nilai_bayar` decimal(14,2) NOT NULL,
  `nilai_pembulatan` decimal(14,2) NOT NULL,
  `flag` int(1) NOT NULL,
  `tanggal` date NOT NULL,
  `tanggal_lunas` date NOT NULL,
  `id_customer` int(5) NOT NULL,
  `ppn` int(1) NOT NULL,
  `bunga` decimal(5,2) NOT NULL DEFAULT 0.00,
  `keterangan` text NOT NULL,
  `created_at` datetime NOT NULL,
  `created_by` int(11) NOT NULL,
  `modified_at` datetime NOT NULL,
  `modified_by` int(11) NOT NULL
) ENGINE=InnoDB DEFAULT CHARSET=utf8mb4;

--
-- Dumping data for table `f_invoice`
--

INSERT INTO `f_invoice` (`id`, `no_invoice`, `no_skbdn`, `no_ppn`, `term_of_payment`, `status`, `nilai_invoice`, `nilai_bayar`, `nilai_pembulatan`, `flag`, `tanggal`, `tanggal_lunas`, `id_customer`, `ppn`, `bunga`, `keterangan`, `created_at`, `created_by`, `modified_at`, `modified_by`) VALUES
(10, 'IV/21/01-SK', '014ITSV044072', '010.003-21.04175740', '', 1, '179952755.60', '0.00', '0.00', 0, '2021-04-04', '0000-00-00', 5, 1, '0.00', '', '2021-04-27 06:10:47', 1, '2021-06-21 13:54:39', 1),
(11, 'IV/21/01-PD', NULL, NULL, '', 1, '198229467.00', '0.00', '0.00', 0, '2021-04-06', '0000-00-00', 6, 0, '0.00', '', '2021-04-27 08:51:51', 1, '2021-04-27 08:57:08', 1);

-- --------------------------------------------------------

--
-- Table structure for table `f_invoice_detail`
--

CREATE TABLE `f_invoice_detail` (
  `id` int(11) NOT NULL,
  `id_invoice` int(11) NOT NULL,
  `id_sj` int(11) NOT NULL,
  `id_sj_detail` int(11) NOT NULL,
  `id_jb` int(11) NOT NULL,
  `bruto` decimal(14,2) NOT NULL,
  `netto` decimal(14,2) NOT NULL,
  `harga` decimal(14,2) NOT NULL,
  `uid` varchar(15) DEFAULT NULL,
  `modified` datetime NOT NULL,
  `modified_by` int(3) NOT NULL
) ENGINE=InnoDB DEFAULT CHARSET=utf8mb4;

--
-- Dumping data for table `f_invoice_detail`
--

INSERT INTO `f_invoice_detail` (`id`, `id_invoice`, `id_sj`, `id_sj_detail`, `id_jb`, `bruto`, `netto`, `harga`, `uid`, `modified`, `modified_by`) VALUES
(81, 10, 322, 335, 10, '5245.00', '5189.19', '4200.00', '20210427061140', '2021-04-27 06:11:40', 0),
(82, 10, 323, 336, 10, '5478.19', '5440.00', '4200.00', '20210427061140', '2021-04-27 06:11:40', 0),
(83, 10, 324, 337, 10, '5690.00', '5581.19', '4200.00', '20210427061140', '2021-04-27 06:11:40', 0),
(84, 10, 327, 340, 12, '4578.00', '4566.00', '4200.00', '20210427061159', '2021-04-27 06:11:59', 0),
(85, 10, 329, 342, 12, '6589.00', '6555.00', '4200.00', '20210427061159', '2021-04-27 06:11:59', 0),
(86, 10, 330, 343, 12, '4589.00', '4488.00', '4200.00', '20210427061159', '2021-04-27 06:11:59', 0),
(87, 10, 333, 346, 12, '7801.00', '7689.00', '4200.00', '20210427061212', '2021-04-27 06:12:12', 0),
(88, 11, 8, 7, 31, '6540.00', '6499.78', '4250.00', NULL, '2021-04-27 08:52:01', 0),
(89, 11, 5, 4, 28, '12460.00', '12215.20', '3600.00', '20210427085216', '2021-04-27 08:52:16', 0),
(90, 11, 9, 8, 28, '12180.00', '11955.03', '3600.00', '20210427085216', '2021-04-27 08:52:16', 0),
(91, 11, 15, 19, 28, '9060.00', '8007.97', '3700.00', '20210427085225', '2021-04-27 08:52:25', 0),
(92, 11, 16, 20, 28, '8840.00', '7936.24', '3700.00', '20210427085225', '2021-04-27 08:52:25', 0),
(93, 11, 24, 28, 28, '7160.00', '6778.41', '3700.00', '20210427085225', '2021-04-27 08:52:25', 0);

-- --------------------------------------------------------

--
-- Table structure for table `f_invoice_summary`
--

CREATE TABLE `f_invoice_summary` (
  `id` int(11) NOT NULL,
  `id_invoice` int(11) NOT NULL,
  `jenis` tinyint(1) NOT NULL DEFAULT 0,
  `id_sj` int(11) NOT NULL DEFAULT 0,
  `id_jb` int(7) NOT NULL,
  `bruto` decimal(14,2) NOT NULL,
  `netto` decimal(14,2) NOT NULL,
  `harga` decimal(14,2) NOT NULL,
  `harga_manual` decimal(14,2) NOT NULL DEFAULT 0.00,
  `sub_total` decimal(14,2) NOT NULL,
  `adjustment` decimal(14,2) NOT NULL DEFAULT 0.00
) ENGINE=InnoDB DEFAULT CHARSET=utf8mb4;

--
-- Dumping data for table `f_invoice_summary`
--

INSERT INTO `f_invoice_summary` (`id`, `id_invoice`, `jenis`, `id_sj`, `id_jb`, `bruto`, `netto`, `harga`, `harga_manual`, `sub_total`, `adjustment`) VALUES
(139, 11, 0, 5, 28, '12460.00', '12215.20', '3600.00', '0.00', '43974720.00', '0.00'),
(140, 11, 0, 9, 28, '12180.00', '11955.03', '3600.00', '0.00', '43038108.00', '0.00'),
(141, 11, 0, 15, 28, '9060.00', '8007.97', '3700.00', '0.00', '29629489.00', '0.00'),
(142, 11, 0, 16, 28, '8840.00', '7936.24', '3700.00', '0.00', '29364088.00', '0.00'),
(143, 11, 0, 24, 28, '7160.00', '6778.41', '3700.00', '0.00', '25080117.00', '0.00'),
(144, 11, 0, 8, 31, '6540.00', '6499.78', '4250.00', '0.00', '27624065.00', '0.00'),
(153, 11, 1, 306, 0, '0.00', '0.00', '100000.00', '0.00', '100000.00', '0.00'),
(154, 11, 2, 306, 0, '0.00', '0.00', '75000.00', '0.00', '75000.00', '0.00'),
(155, 11, 1, 305, 0, '0.00', '0.00', '75000.00', '0.00', '75000.00', '0.00'),
(156, 10, 0, 0, 10, '16413.19', '16210.38', '4200.00', '0.00', '68083596.00', '0.00'),
(157, 10, 0, 0, 12, '23557.00', '23298.00', '4200.00', '0.00', '97851600.00', '0.00'),
(158, 10, 1, 327, 0, '0.00', '0.00', '15000.00', '0.00', '15000.00', '0.00');

-- --------------------------------------------------------

--
-- Table structure for table `f_match`
--

CREATE TABLE `f_match` (
  `id` int(11) NOT NULL,
  `no_matching` varchar(50) NOT NULL,
  `id_supplier` int(5) NOT NULL,
  `status` int(3) NOT NULL,
  `tanggal` date NOT NULL,
  `keterangan` text NOT NULL,
  `created_at` datetime NOT NULL,
  `created_by` int(3) NOT NULL,
  `modified_at` datetime NOT NULL,
  `modified_by` int(3) NOT NULL
) ENGINE=InnoDB DEFAULT CHARSET=latin1;

--
-- Dumping data for table `f_match`
--

INSERT INTO `f_match` (`id`, `no_matching`, `id_supplier`, `status`, `tanggal`, `keterangan`, `created_at`, `created_by`, `modified_at`, `modified_by`) VALUES
(3, 'MATCH.202101.0012', 112, 1, '2021-01-02', 'BAYAR LANGSUNG', '2021-03-06 02:36:57', 1, '0000-00-00 00:00:00', 0),
(4, 'MATCH.202101.0013', 113, 1, '2021-01-02', '', '2021-03-06 02:39:20', 1, '2021-03-06 02:40:40', 1),
(5, 'MATCH.202101.0014', 109, 1, '2021-01-02', 'BAYAR LANGSUNG', '2021-03-08 03:24:51', 5, '0000-00-00 00:00:00', 0),
(6, 'MATCH.202101.0015', 111, 1, '2021-01-04', 'BAYAR LANGSUNG', '2021-03-08 03:29:49', 5, '0000-00-00 00:00:00', 0),
(7, 'MATCH.202101.0016', 114, 1, '2021-01-04', 'BAYAR LANGSUNG', '2021-03-08 03:31:09', 5, '0000-00-00 00:00:00', 0),
(8, 'MATCH.202101.0017', 115, 1, '2021-01-04', 'BAYAR LANGSUNG', '2021-03-08 03:31:45', 5, '0000-00-00 00:00:00', 0),
(9, 'MATCH.202101.0018', 116, 1, '2021-01-04', 'BAYAR LANGSUNG', '2021-03-08 03:33:43', 5, '0000-00-00 00:00:00', 0),
(10, 'MATCH.202101.0019', 110, 1, '2021-01-04', 'BAYAR LANGSUNG', '2021-03-08 03:44:15', 5, '0000-00-00 00:00:00', 0),
(11, 'MATCH.202101.0020', 110, 1, '2021-01-04', 'BAYAR LANGSUNG', '2021-03-08 03:47:56', 5, '0000-00-00 00:00:00', 0),
(12, 'MATCH.202101.0021', 110, 1, '2021-01-04', 'BAYAR LANGSUNG', '2021-03-08 03:49:19', 5, '0000-00-00 00:00:00', 0),
(13, 'MATCH.202101.0022', 117, 1, '2021-01-05', 'BAYAR LANGSUNG', '2021-03-08 03:50:06', 5, '0000-00-00 00:00:00', 0),
(14, 'MATCH.202101.0023', 118, 1, '2021-01-05', 'BAYAR LANGSUNG', '2021-03-08 03:51:20', 5, '0000-00-00 00:00:00', 0),
(16, 'MATCH.202101.0025', 110, 1, '2021-01-05', 'BAYAR LANGSUNG', '2021-03-08 07:08:01', 5, '0000-00-00 00:00:00', 0),
(17, 'MATCH.202101.0026', 115, 1, '2021-01-05', 'BAYAR LANGSUNG', '2021-03-08 07:09:16', 5, '0000-00-00 00:00:00', 0),
(18, 'MATCH.202101.0027', 121, 1, '2021-01-05', 'BAYAR LANGSUNG', '2021-03-08 07:12:08', 5, '0000-00-00 00:00:00', 0),
(19, 'MATCH.202101.0028', 121, 1, '2021-01-05', 'BAYAR LANGSUNG', '2021-03-08 07:13:10', 5, '0000-00-00 00:00:00', 0),
(20, 'MATCH.202101.0029', 113, 1, '2021-01-05', 'BAYAR LANGSUNG', '2021-03-08 07:13:47', 5, '0000-00-00 00:00:00', 0),
(21, 'MATCH.202101.0030', 110, 1, '2021-01-05', 'BAYAR LANGSUNG', '2021-03-08 07:15:02', 5, '0000-00-00 00:00:00', 0),
(22, 'MATCH.202101.0031', 111, 1, '2021-01-06', 'BAYAR LANGSUNG', '2021-03-08 07:16:56', 5, '0000-00-00 00:00:00', 0),
(23, 'MATCH.202101.0032', 123, 1, '2021-01-06', 'BAYAR LANGSUNG', '2021-03-08 07:18:06', 5, '0000-00-00 00:00:00', 0),
(24, 'MATCH.202101.0033', 124, 1, '2021-01-06', 'BAYAR LANGSUNG', '2021-03-08 07:18:54', 5, '0000-00-00 00:00:00', 0),
(25, 'MATCH.202101.0034', 18, 1, '2021-01-06', 'BAYAR LANGSUNG', '2021-03-08 07:20:26', 5, '0000-00-00 00:00:00', 0),
(26, 'MATCH.202101.0035', 125, 1, '2021-01-06', 'BAYAR LANGSUNG', '2021-03-08 07:21:37', 5, '0000-00-00 00:00:00', 0),
(27, 'MATCH.202101.0036', 116, 1, '2021-01-06', 'BAYAR LANGSUNG', '2021-03-08 07:22:47', 5, '0000-00-00 00:00:00', 0),
(28, 'MATCH.202101.0037', 121, 1, '2021-01-07', 'BAYAR LANGSUNG', '2021-03-08 07:24:11', 5, '0000-00-00 00:00:00', 0),
(29, 'MATCH.202101.0038', 127, 1, '2021-01-07', 'BAYAR LANGSUNG', '2021-03-08 07:26:07', 5, '0000-00-00 00:00:00', 0),
(30, 'MATCH.202101.0039', 115, 1, '2021-01-07', 'BAYAR LANGSUNG', '2021-03-08 07:27:50', 5, '0000-00-00 00:00:00', 0),
(31, 'MATCH.202101.0040', 115, 1, '2021-01-07', 'BAYAR LANGSUNG', '2021-03-08 07:30:03', 5, '0000-00-00 00:00:00', 0),
(32, 'MATCH.202101.0041', 125, 1, '2021-01-07', 'BAYAR LANGSUNG', '2021-03-08 07:31:27', 5, '0000-00-00 00:00:00', 0),
(33, 'MATCH.202101.0042', 19, 1, '2021-01-07', 'BAYAR LANGSUNG', '2021-03-08 07:46:56', 5, '0000-00-00 00:00:00', 0),
(34, 'MATCH.202101.0043', 129, 1, '2021-01-07', 'BAYAR LANGSUNG', '2021-03-08 07:48:04', 5, '0000-00-00 00:00:00', 0),
(35, 'MATCH.202101.0044', 110, 1, '2021-01-07', 'BAYAR LANGSUNG', '2021-03-08 07:49:21', 5, '0000-00-00 00:00:00', 0),
(36, 'MATCH.202101.0045', 115, 1, '2021-01-08', 'BAYAR LANGSUNG', '2021-03-08 07:50:35', 5, '0000-00-00 00:00:00', 0),
(37, 'MATCH.202101.0046', 122, 1, '2021-01-08', 'BAYAR LANGSUNG', '2021-03-08 07:51:20', 5, '0000-00-00 00:00:00', 0),
(38, 'MATCH.202101.0047', 36, 1, '2021-01-08', 'BAYAR LANGSUNG', '2021-03-08 07:52:24', 5, '0000-00-00 00:00:00', 0),
(39, 'MATCH.202101.0048', 116, 1, '2021-01-08', 'BAYAR LANGSUNG', '2021-03-08 07:53:46', 5, '0000-00-00 00:00:00', 0),
(40, 'MATCH.202101.0049', 115, 1, '2021-01-09', 'BAYAR LANGSUNG', '2021-03-08 07:58:57', 5, '0000-00-00 00:00:00', 0),
(41, 'MATCH.202101.0050', 96, 1, '2021-01-09', 'BAYAR LANGSUNG', '2021-03-08 08:00:04', 5, '0000-00-00 00:00:00', 0),
(42, 'MATCH.202101.0051', 121, 1, '2021-01-09', 'BAYAR LANGSUNG', '2021-03-08 08:08:14', 5, '0000-00-00 00:00:00', 0),
(43, 'MATCH.202101.0052', 111, 1, '2021-01-09', 'BAYAR LANGSUNG', '2021-03-08 08:09:04', 5, '0000-00-00 00:00:00', 0),
(44, 'MATCH.202101.0053', 123, 1, '2021-01-09', 'BAYAR LANGSUNG', '2021-03-08 08:11:52', 5, '0000-00-00 00:00:00', 0),
(45, 'MATCH.202101.0054', 121, 1, '2021-01-09', 'BAYAR LANGSUNG', '2021-03-08 08:13:09', 5, '0000-00-00 00:00:00', 0),
(48, 'MATCH.202101.0055', 109, 1, '2021-01-09', 'BAYAR LANGSUNG', '2021-03-08 08:17:48', 5, '0000-00-00 00:00:00', 0),
(49, 'MATCH.202101.0056', 116, 1, '2021-01-09', 'BAYAR LANGSUNG', '2021-03-08 08:19:28', 5, '0000-00-00 00:00:00', 0),
(50, 'MATCH.202101.0057', 110, 1, '2021-01-09', 'BAYAR LANGSUNG', '2021-03-08 08:20:30', 5, '0000-00-00 00:00:00', 0),
(51, 'MATCH.202101.0058', 118, 1, '2021-01-11', 'BAYAR LANGSUNG', '2021-03-08 08:22:07', 5, '0000-00-00 00:00:00', 0),
(52, 'MATCH.202101.0059', 125, 1, '2021-01-11', 'BAYAR LANGSUNG', '2021-03-08 08:28:49', 5, '0000-00-00 00:00:00', 0),
(53, 'MATCH.202101.0060', 143, 1, '2021-01-11', 'BAYAR LANGSUNG', '2021-03-08 08:29:28', 5, '0000-00-00 00:00:00', 0),
(54, 'MATCH.202101.0061', 40, 1, '2021-01-11', 'BAYAR LANGSUNG', '2021-03-08 08:34:37', 5, '0000-00-00 00:00:00', 0),
(55, 'MATCH.202101.0062', 40, 1, '2021-01-13', 'BAYAR LANGSUNG', '2021-03-08 08:35:18', 5, '0000-00-00 00:00:00', 0),
(56, 'MATCH.202101.0063', 143, 1, '2021-01-11', 'BAYAR LANGSUNG', '2021-03-08 08:47:25', 5, '0000-00-00 00:00:00', 0),
(57, 'MATCH.202101.0064', 116, 1, '2021-01-11', 'BAYAR LANGSUNG', '2021-03-08 08:49:14', 5, '0000-00-00 00:00:00', 0),
(58, 'MATCH.202101.0065', 118, 1, '2021-01-12', 'BAYAR LANGSUNG', '2021-03-08 08:49:51', 5, '0000-00-00 00:00:00', 0),
(59, 'MATCH.202101.0066', 121, 1, '2021-01-12', 'BAYAR LANGSUNG', '2021-03-08 08:50:37', 5, '0000-00-00 00:00:00', 0),
(60, 'MATCH.202101.0067', 115, 1, '2021-01-12', 'BAYAR LANGSUNG', '2021-03-08 08:51:14', 5, '0000-00-00 00:00:00', 0),
(61, 'MATCH.202101.0068', 125, 1, '2021-01-12', 'BAYAR LANGSUNG', '2021-03-08 08:51:42', 5, '0000-00-00 00:00:00', 0),
(62, 'MATCH.202101.0069', 40, 1, '2021-01-12', 'BAYAR LANGSUNG', '2021-03-08 08:53:09', 5, '0000-00-00 00:00:00', 0),
(63, 'MATCH.202101.0070', 145, 1, '2021-01-12', 'BAYAR LANGSUNG', '2021-03-08 08:54:32', 5, '0000-00-00 00:00:00', 0),
(64, 'MATCH.202101.0071', 143, 1, '2021-01-12', 'BAYAR LANGSUNG', '2021-03-08 08:56:38', 5, '0000-00-00 00:00:00', 0),
(65, 'MATCH.202101.0072', 115, 1, '2021-01-12', 'BAYAR LANGSUNG', '2021-03-08 08:58:23', 5, '0000-00-00 00:00:00', 0),
(66, 'MATCH.202101.0073', 116, 1, '2021-01-13', 'BAYAR LANGSUNG', '2021-03-08 08:58:50', 5, '0000-00-00 00:00:00', 0),
(67, 'MATCH.202101.0074', 19, 1, '2021-01-13', 'BAYAR LANGSUNG', '2021-03-08 08:59:50', 5, '0000-00-00 00:00:00', 0),
(68, 'MATCH.202101.0075', 146, 1, '2021-01-13', 'BAYAR LANGSUNG', '2021-03-08 09:02:14', 5, '0000-00-00 00:00:00', 0),
(69, 'MATCH.202101.0076', 110, 1, '2021-01-13', 'BAYAR LANGSUNG', '2021-03-08 09:05:23', 5, '0000-00-00 00:00:00', 0),
(70, 'MATCH.202101.0077', 109, 1, '2021-01-13', 'BAYAR LANGSUNG', '2021-03-08 09:06:31', 5, '0000-00-00 00:00:00', 0),
(71, 'MATCH.202101.0078', 119, 1, '2021-01-05', 'BAYAR LANGSUNG', '2021-03-09 06:23:25', 5, '0000-00-00 00:00:00', 0),
(72, 'MATCH.202101.0079', 126, 1, '2021-01-06', 'BAYAR LANGSUNG', '2021-03-09 06:24:24', 5, '0000-00-00 00:00:00', 0),
(73, 'MATCH.202101.0080', 128, 1, '2021-01-07', 'BAYAR LANGSUNG', '2021-03-09 06:25:06', 5, '0000-00-00 00:00:00', 0),
(74, 'MATCH.202101.0081', 128, 1, '2021-01-08', 'BAYAR LANGSUNG', '2021-03-09 06:26:33', 5, '0000-00-00 00:00:00', 0),
(75, 'MATCH.202101.0082', 83, 1, '2021-01-09', 'BAYAR LANGSUNG', '2021-03-09 06:27:26', 5, '0000-00-00 00:00:00', 0),
(76, 'MATCH.202101.0083', 130, 1, '2021-01-09', 'BAYAR LANGSUNG', '2021-03-09 06:27:52', 5, '0000-00-00 00:00:00', 0),
(77, 'MATCH.202101.0084', 131, 1, '2021-01-09', 'BAYAR LANGSUNG', '2021-03-09 06:28:07', 5, '0000-00-00 00:00:00', 0),
(78, 'MATCH.202101.0085', 132, 1, '2021-01-09', 'BAYAR LANGSUNG', '2021-03-09 06:28:34', 5, '0000-00-00 00:00:00', 0),
(79, 'MATCH.202101.0086', 134, 1, '2021-01-09', 'BAYAR LANGSUNG', '2021-03-09 06:32:33', 5, '0000-00-00 00:00:00', 0),
(80, 'MATCH.202101.0087', 136, 1, '2021-01-09', 'BAYAR LANGSUNG', '2021-03-09 06:33:22', 5, '0000-00-00 00:00:00', 0),
(82, 'MATCH.202101.0089', 119, 1, '2021-01-09', 'BAYAR LANGSUNG', '2021-03-09 06:35:01', 5, '0000-00-00 00:00:00', 0),
(83, 'MATCH.202101.0090', 139, 1, '2021-01-11', 'BAYAR LANGSUNG', '2021-03-09 06:35:39', 5, '0000-00-00 00:00:00', 0),
(84, 'MATCH.202101.0091', 140, 1, '2021-01-11', 'BAYAR LANGSUNG', '2021-03-09 06:36:16', 5, '0000-00-00 00:00:00', 0),
(85, 'MATCH.202101.0092', 141, 1, '2021-01-11', 'BAYAR LANGSUNG', '2021-03-09 06:36:54', 5, '0000-00-00 00:00:00', 0),
(86, 'MATCH.202101.0093', 134, 1, '2021-01-11', 'BAYAR LANGSUNG', '2021-03-09 06:37:05', 5, '0000-00-00 00:00:00', 0),
(87, 'MATCH.202101.0094', 136, 1, '2021-01-11', 'BAYAR LANGSUNG', '2021-03-09 06:37:21', 5, '0000-00-00 00:00:00', 0),
(88, 'MATCH.202101.0095', 119, 1, '2021-01-11', 'BAYAR LANGSUNG', '2021-03-09 06:37:34', 5, '0000-00-00 00:00:00', 0),
(89, 'MATCH.202101.0096', 142, 1, '2021-01-11', 'BAYAR LANGSUNG', '2021-03-09 06:38:34', 5, '0000-00-00 00:00:00', 0),
(90, 'MATCH.202101.0097', 132, 1, '2021-01-12', 'BAYAR LANGSUNG', '2021-03-09 06:39:24', 5, '0000-00-00 00:00:00', 0),
(91, 'MATCH.202101.0098', 139, 1, '2021-01-12', 'BAYAR LANGSUNG', '2021-03-09 06:40:00', 5, '0000-00-00 00:00:00', 0),
(92, 'MATCH.202101.0099', 141, 1, '2021-01-12', 'BAYAR LANGSUNG', '2021-03-09 06:40:35', 5, '0000-00-00 00:00:00', 0),
(93, 'MATCH.202101.0100', 140, 1, '2021-01-12', 'BAYAR LANGSUNG', '2021-03-09 06:40:49', 5, '0000-00-00 00:00:00', 0),
(94, 'MATCH.202101.0101', 144, 1, '2021-01-12', 'BAYAR LANGSUNG', '2021-03-09 06:42:08', 5, '0000-00-00 00:00:00', 0),
(95, 'MATCH.202101.0102', 126, 1, '2021-01-12', 'BAYAR LANGSUNG', '2021-03-09 06:42:46', 5, '0000-00-00 00:00:00', 0),
(96, 'MATCH.202101.0103', 142, 1, '2021-01-13', 'BAYAR LANGSUNG', '2021-03-09 06:43:40', 5, '0000-00-00 00:00:00', 0),
(97, 'MATCH.202101.0104', 128, 1, '2021-01-14', 'BAYAR LANGSUNG', '2021-03-09 06:44:37', 5, '0000-00-00 00:00:00', 0),
(98, 'MATCH.202101.0105', 138, 1, '2021-01-09', 'BAYAR LANGSUNG', '2021-03-16 06:25:02', 5, '0000-00-00 00:00:00', 0),
(99, 'MATCH.202101.0106', 40, 1, '2021-01-02', 'BAYAR LANGSUNG', '2021-03-17 06:55:28', 5, '0000-00-00 00:00:00', 0),
(100, 'MATCH.202101.0107', 40, 1, '2021-01-04', 'BAYAR LANGSUNG', '2021-03-17 06:57:17', 5, '0000-00-00 00:00:00', 0),
(101, 'MATCH.202101.0108', 37, 1, '2021-01-05', 'BAYAR LANGSUNG', '2021-03-18 02:17:27', 5, '0000-00-00 00:00:00', 0),
(102, 'MATCH.202101.0109', 120, 1, '2021-01-05', 'BAYAR LANGSUNG', '2021-03-18 02:23:41', 5, '0000-00-00 00:00:00', 0),
(103, 'MATCH.202101.0110', 72, 1, '2021-01-06', 'BAYAR LANGSUNG', '2021-03-18 02:28:14', 5, '0000-00-00 00:00:00', 0),
(104, 'MATCH.202101.0111', 40, 1, '2021-01-06', 'BAYAR LANGSUNG', '2021-03-18 02:28:30', 5, '0000-00-00 00:00:00', 0),
(105, 'MATCH.202101.0112', 120, 1, '2021-01-06', 'BAYAR LANGSUNG', '2021-03-18 02:29:48', 5, '0000-00-00 00:00:00', 0),
(106, 'MATCH.202101.0113', 37, 1, '2021-01-07', 'BAYAR LANGSUNG', '2021-03-18 02:33:59', 5, '0000-00-00 00:00:00', 0),
(107, 'MATCH.202101.0114', 40, 1, '2021-01-07', 'BAYAR LANGSUNG', '2021-03-18 02:34:13', 5, '0000-00-00 00:00:00', 0),
(108, 'MATCH.202101.0115', 120, 1, '2021-01-07', 'BAYAR LANGSUNG', '2021-03-18 02:36:31', 5, '0000-00-00 00:00:00', 0),
(109, 'MATCH.202101.0116', 120, 1, '2021-01-07', 'BAYAR LANGSUNG', '2021-03-18 02:36:57', 5, '0000-00-00 00:00:00', 0),
(110, 'MATCH.202101.0117', 120, 1, '2021-01-08', 'BAYAR LANGSUNG', '2021-03-18 02:37:24', 5, '0000-00-00 00:00:00', 0),
(111, 'MATCH.202101.0118', 120, 1, '2021-01-08', 'BAYAR LANGSUNG', '2021-03-18 02:37:57', 5, '0000-00-00 00:00:00', 0),
(113, 'MATCH.202101.0120', 40, 1, '2021-01-09', 'BAYAR LANGSUNG', '2021-03-18 02:52:04', 5, '0000-00-00 00:00:00', 0),
(140, 'MATCH.202104.0023', 43, 1, '2021-04-06', 'BAYAR LANGSUNG', '2021-04-12 11:09:37', 1, '0000-00-00 00:00:00', 0),
(141, 'MATCH.202104.0024', 43, 1, '2021-04-07', 'BAYAR LANGSUNG', '2021-04-12 13:56:51', 1, '0000-00-00 00:00:00', 0),
(142, 'MATCH.202104.0025', 43, 1, '2021-04-07', 'BAYAR LANGSUNG', '2021-04-12 13:58:56', 1, '0000-00-00 00:00:00', 0),
(143, 'MATCH.202104.0026', 43, 1, '2021-04-08', 'BAYAR LANGSUNG', '2021-04-12 13:59:55', 1, '0000-00-00 00:00:00', 0),
(144, 'MATCH.202104.0027', 43, 1, '2021-04-08', 'BAYAR LANGSUNG', '2021-04-12 14:01:10', 1, '0000-00-00 00:00:00', 0),
(145, 'MATCH.202104.0028', 43, 1, '2021-04-05', 'BAYAR LANGSUNG', '2021-04-12 14:02:36', 1, '0000-00-00 00:00:00', 0),
(146, 'MATCH.202104.0029', 11, 1, '2021-04-04', 'BAYAR LANGSUNG', '2021-04-12 14:03:41', 1, '0000-00-00 00:00:00', 0),
(147, 'MATCH.202104.0030', 43, 1, '2021-04-02', 'BAYAR LANGSUNG', '2021-04-13 09:16:25', 1, '0000-00-00 00:00:00', 0),
(148, 'MATCH.202104.0031', 43, 1, '2021-04-02', 'BAYAR LANGSUNG', '2021-04-13 09:17:07', 1, '0000-00-00 00:00:00', 0),
(149, 'MATCH.202104.0032', 43, 1, '2021-04-03', 'BAYAR LANGSUNG', '2021-04-13 09:17:52', 1, '0000-00-00 00:00:00', 0),
(150, 'MATCH.202104.0033', 43, 1, '2021-04-04', 'BAYAR LANGSUNG', '2021-04-13 09:18:59', 1, '0000-00-00 00:00:00', 0),
(151, 'MATCH.202104.0034', 43, 1, '2021-04-03', 'BAYAR LANGSUNG', '2021-04-13 09:19:46', 1, '0000-00-00 00:00:00', 0),
(152, 'MATCH.202104.0035', 43, 1, '2021-04-09', 'BAYAR LANGSUNG', '2021-04-13 09:24:03', 1, '0000-00-00 00:00:00', 0),
(153, 'MATCH.202104.0036', 43, 1, '2021-04-09', 'BAYAR LANGSUNG', '2021-04-13 09:24:08', 1, '0000-00-00 00:00:00', 0),
(154, 'MATCH.202104.0037', 43, 1, '2021-04-05', 'BAYAR LANGSUNG', '2021-04-13 09:34:15', 1, '0000-00-00 00:00:00', 0),
(155, 'MATCH.202104.0038', 43, 1, '2021-04-03', 'BAYAR LANGSUNG', '2021-04-14 05:33:12', 1, '0000-00-00 00:00:00', 0),
(157, 'MATCH.202104.0040', 43, 1, '2021-04-05', 'BAYAR LANGSUNG', '2021-04-27 06:09:10', 1, '0000-00-00 00:00:00', 0),
(158, 'MATCH.202104.0041', 43, 1, '2021-04-05', 'BAYAR LANGSUNG', '2021-04-27 06:09:20', 1, '0000-00-00 00:00:00', 0),
(159, 'MATCH.202104.0042', 43, 1, '2021-04-04', 'BAYAR LANGSUNG', '2021-04-27 06:09:39', 1, '0000-00-00 00:00:00', 0),
(160, 'MATCH.202104.0043', 43, 1, '2021-04-04', 'BAYAR LANGSUNG', '2021-04-27 06:09:46', 1, '0000-00-00 00:00:00', 0),
(161, 'MATCH.202104.0044', 43, 1, '2021-04-01', 'BAYAR LANGSUNG', '2021-04-27 06:09:53', 1, '0000-00-00 00:00:00', 0),
(162, 'MATCH.202104.0045', 43, 1, '2021-04-02', 'BAYAR LANGSUNG', '2021-04-27 06:09:59', 1, '0000-00-00 00:00:00', 0),
(163, 'MATCH.202104.0046', 43, 1, '2021-04-01', 'BAYAR LANGSUNG', '2021-04-27 06:10:07', 1, '0000-00-00 00:00:00', 0),
(164, 'MATCH.202104.0047', 43, 1, '2021-04-05', 'BAYAR LANGSUNG', '2021-04-27 06:10:16', 1, '0000-00-00 00:00:00', 0),
(165, 'MATCH.202106.0001', 43, 1, '2021-06-07', 'BAYAR LANGSUNG', '2021-06-07 09:31:36', 1, '0000-00-00 00:00:00', 0);

-- --------------------------------------------------------

--
-- Table structure for table `f_match_detail`
--

CREATE TABLE `f_match_detail` (
  `id` int(11) NOT NULL,
  `id_match` int(11) NOT NULL,
  `jenis_pmb` tinyint(1) NOT NULL DEFAULT 0,
  `id_sj` int(11) NOT NULL,
  `sj_bayar` decimal(14,2) NOT NULL
) ENGINE=InnoDB DEFAULT CHARSET=latin1;

--
-- Dumping data for table `f_match_detail`
--

INSERT INTO `f_match_detail` (`id`, `id_match`, `jenis_pmb`, `id_sj`, `sj_bayar`) VALUES
(1, 3, 0, 14, '27513850.00'),
(2, 4, 0, 15, '26708919.50'),
(3, 4, 0, 16, '26471484.00'),
(4, 5, 0, 8, '25264122.00'),
(5, 6, 0, 12, '15086620.00'),
(6, 7, 0, 17, '33223606.00'),
(7, 8, 0, 18, '7543356.00'),
(8, 9, 0, 19, '30825639.00'),
(9, 10, 0, 20, '12702118.00'),
(10, 11, 0, 11, '12328306.00'),
(11, 12, 0, 22, '11938920.00'),
(12, 13, 0, 23, '8326000.00'),
(13, 14, 0, 24, '22614593.50'),
(14, 108, 1, 25, '500000.00'),
(16, 16, 0, 27, '22978969.00'),
(17, 17, 0, 28, '6754985.00'),
(18, 18, 0, 31, '27801520.00'),
(19, 19, 0, 32, '44100572.00'),
(20, 20, 0, 33, '11189546.00'),
(21, 21, 0, 34, '12300743.00'),
(22, 22, 0, 37, '20146128.00'),
(23, 23, 0, 38, '36976924.00'),
(24, 24, 0, 39, '30004195.50'),
(25, 25, 0, 41, '70148514.40'),
(26, 26, 0, 43, '28356042.00'),
(27, 27, 0, 44, '30325724.00'),
(28, 28, 0, 46, '41393012.50'),
(29, 29, 0, 49, '26484626.00'),
(30, 30, 0, 50, '28480502.50'),
(31, 31, 0, 54, '7887850.00'),
(32, 32, 0, 55, '32378731.00'),
(33, 33, 0, 56, '38487005.00'),
(34, 34, 0, 58, '21264035.00'),
(35, 35, 0, 60, '21181722.00'),
(36, 36, 0, 62, '7887459.00'),
(37, 37, 0, 63, '23923484.00'),
(38, 38, 0, 64, '42838536.00'),
(39, 39, 0, 67, '31422651.00'),
(40, 40, 0, 69, '4987435.00'),
(41, 41, 0, 71, '12980097.00'),
(42, 42, 0, 79, '45497928.50'),
(43, 43, 0, 81, '11665347.00'),
(44, 44, 0, 82, '37863993.50'),
(45, 45, 0, 83, '30904588.00'),
(48, 48, 0, 90, '19810270.00'),
(49, 49, 0, 86, '31767023.50'),
(50, 50, 0, 84, '23314479.00'),
(51, 51, 0, 93, '31828017.00'),
(52, 52, 0, 104, '32387757.00'),
(53, 53, 0, 105, '68072346.00'),
(54, 54, 0, 100, '49263734.40'),
(55, 55, 0, 101, '46157578.80'),
(56, 56, 0, 107, '38342603.00'),
(57, 57, 0, 111, '42863130.50'),
(58, 58, 0, 113, '36121668.00'),
(59, 59, 0, 117, '46003946.50'),
(60, 60, 0, 119, '7862573.00'),
(61, 61, 0, 120, '33383005.00'),
(62, 62, 0, 121, '44471483.80'),
(63, 63, 0, 124, '26968006.00'),
(64, 64, 0, 126, '64985446.50'),
(65, 65, 0, 127, '13397672.00'),
(66, 66, 0, 128, '36802155.00'),
(67, 67, 0, 129, '22071244.00'),
(68, 68, 0, 131, '37093535.00'),
(69, 69, 0, 132, '12891592.00'),
(70, 70, 0, 136, '23440586.00'),
(71, 110, 1, 150, '1000000.00'),
(72, 71, 0, 26, '48115068.60'),
(73, 72, 0, 45, '10651212.00'),
(74, 73, 0, 53, '10899392.40'),
(75, 74, 0, 66, '13292440.20'),
(76, 75, 0, 70, '7707898.00'),
(77, 76, 0, 72, '75505421.90'),
(78, 77, 0, 73, '81509651.70'),
(79, 78, 0, 74, '61718177.40'),
(80, 79, 0, 77, '48885637.60'),
(81, 80, 0, 80, '86493572.50'),
(83, 82, 0, 88, '49905306.70'),
(84, 83, 0, 91, '77032077.10'),
(85, 84, 0, 92, '75053217.50'),
(86, 85, 0, 94, '75759245.60'),
(87, 86, 0, 95, '50276182.30'),
(88, 87, 0, 96, '81549229.80'),
(89, 88, 0, 97, '52551672.00'),
(90, 89, 0, 99, '64992871.40'),
(91, 90, 0, 112, '61997438.30'),
(92, 91, 0, 114, '76474486.30'),
(93, 92, 0, 115, '74163961.50'),
(94, 93, 0, 116, '75660826.50'),
(95, 94, 0, 122, '70384512.50'),
(96, 95, 0, 130, '9938471.40'),
(97, 96, 0, 133, '69921332.40'),
(98, 97, 0, 149, '11128455.00'),
(99, 111, 1, 182, '500000.00'),
(101, 98, 0, 85, '63707839.20'),
(102, 113, 1, 255, '500000.00'),
(105, 99, 0, 5, '40881092.00'),
(106, 100, 0, 9, '40010560.80'),
(109, 101, 0, 25, '18838090.00'),
(110, 102, 0, 29, '69661462.00'),
(112, 103, 0, 35, '29613808.00'),
(113, 104, 0, 36, '44185397.40'),
(114, 105, 0, 42, '73552206.00'),
(116, 106, 0, 47, '20191892.00'),
(117, 107, 0, 48, '40585167.60'),
(118, 108, 0, 57, '21379371.00'),
(119, 109, 0, 59, '56155774.00'),
(120, 110, 0, 61, '6924978.00'),
(121, 111, 0, 65, '17612044.00'),
(123, 113, 0, 76, '45381905.00'),
(180, 140, 0, 307, '40136800.00'),
(182, 141, 0, 308, '28197720.00'),
(183, 142, 0, 309, '45114210.00'),
(184, 143, 0, 310, '24874200.00'),
(185, 144, 0, 311, '43869500.00'),
(186, 145, 0, 312, '40284166.00'),
(187, 146, 0, 313, '28990000.00'),
(188, 147, 0, 314, '25322590.00'),
(189, 148, 0, 315, '20124000.00'),
(190, 149, 0, 316, '30273983.00'),
(191, 150, 0, 317, '21933341.06'),
(192, 151, 0, 318, '16777830.00'),
(193, 152, 0, 319, '20242750.00'),
(194, 152, 2, 13, '100000.00'),
(195, 153, 0, 320, '20161314.97'),
(196, 14, 3, 321, '100000.00'),
(197, 15, 3, 321, '100000.00'),
(198, 154, 0, 321, '21691488.75'),
(199, 155, 0, 333, '32293800.00'),
(201, 157, 0, 331, '17506916.00'),
(202, 158, 0, 329, '30133336.00'),
(203, 159, 0, 328, '21865966.00'),
(204, 160, 0, 327, '20192016.00'),
(205, 161, 0, 306, '50525515.70'),
(206, 162, 0, 305, '34264806.40'),
(207, 163, 0, 304, '64957644.50'),
(208, 164, 0, 334, '21870000.00'),
(209, 165, 0, 322, '21145949.25');

-- --------------------------------------------------------

--
-- Table structure for table `f_pmb`
--

CREATE TABLE `f_pmb` (
  `id` int(11) NOT NULL,
  `no_pmb` varchar(50) NOT NULL,
  `id_customer` int(5) NOT NULL,
  `status` int(3) NOT NULL,
  `tanggal` date NOT NULL,
  `nilai` decimal(14,2) NOT NULL,
  `keterangan` text NOT NULL,
  `created_at` datetime NOT NULL,
  `created_by` int(3) NOT NULL,
  `modified_at` datetime NOT NULL,
  `modified_by` int(3) NOT NULL
) ENGINE=InnoDB DEFAULT CHARSET=latin1;

-- --------------------------------------------------------

--
-- Table structure for table `f_pmb_detail`
--

CREATE TABLE `f_pmb_detail` (
  `id` int(11) NOT NULL,
  `id_pmb` int(11) NOT NULL,
  `jenis` tinyint(1) NOT NULL DEFAULT 0,
  `id_inv` int(11) NOT NULL,
  `inv_bayar` decimal(14,2) NOT NULL,
  `keterangan` varchar(100) DEFAULT NULL
) ENGINE=InnoDB DEFAULT CHARSET=latin1;

-- --------------------------------------------------------

--
-- Table structure for table `f_spl_deposit`
--

CREATE TABLE `f_spl_deposit` (
  `id` int(11) NOT NULL,
  `nomor` varchar(25) DEFAULT NULL,
  `jenis` tinyint(1) NOT NULL DEFAULT 0,
  `id_supplier` int(4) NOT NULL,
  `tanggal` date NOT NULL,
  `nilai` decimal(14,2) NOT NULL,
  `id_sj` int(11) NOT NULL DEFAULT 0,
  `keterangan` text DEFAULT NULL,
  `created_at` datetime DEFAULT NULL,
  `created_by` int(4) DEFAULT NULL
) ENGINE=InnoDB DEFAULT CHARSET=utf8mb4;

--
-- Dumping data for table `f_spl_deposit`
--

INSERT INTO `f_spl_deposit` (`id`, `nomor`, `jenis`, `id_supplier`, `tanggal`, `nilai`, `id_sj`, `keterangan`, `created_at`, `created_by`) VALUES
(1, 'DEPOSIT.202101.0001', 0, 43, '2021-01-01', '1000000.00', 0, '', '2021-03-01 07:45:23', 5),
(3, 'DEPOSIT.202101.0003', 0, 45, '2021-01-01', '100000000.00', 0, '', '2021-03-01 07:53:52', 5),
(4, 'DEPOSIT.202101.0004', 0, 46, '2021-01-01', '50000000.00', 0, '', '2021-03-01 07:58:48', 5),
(5, 'DEPOSIT.202101.0005', 0, 47, '2021-01-01', '3500000.00', 0, '', '2021-03-01 08:01:05', 5),
(6, 'DEPOSIT.202101.0006', 0, 48, '2021-01-01', '1000000.00', 0, '', '2021-03-01 08:03:12', 5),
(9, 'DEPOSIT.202101.0007', 0, 50, '2021-01-01', '30000000.00', 0, '', '2021-03-01 08:21:43', 5),
(10, 'DEPOSIT.202101.0008', 0, 51, '2021-01-01', '59047000.00', 0, '', '2021-03-01 08:56:34', 5),
(14, 'DEPOSIT.202101.0012', 0, 56, '2021-01-01', '17000000.00', 0, '', '2021-03-01 09:05:14', 5),
(15, 'DEPOSIT.202101.0013', 0, 57, '2021-01-01', '4500000.00', 0, '', '2021-03-01 09:06:22', 5),
(16, 'DEPOSIT.202101.0014', 0, 58, '2021-01-01', '6800000.00', 0, '', '2021-03-01 09:07:33', 5),
(17, 'DEPOSIT.202101.0015', 0, 59, '2021-01-01', '6000000.00', 0, '', '2021-03-01 09:08:21', 5),
(22, 'DEPOSIT.202101.0020', 0, 64, '2021-01-01', '5000000.00', 0, '', '2021-03-01 09:14:00', 5),
(23, 'DEPOSIT.202101.0021', 0, 65, '2021-01-01', '23500000.00', 0, '', '2021-03-01 09:15:04', 5),
(27, 'DEPOSIT.202101.0025', 0, 69, '2021-01-01', '5500000.00', 0, '', '2021-03-01 09:19:44', 5),
(28, 'DEPOSIT.202101.0026', 0, 70, '2021-01-01', '10000000.00', 0, '', '2021-03-01 09:21:01', 5),
(34, 'DEPOSIT.202101.0032', 0, 76, '2021-01-01', '15000000.00', 0, '', '2021-03-01 09:44:33', 5),
(35, 'DEPOSIT.202101.0033', 0, 19, '2021-01-01', '4000000.00', 0, '', '2021-03-01 09:45:35', 5),
(37, 'DEPOSIT.202101.0035', 0, 79, '2021-01-01', '5000000.00', 0, '', '2021-03-01 09:49:03', 5),
(39, 'DEPOSIT.202101.0037', 0, 81, '2021-01-01', '250000000.00', 0, '', '2021-03-01 09:52:09', 5),
(44, 'DEPOSIT.202101.0042', 0, 86, '2021-01-01', '4000000.00', 0, '', '2021-03-01 09:57:22', 5),
(48, 'DEPOSIT.202101.0046', 0, 90, '2021-01-01', '4500000.00', 0, '', '2021-03-01 10:02:01', 5),
(49, 'DEPOSIT.202101.0047', 0, 91, '2021-01-01', '1800000.00', 0, '', '2021-03-01 10:02:43', 5),
(52, 'DEPOSIT.202101.0050', 0, 94, '2021-01-01', '200000000.00', 0, '', '2021-03-01 10:05:39', 5),
(53, 'DEPOSIT.202101.0051', 0, 95, '2021-01-01', '1500000.00', 0, '', '2021-03-01 10:06:28', 5),
(56, 'DEPOSIT.202101.0054', 0, 98, '2021-01-01', '13000000.00', 0, '', '2021-03-01 10:08:59', 5),
(59, 'DEPOSIT.202101.0057', 0, 101, '2021-01-01', '23000000.00', 0, '', '2021-03-02 02:52:46', 5),
(61, 'DEPOSIT.202101.0059', 0, 103, '2021-01-01', '15000000.00', 0, '', '2021-03-02 03:02:14', 5),
(62, 'DEPOSIT.202101.0060', 0, 104, '2021-01-01', '20000000.00', 0, '', '2021-03-02 03:03:57', 5),
(63, 'DEPOSIT.202101.0061', 0, 38, '2021-01-01', '50000000.00', 0, '', '2021-03-02 03:04:46', 5),
(64, 'DEPOSIT.202101.0062', 0, 106, '2021-01-01', '2500000.00', 0, '', '2021-03-02 03:05:42', 5),
(67, 'DEPOSIT.202101.0065', 0, 60, '2021-01-01', '20500000.00', 0, '', '2021-03-02 03:09:29', 5),
(68, 'DEPOSIT.202101.0066', 0, 61, '2021-01-01', '839000000.00', 0, '', '2021-03-02 03:18:15', 5),
(69, 'DEPOSIT.202101.0067', 0, 62, '2021-01-01', '15000000.00', 0, '', '2021-03-02 03:22:39', 5),
(70, 'DEPOSIT.202101.0068', 0, 66, '2021-01-01', '63209461.00', 0, '', '2021-03-02 03:24:02', 5),
(71, 'DEPOSIT.202101.0069', 0, 67, '2021-01-01', '50000000.00', 0, '', '2021-03-02 03:24:39', 5),
(72, 'DEPOSIT.202101.0070', 0, 68, '2021-01-01', '10000000.00', 0, '', '2021-03-02 03:25:19', 5),
(73, 'DEPOSIT.202101.0071', 0, 71, '2021-01-01', '36000000.00', 0, '', '2021-03-02 03:27:54', 5),
(79, 'DEPOSIT.202101.0077', 0, 84, '2021-01-01', '19500000.00', 0, '', '2021-03-02 04:33:06', 5),
(80, 'DEPOSIT.202101.0078', 0, 87, '2021-01-01', '16000000.00', 0, '', '2021-03-02 04:34:38', 5),
(84, 'DEPOSIT.202101.0082', 0, 37, '2021-01-01', '464500000.00', 0, '', '2021-03-02 04:43:15', 5),
(88, 'DEPOSIT.202101.0086', 0, 100, '2021-01-01', '30000000.00', 0, '', '2021-03-02 04:47:21', 5),
(89, 'DEPOSIT.202101.0087', 0, 102, '2021-01-01', '16000000.00', 0, '', '2021-03-02 04:49:02', 5),
(90, 'DEPOSIT.202101.0088', 0, 53, '2021-01-01', '4000000.00', 0, '', '2021-03-02 04:55:58', 5),
(91, 'DEPOSIT.202101.0089', 0, 63, '2021-01-01', '10000000.00', 0, '', '2021-03-02 05:00:14', 5),
(92, 'DEPOSIT.202101.0090', 0, 72, '2021-01-01', '1500000.00', 0, '', '2021-03-02 05:17:08', 5),
(93, 'DEPOSIT.202101.0091', 0, 73, '2021-01-01', '1000000.00', 0, '', '2021-03-02 05:18:39', 5),
(94, 'DEPOSIT.202101.0092', 0, 74, '2021-01-01', '47000000.00', 0, '', '2021-03-02 05:20:02', 5),
(95, 'DEPOSIT.202101.0093', 0, 78, '2021-01-01', '17000000.00', 0, '', '2021-03-02 05:21:51', 5),
(96, 'DEPOSIT.202101.0094', 0, 80, '2021-01-01', '4000000.00', 0, '', '2021-03-02 05:23:23', 5),
(97, 'DEPOSIT.202101.0095', 0, 82, '2021-01-01', '8000000.00', 0, '', '2021-03-02 05:24:44', 5),
(98, 'DEPOSIT.202101.0096', 0, 83, '2021-01-01', '5600000.00', 0, '', '2021-03-02 05:25:45', 5),
(99, 'DEPOSIT.202101.0097', 0, 85, '2021-01-01', '45000000.00', 0, '', '2021-03-02 05:27:23', 5),
(100, 'DEPOSIT.202101.0098', 0, 108, '2021-01-01', '1000000.00', 0, '', '2021-03-02 05:28:43', 5),
(101, 'DEPOSIT.202101.0099', 0, 88, '2021-01-01', '29500000.00', 0, '', '2021-03-02 05:29:52', 5),
(102, 'DEPOSIT.202101.0100', 0, 89, '2021-01-01', '10000000.00', 0, '', '2021-03-02 05:33:41', 5),
(103, 'DEPOSIT.202101.0101', 0, 92, '2021-01-01', '4500000.00', 0, '', '2021-03-02 05:35:05', 5),
(104, 'DEPOSIT.202101.0102', 0, 96, '2021-01-01', '48000000.00', 0, '', '2021-03-02 05:36:18', 5),
(105, 'DEPOSIT.202101.0103', 0, 97, '2021-01-01', '14000000.00', 0, '', '2021-03-02 05:36:56', 5),
(106, 'DEPOSIT.202101.0104', 0, 99, '2021-01-01', '27000000.00', 0, '', '2021-03-02 05:37:41', 5),
(107, 'DEPOSIT.202101.0105', 0, 107, '2021-01-01', '24000000.00', 0, '', '2021-03-06 02:44:19', 1),
(108, NULL, 1, 37, '2021-01-05', '500000.00', 25, NULL, '2021-03-08 04:07:30', 5),
(109, 'DEPOSIT.202101.0106', 0, 39, '2021-01-01', '110000000.00', 0, '', '2021-03-08 05:03:19', 1),
(110, NULL, 1, 101, '2021-01-14', '1000000.00', 150, NULL, '2021-03-09 04:21:23', 5),
(111, NULL, 1, 83, '2021-01-18', '500000.00', 182, NULL, '2021-03-09 07:40:33', 5),
(112, NULL, 1, 37, '2021-01-19', '500000.00', 188, NULL, '2021-03-09 07:59:25', 5),
(113, NULL, 1, 83, '2021-01-27', '500000.00', 255, NULL, '2021-03-17 02:36:05', 5),
(114, NULL, 1, 80, '2021-01-30', '1000000.00', 286, NULL, '2021-03-17 03:59:13', 5),
(115, NULL, 1, 102, '2021-01-30', '3000000.00', 292, NULL, '2021-03-17 06:34:32', 5),
(119, NULL, 1, 72, '2021-01-06', '500000.00', 35, NULL, '2021-03-18 02:27:36', 5),
(120, NULL, 1, 37, '2021-01-07', '500000.00', 47, NULL, '2021-03-18 02:33:26', 5),
(139, NULL, 1, 43, '2021-04-02', '450000.00', 308, NULL, '2021-04-12 13:56:51', 1),
(140, 'DEPOSIT.202106.0001', 0, 11, '2021-06-02', '4500000.00', 0, '', '2021-06-07 11:27:10', 1);

-- --------------------------------------------------------

--
-- Table structure for table `f_spl_lebihbayar`
--

CREATE TABLE `f_spl_lebihbayar` (
  `id` int(11) NOT NULL,
  `nomor` varchar(25) DEFAULT NULL,
  `jenis` tinyint(1) NOT NULL DEFAULT 0,
  `id_supplier` int(4) NOT NULL,
  `tanggal` date NOT NULL,
  `nilai` decimal(14,2) NOT NULL,
  `id_sj` int(11) NOT NULL DEFAULT 0,
  `id_match` int(11) NOT NULL DEFAULT 0,
  `keterangan` text DEFAULT NULL,
  `created_at` datetime DEFAULT NULL,
  `created_by` int(4) DEFAULT NULL
) ENGINE=InnoDB DEFAULT CHARSET=utf8mb4;

--
-- Dumping data for table `f_spl_lebihbayar`
--

INSERT INTO `f_spl_lebihbayar` (`id`, `nomor`, `jenis`, `id_supplier`, `tanggal`, `nilai`, `id_sj`, `id_match`, `keterangan`, `created_at`, `created_by`) VALUES
(13, 'LB.202104.0009', 0, 43, '2021-04-09', '100000.00', 0, 152, NULL, '2021-04-13 09:24:03', 1),
(14, NULL, 1, 43, '2021-04-05', '100000.00', 321, 0, NULL, '2021-04-13 09:34:15', 1),
(15, NULL, 1, 43, '2021-04-05', '100000.00', 321, 0, NULL, '2021-04-13 09:34:15', 1);

-- --------------------------------------------------------

--
-- Table structure for table `f_uang_keluar`
--

CREATE TABLE `f_uang_keluar` (
  `id` int(11) NOT NULL,
  `no_uang_keluar` varchar(20) NOT NULL,
  `id_supplier` int(5) NOT NULL,
  `status` tinyint(1) NOT NULL,
  `jenis` tinyint(1) NOT NULL,
  `id_matching` int(11) NOT NULL,
  `tanggal` date NOT NULL,
  `id_bank` int(2) DEFAULT 0,
  `jenis_pembayaran` varchar(50) NOT NULL,
  `rekening_tujuan` varchar(50) DEFAULT NULL,
  `nominal` decimal(14,2) NOT NULL,
  `keterangan` text NOT NULL,
  `created_at` datetime NOT NULL,
  `created_by` int(11) NOT NULL,
  `modified_at` datetime NOT NULL,
  `modified_by` int(11) NOT NULL
) ENGINE=InnoDB DEFAULT CHARSET=utf8mb4;

--
-- Dumping data for table `f_uang_keluar`
--

INSERT INTO `f_uang_keluar` (`id`, `no_uang_keluar`, `id_supplier`, `status`, `jenis`, `id_matching`, `tanggal`, `id_bank`, `jenis_pembayaran`, `rekening_tujuan`, `nominal`, `keterangan`, `created_at`, `created_by`, `modified_at`, `modified_by`) VALUES
(1, 'UK.202101.0006', 112, 1, 1, 3, '2021-01-02', NULL, 'Transfer', '5770704695', '27513850.00', '', '2021-03-06 02:36:57', 1, '0000-00-00 00:00:00', 0),
(2, 'UK.202101.0007', 113, 1, 1, 4, '2021-01-02', 7, 'Transfer', '7510658455', '0.00', '', '2021-03-06 02:40:40', 1, '0000-00-00 00:00:00', 0),
(3, 'UK.202101.0008', 109, 1, 1, 5, '2021-01-02', NULL, 'Transfer', '2741417971', '25264122.00', '', '2021-03-08 03:24:51', 5, '0000-00-00 00:00:00', 0),
(4, 'UK.202101.0009', 111, 1, 1, 6, '2021-01-04', NULL, 'Transfer', '3430484493', '15086620.00', '', '2021-03-08 03:29:49', 5, '0000-00-00 00:00:00', 0),
(5, 'UK.202101.0010', 114, 1, 1, 7, '2021-01-04', NULL, 'Transfer', '6310303664', '33223606.00', '', '2021-03-08 03:31:09', 5, '0000-00-00 00:00:00', 0),
(6, 'UK.202101.0011', 115, 1, 1, 8, '2021-01-04', NULL, 'Transfer', '5745225826', '7543356.00', '', '2021-03-08 03:31:45', 5, '0000-00-00 00:00:00', 0),
(7, 'UK.202101.0012', 116, 1, 1, 9, '2021-01-04', NULL, 'Transfer', '2741246823', '30825639.00', '', '2021-03-08 03:33:43', 5, '0000-00-00 00:00:00', 0),
(8, 'UK.202101.0013', 110, 1, 1, 10, '2021-01-04', NULL, 'Transfer', '2312345421', '12702118.00', '', '2021-03-08 03:44:15', 5, '0000-00-00 00:00:00', 0),
(9, 'UK.202101.0014', 110, 1, 1, 11, '2021-01-04', NULL, 'Transfer', '2312345421', '12328306.00', '', '2021-03-08 03:47:56', 5, '0000-00-00 00:00:00', 0),
(10, 'UK.202101.0015', 110, 1, 1, 12, '2021-01-04', NULL, 'Transfer', '2312345421', '11938920.00', '', '2021-03-08 03:49:19', 5, '0000-00-00 00:00:00', 0),
(11, 'UK.202101.0016', 117, 1, 1, 13, '2021-01-05', NULL, 'Transfer', '7580532378', '8326000.00', '', '2021-03-08 03:50:06', 5, '0000-00-00 00:00:00', 0),
(12, 'UK.202101.0017', 118, 1, 1, 14, '2021-01-05', NULL, 'Transfer', '6310303664', '22614593.50', '', '2021-03-08 03:51:20', 5, '0000-00-00 00:00:00', 0),
(13, 'UK.202101.0018', 110, 1, 1, 16, '2021-01-05', NULL, 'Transfer', '2312345421', '22978969.00', '', '2021-03-08 07:08:01', 5, '0000-00-00 00:00:00', 0),
(14, 'UK.202101.0019', 115, 1, 1, 17, '2021-01-05', NULL, 'Transfer', '5745225826', '6754985.00', '', '2021-03-08 07:09:16', 5, '0000-00-00 00:00:00', 0),
(15, 'UK.202101.0020', 121, 1, 1, 18, '2021-01-05', NULL, 'Transfer', '1392299950', '27801520.00', '', '2021-03-08 07:12:08', 5, '0000-00-00 00:00:00', 0),
(16, 'UK.202101.0021', 121, 1, 1, 19, '2021-01-05', NULL, 'Transfer', '1392299950', '44100572.00', '', '2021-03-08 07:13:10', 5, '0000-00-00 00:00:00', 0),
(17, 'UK.202101.0022', 113, 1, 1, 20, '2021-01-05', NULL, 'Transfer', '7510658455', '11189546.00', '', '2021-03-08 07:13:47', 5, '0000-00-00 00:00:00', 0),
(18, 'UK.202101.0023', 110, 1, 1, 21, '2021-01-05', NULL, 'Transfer', '2312345421', '12300743.00', '', '2021-03-08 07:15:02', 5, '0000-00-00 00:00:00', 0),
(19, 'UK.202101.0024', 111, 1, 1, 22, '2021-01-06', NULL, 'Transfer', '3430484493', '20146128.00', '', '2021-03-08 07:16:56', 5, '0000-00-00 00:00:00', 0),
(20, 'UK.202101.0025', 123, 1, 1, 23, '2021-01-06', NULL, 'Transfer', '8365183101', '36976924.00', '', '2021-03-08 07:18:06', 5, '0000-00-00 00:00:00', 0),
(21, 'UK.202101.0026', 124, 1, 1, 24, '2021-01-06', NULL, 'Transfer', '3040660894', '30004195.50', '', '2021-03-08 07:18:54', 5, '0000-00-00 00:00:00', 0),
(22, 'UK.202101.0027', 18, 1, 1, 25, '2021-01-06', NULL, 'Transfer', '0053015619', '70148514.40', '', '2021-03-08 07:20:26', 5, '0000-00-00 00:00:00', 0),
(23, 'UK.202101.0028', 125, 1, 1, 26, '2021-01-06', NULL, 'Transfer', '1091446079', '28356042.00', '', '2021-03-08 07:21:37', 5, '0000-00-00 00:00:00', 0),
(24, 'UK.202101.0029', 116, 1, 1, 27, '2021-01-06', NULL, 'Transfer', '2741246823', '30325724.00', '', '2021-03-08 07:22:47', 5, '0000-00-00 00:00:00', 0),
(25, 'UK.202101.0030', 121, 1, 1, 28, '2021-01-07', NULL, 'Transfer', '1392299950', '41393012.50', '', '2021-03-08 07:24:11', 5, '0000-00-00 00:00:00', 0),
(26, 'UK.202101.0031', 127, 1, 1, 29, '2021-01-07', NULL, 'Transfer', '5681068369', '26484626.00', '', '2021-03-08 07:26:07', 5, '0000-00-00 00:00:00', 0),
(27, 'UK.202101.0032', 115, 1, 1, 30, '2021-01-07', NULL, 'Transfer', '5745225826', '28480502.50', '', '2021-03-08 07:27:50', 5, '0000-00-00 00:00:00', 0),
(28, 'UK.202101.0033', 115, 1, 1, 31, '2021-01-07', NULL, 'Transfer', '5745225826', '7887850.00', '', '2021-03-08 07:30:03', 5, '0000-00-00 00:00:00', 0),
(29, 'UK.202101.0034', 125, 1, 1, 32, '2021-01-07', NULL, 'Transfer', '1091446079', '32378731.00', '', '2021-03-08 07:31:27', 5, '0000-00-00 00:00:00', 0),
(30, 'UK.202101.0035', 19, 1, 1, 33, '2021-01-07', NULL, 'Transfer', '3431445890', '38487005.00', '', '2021-03-08 07:46:56', 5, '0000-00-00 00:00:00', 0),
(31, 'UK.202101.0036', 129, 1, 1, 34, '2021-01-07', NULL, 'Transfer', '2480133415', '21264035.00', '', '2021-03-08 07:48:04', 5, '0000-00-00 00:00:00', 0),
(32, 'UK.202101.0037', 110, 1, 1, 35, '2021-01-07', NULL, 'Transfer', '2312345421', '21181722.00', '', '2021-03-08 07:49:21', 5, '0000-00-00 00:00:00', 0),
(33, 'UK.202101.0038', 115, 1, 1, 36, '2021-01-08', NULL, 'Transfer', '5745225826', '7887459.00', '', '2021-03-08 07:50:35', 5, '0000-00-00 00:00:00', 0),
(34, 'UK.202101.0039', 122, 1, 1, 37, '2021-01-08', NULL, 'Transfer', '2311441649', '23923484.00', '', '2021-03-08 07:51:20', 5, '0000-00-00 00:00:00', 0),
(35, 'UK.202101.0040', 36, 1, 1, 38, '2021-01-08', NULL, 'Transfer', '7401293748', '42838536.00', '', '2021-03-08 07:52:24', 5, '0000-00-00 00:00:00', 0),
(36, 'UK.202101.0041', 116, 1, 1, 39, '2021-01-08', NULL, 'Transfer', '2741246823', '31422651.00', '', '2021-03-08 07:53:46', 5, '0000-00-00 00:00:00', 0),
(37, 'UK.202101.0042', 115, 1, 1, 40, '2021-01-09', NULL, 'Transfer', '5745225826', '4987435.00', '', '2021-03-08 07:58:57', 5, '0000-00-00 00:00:00', 0),
(38, 'UK.202101.0043', 96, 1, 1, 41, '2021-01-09', NULL, 'Transfer', '6040627951', '12980097.00', '', '2021-03-08 08:00:04', 5, '0000-00-00 00:00:00', 0),
(39, 'UK.202101.0044', 121, 1, 1, 42, '2021-01-09', NULL, 'Transfer', '1392299950', '45497928.50', '', '2021-03-08 08:08:14', 5, '0000-00-00 00:00:00', 0),
(40, 'UK.202101.0045', 111, 1, 1, 43, '2021-01-09', NULL, 'Transfer', '3430484493', '11665347.00', '', '2021-03-08 08:09:04', 5, '0000-00-00 00:00:00', 0),
(41, 'UK.202101.0046', 123, 1, 1, 44, '2021-01-09', NULL, 'Transfer', '8365183101', '37863993.50', '', '2021-03-08 08:11:52', 5, '0000-00-00 00:00:00', 0),
(42, 'UK.202101.0047', 121, 1, 1, 45, '2021-01-09', NULL, 'Transfer', '1392299950', '30904588.00', '', '2021-03-08 08:13:09', 5, '0000-00-00 00:00:00', 0),
(45, 'UK.202101.0048', 109, 1, 1, 48, '2021-01-09', NULL, 'Transfer', '2741417971', '19810270.00', '', '2021-03-08 08:17:48', 5, '0000-00-00 00:00:00', 0),
(46, 'UK.202101.0049', 116, 1, 1, 49, '2021-01-09', NULL, 'Transfer', '2741246823', '31767023.50', '', '2021-03-08 08:19:28', 5, '0000-00-00 00:00:00', 0),
(47, 'UK.202101.0050', 110, 1, 1, 50, '2021-01-09', NULL, 'Transfer', '2312345421', '23314479.00', '', '2021-03-08 08:20:30', 5, '0000-00-00 00:00:00', 0),
(48, 'UK.202101.0051', 118, 1, 1, 51, '2021-01-11', NULL, 'Transfer', '6310303664', '31828017.00', '', '2021-03-08 08:22:07', 5, '0000-00-00 00:00:00', 0),
(49, 'UK.202101.0052', 125, 1, 1, 52, '2021-01-11', NULL, 'Transfer', '1091446079', '32387757.00', '', '2021-03-08 08:28:49', 5, '0000-00-00 00:00:00', 0),
(50, 'UK.202101.0053', 143, 1, 1, 53, '2021-01-11', NULL, 'Transfer', '7401293748', '68072346.00', '', '2021-03-08 08:29:28', 5, '0000-00-00 00:00:00', 0),
(51, 'UK.202101.0054', 40, 1, 1, 54, '2021-01-11', NULL, 'Transfer', '0840433099', '49263734.40', '', '2021-03-08 08:34:37', 5, '0000-00-00 00:00:00', 0),
(52, 'UK.202101.0055', 40, 1, 1, 55, '2021-01-13', NULL, 'Transfer', '0840433099', '46157578.80', '', '2021-03-08 08:35:18', 5, '0000-00-00 00:00:00', 0),
(53, 'UK.202101.0056', 143, 1, 1, 56, '2021-01-11', NULL, 'Transfer', '7401293748', '38342603.00', '', '2021-03-08 08:47:25', 5, '0000-00-00 00:00:00', 0),
(54, 'UK.202101.0057', 116, 1, 1, 57, '2021-01-11', NULL, 'Transfer', '2741246823', '42863130.50', '', '2021-03-08 08:49:14', 5, '0000-00-00 00:00:00', 0),
(55, 'UK.202101.0058', 118, 1, 1, 58, '2021-01-12', NULL, 'Transfer', '6310303664', '36121668.00', '', '2021-03-08 08:49:51', 5, '0000-00-00 00:00:00', 0),
(56, 'UK.202101.0059', 121, 1, 1, 59, '2021-01-12', NULL, 'Transfer', '1392299950', '46003946.50', '', '2021-03-08 08:50:37', 5, '0000-00-00 00:00:00', 0),
(57, 'UK.202101.0060', 115, 1, 1, 60, '2021-01-12', NULL, 'Transfer', '5745225826', '7862573.00', '', '2021-03-08 08:51:14', 5, '0000-00-00 00:00:00', 0),
(58, 'UK.202101.0061', 125, 1, 1, 61, '2021-01-12', NULL, 'Transfer', '1091446079', '33383005.00', '', '2021-03-08 08:51:42', 5, '0000-00-00 00:00:00', 0),
(59, 'UK.202101.0062', 40, 1, 1, 62, '2021-01-12', NULL, 'Transfer', '0840433099', '44471483.80', '', '2021-03-08 08:53:09', 5, '0000-00-00 00:00:00', 0),
(60, 'UK.202101.0063', 145, 1, 1, 63, '2021-01-12', NULL, 'Transfer', '6220143781', '26968006.00', '', '2021-03-08 08:54:32', 5, '0000-00-00 00:00:00', 0),
(61, 'UK.202101.0064', 143, 1, 1, 64, '2021-01-12', NULL, 'Transfer', '7401293748', '64985446.50', '', '2021-03-08 08:56:38', 5, '0000-00-00 00:00:00', 0),
(62, 'UK.202101.0065', 115, 1, 1, 65, '2021-01-12', NULL, 'Transfer', '5745225826', '13397672.00', '', '2021-03-08 08:58:23', 5, '0000-00-00 00:00:00', 0),
(63, 'UK.202101.0066', 116, 1, 1, 66, '2021-01-13', NULL, 'Transfer', '2741246823', '36802155.00', '', '2021-03-08 08:58:50', 5, '0000-00-00 00:00:00', 0),
(64, 'UK.202101.0067', 19, 1, 1, 67, '2021-01-13', NULL, 'Transfer', '3431445890', '22071244.00', '', '2021-03-08 08:59:50', 5, '0000-00-00 00:00:00', 0),
(65, 'UK.202101.0068', 146, 1, 1, 68, '2021-01-13', NULL, 'Transfer', '0213047266', '37093535.00', '', '2021-03-08 09:02:14', 5, '0000-00-00 00:00:00', 0),
(66, 'UK.202101.0069', 110, 1, 1, 69, '2021-01-13', NULL, 'Transfer', '2312345421', '12891592.00', '', '2021-03-08 09:05:23', 5, '0000-00-00 00:00:00', 0),
(67, 'UK.202101.0070', 109, 1, 1, 70, '2021-01-13', NULL, 'Transfer', '2741417971', '23440586.00', '', '2021-03-08 09:06:31', 5, '0000-00-00 00:00:00', 0),
(68, 'UK.202101.0071', 119, 1, 1, 71, '2021-01-05', NULL, 'Cash', '', '48115068.60', '', '2021-03-09 06:23:25', 5, '0000-00-00 00:00:00', 0),
(69, 'UK.202101.0072', 126, 1, 1, 72, '2021-01-06', NULL, 'Cash', '', '10651212.00', '', '2021-03-09 06:24:24', 5, '0000-00-00 00:00:00', 0),
(70, 'UK.202101.0073', 128, 1, 1, 73, '2021-01-07', NULL, 'Cash', '', '10899392.40', '', '2021-03-09 06:25:06', 5, '0000-00-00 00:00:00', 0),
(71, 'UK.202101.0074', 128, 1, 1, 74, '2021-01-08', NULL, 'Cash', '', '13292440.20', '', '2021-03-09 06:26:33', 5, '0000-00-00 00:00:00', 0),
(72, 'UK.202101.0075', 83, 1, 1, 75, '2021-01-09', NULL, 'Cash', '', '7707898.00', '', '2021-03-09 06:27:26', 5, '0000-00-00 00:00:00', 0),
(73, 'UK.202101.0076', 130, 1, 1, 76, '2021-01-09', NULL, 'Cash', '', '75505421.90', '', '2021-03-09 06:27:52', 5, '0000-00-00 00:00:00', 0),
(74, 'UK.202101.0077', 131, 1, 1, 77, '2021-01-09', NULL, 'Cash', '', '81509651.70', '', '2021-03-09 06:28:07', 5, '0000-00-00 00:00:00', 0),
(75, 'UK.202101.0078', 132, 1, 1, 78, '2021-01-09', NULL, 'Cash', '', '61718177.40', '', '2021-03-09 06:28:34', 5, '0000-00-00 00:00:00', 0),
(76, 'UK.202101.0079', 134, 1, 1, 79, '2021-01-09', NULL, 'Cash', '', '48885637.60', '', '2021-03-09 06:32:33', 5, '0000-00-00 00:00:00', 0),
(77, 'UK.202101.0080', 136, 1, 1, 80, '2021-01-09', NULL, 'Cash', '', '86493572.50', '', '2021-03-09 06:33:22', 5, '0000-00-00 00:00:00', 0),
(79, 'UK.202101.0082', 119, 1, 1, 82, '2021-01-09', NULL, 'Cash', '', '49905306.70', '', '2021-03-09 06:35:01', 5, '0000-00-00 00:00:00', 0),
(80, 'UK.202101.0083', 139, 1, 1, 83, '2021-01-11', NULL, 'Cash', '', '77032077.10', '', '2021-03-09 06:35:39', 5, '0000-00-00 00:00:00', 0),
(81, 'UK.202101.0084', 140, 1, 1, 84, '2021-01-11', NULL, 'Cash', '', '75053217.50', '', '2021-03-09 06:36:16', 5, '0000-00-00 00:00:00', 0),
(82, 'UK.202101.0085', 141, 1, 1, 85, '2021-01-11', NULL, 'Cash', '', '75759245.60', '', '2021-03-09 06:36:54', 5, '0000-00-00 00:00:00', 0),
(83, 'UK.202101.0086', 134, 1, 1, 86, '2021-01-11', NULL, 'Cash', '', '50276182.30', '', '2021-03-09 06:37:05', 5, '0000-00-00 00:00:00', 0),
(84, 'UK.202101.0087', 136, 1, 1, 87, '2021-01-11', NULL, 'Cash', '', '81549229.80', '', '2021-03-09 06:37:21', 5, '0000-00-00 00:00:00', 0),
(85, 'UK.202101.0088', 119, 1, 1, 88, '2021-01-11', NULL, 'Cash', '', '52551672.00', '', '2021-03-09 06:37:34', 5, '0000-00-00 00:00:00', 0),
(86, 'UK.202101.0089', 142, 1, 1, 89, '2021-01-11', NULL, 'Cash', '', '64992871.40', '', '2021-03-09 06:38:34', 5, '0000-00-00 00:00:00', 0),
(87, 'UK.202101.0090', 132, 1, 1, 90, '2021-01-12', NULL, 'Cash', '', '61997438.30', '', '2021-03-09 06:39:24', 5, '0000-00-00 00:00:00', 0),
(88, 'UK.202101.0091', 139, 1, 1, 91, '2021-01-12', NULL, 'Cash', '', '76474486.30', '', '2021-03-09 06:40:00', 5, '0000-00-00 00:00:00', 0),
(89, 'UK.202101.0092', 141, 1, 1, 92, '2021-01-12', NULL, 'Cash', '', '74163961.50', '', '2021-03-09 06:40:35', 5, '0000-00-00 00:00:00', 0),
(90, 'UK.202101.0093', 140, 1, 1, 93, '2021-01-12', NULL, 'Cash', '', '75660826.50', '', '2021-03-09 06:40:49', 5, '0000-00-00 00:00:00', 0),
(91, 'UK.202101.0094', 144, 1, 1, 94, '2021-01-12', NULL, 'Cash', '', '70384512.50', '', '2021-03-09 06:42:08', 5, '0000-00-00 00:00:00', 0),
(92, 'UK.202101.0095', 126, 1, 1, 95, '2021-01-12', NULL, 'Cash', '', '9938471.40', '', '2021-03-09 06:42:46', 5, '0000-00-00 00:00:00', 0),
(93, 'UK.202101.0096', 142, 1, 1, 96, '2021-01-13', NULL, 'Cash', '', '69921332.40', '', '2021-03-09 06:43:40', 5, '0000-00-00 00:00:00', 0),
(94, 'UK.202101.0097', 128, 1, 1, 97, '2021-01-14', NULL, 'Cash', '', '11128455.00', '', '2021-03-09 06:44:37', 5, '0000-00-00 00:00:00', 0),
(95, 'UK.202101.0098', 138, 1, 1, 98, '2021-01-09', NULL, 'Cash', '', '63707839.20', '', '2021-03-16 06:25:02', 5, '0000-00-00 00:00:00', 0),
(96, 'UK.202101.0099', 40, 1, 1, 99, '2021-01-02', NULL, 'Cash', '', '40881092.00', '', '2021-03-17 06:55:28', 5, '0000-00-00 00:00:00', 0),
(97, 'UK.202101.0100', 40, 1, 1, 100, '2021-01-04', NULL, 'Cash', '', '40010560.80', '', '2021-03-17 06:57:17', 5, '0000-00-00 00:00:00', 0),
(98, 'UK.202101.0101', 37, 1, 1, 101, '2021-01-05', NULL, 'Transfer', '6240112742', '18838090.00', '', '2021-03-18 02:17:27', 5, '0000-00-00 00:00:00', 0),
(99, 'UK.202101.0102', 120, 1, 1, 102, '2021-01-05', NULL, 'Cash', '', '69661462.00', '', '2021-03-18 02:23:41', 5, '0000-00-00 00:00:00', 0),
(100, 'UK.202101.0103', 72, 1, 1, 103, '2021-01-06', NULL, 'Transfer', '2311441649', '29613808.00', '', '2021-03-18 02:28:14', 5, '0000-00-00 00:00:00', 0),
(101, 'UK.202101.0104', 40, 1, 1, 104, '2021-01-06', NULL, 'Cash', '', '44185397.40', '', '2021-03-18 02:28:30', 5, '0000-00-00 00:00:00', 0),
(102, 'UK.202101.0105', 120, 1, 1, 105, '2021-01-06', NULL, 'Cash', '', '73552206.00', '', '2021-03-18 02:29:48', 5, '0000-00-00 00:00:00', 0),
(103, 'UK.202101.0106', 37, 1, 1, 106, '2021-01-07', NULL, 'Transfer', '6240112742', '20191892.00', '', '2021-03-18 02:33:59', 5, '0000-00-00 00:00:00', 0),
(104, 'UK.202101.0107', 40, 1, 1, 107, '2021-01-07', NULL, 'Cash', '', '40585167.60', '', '2021-03-18 02:34:13', 5, '0000-00-00 00:00:00', 0),
(105, 'UK.202101.0108', 120, 1, 1, 108, '2021-01-07', NULL, 'Cash', '', '21379371.00', '', '2021-03-18 02:36:31', 5, '0000-00-00 00:00:00', 0),
(106, 'UK.202101.0109', 120, 1, 1, 109, '2021-01-07', NULL, 'Cash', '', '56155774.00', '', '2021-03-18 02:36:57', 5, '0000-00-00 00:00:00', 0),
(107, 'UK.202101.0110', 120, 1, 1, 110, '2021-01-08', NULL, 'Cash', '', '6924978.00', '', '2021-03-18 02:37:24', 5, '0000-00-00 00:00:00', 0),
(108, 'UK.202101.0111', 120, 1, 1, 111, '2021-01-08', NULL, 'Cash', '', '17612044.00', '', '2021-03-18 02:37:57', 5, '0000-00-00 00:00:00', 0),
(110, 'UK.202101.0113', 40, 1, 1, 113, '2021-01-09', NULL, 'Cash', '', '45381905.00', '', '2021-03-18 02:52:04', 5, '0000-00-00 00:00:00', 0),
(135, 'UK.202104.0020', 43, 1, 1, 140, '2021-04-06', 0, 'Cash', '', '40136800.00', '', '2021-04-12 11:09:37', 1, '0000-00-00 00:00:00', 0),
(136, 'UK.202104.0021', 43, 1, 1, 141, '2021-04-07', 7, 'Transfer', 'BCA', '28197720.00', '', '2021-04-12 13:56:51', 1, '0000-00-00 00:00:00', 0),
(137, 'UK.202104.0022', 43, 1, 1, 142, '2021-04-07', 0, 'Cash', '', '45114210.00', '', '2021-04-12 13:58:56', 1, '0000-00-00 00:00:00', 0),
(138, 'UK.202104.0023', 43, 1, 1, 143, '2021-04-08', 0, 'Cash', '', '24874200.00', '', '2021-04-12 13:59:55', 1, '0000-00-00 00:00:00', 0),
(139, 'UK.202104.0024', 43, 1, 1, 144, '2021-04-08', 0, 'Cash', '', '43869500.00', '', '2021-04-12 14:01:10', 1, '0000-00-00 00:00:00', 0),
(140, 'UK.202104.0025', 43, 1, 1, 145, '2021-04-05', 0, 'Cash', '', '40284166.00', '', '2021-04-12 14:02:36', 1, '0000-00-00 00:00:00', 0),
(141, 'UK.202104.0026', 11, 1, 1, 146, '2021-04-04', 0, 'Cash', '', '28990000.00', '', '2021-04-12 14:03:41', 1, '0000-00-00 00:00:00', 0),
(142, 'UK.202104.0027', 43, 1, 1, 147, '2021-04-02', 0, 'Cash', '', '25322590.00', '', '2021-04-13 09:16:25', 1, '0000-00-00 00:00:00', 0),
(143, 'UK.202104.0028', 43, 1, 1, 148, '2021-04-02', 0, 'Cash', '', '20124000.00', '', '2021-04-13 09:17:07', 1, '0000-00-00 00:00:00', 0),
(144, 'UK.202104.0029', 43, 1, 1, 149, '2021-04-03', 0, 'Cash', '', '30273983.00', '', '2021-04-13 09:17:52', 1, '0000-00-00 00:00:00', 0),
(145, 'UK.202104.0030', 43, 1, 1, 150, '2021-04-04', 0, 'Cash', '', '21933341.06', '', '2021-04-13 09:18:59', 1, '0000-00-00 00:00:00', 0),
(146, 'UK.202104.0031', 43, 1, 1, 151, '2021-04-03', 0, 'Cash', '', '16777830.00', '', '2021-04-13 09:19:46', 1, '0000-00-00 00:00:00', 0),
(147, 'UK.202104.0032', 43, 1, 1, 152, '2021-04-09', NULL, 'Cash', '', '20242750.00', '', '2021-04-13 09:24:03', 1, '0000-00-00 00:00:00', 0),
(148, 'UK.202104.0033', 43, 1, 1, 153, '2021-04-09', NULL, 'Cash', '', '20161314.97', '', '2021-04-13 09:24:08', 1, '0000-00-00 00:00:00', 0),
(149, 'UK.202104.0034', 43, 1, 1, 154, '2021-04-05', 0, 'Cash', '', '21691488.75', '', '2021-04-13 09:34:15', 1, '0000-00-00 00:00:00', 0),
(150, 'UK.202104.0035', 43, 1, 1, 155, '2021-04-03', 0, 'Cash', '', '32293800.00', '', '2021-04-14 05:33:12', 1, '0000-00-00 00:00:00', 0),
(152, 'UK.202104.0037', 43, 1, 1, 157, '2021-04-05', 0, 'Cash', '', '17506916.00', '', '2021-04-27 06:09:10', 1, '0000-00-00 00:00:00', 0),
(153, 'UK.202104.0038', 43, 1, 1, 158, '2021-04-05', 0, 'Cash', '', '30133336.00', '', '2021-04-27 06:09:20', 1, '0000-00-00 00:00:00', 0),
(154, 'UK.202104.0039', 43, 1, 1, 159, '2021-04-04', 0, 'Cash', '', '21865966.00', '', '2021-04-27 06:09:39', 1, '0000-00-00 00:00:00', 0),
(155, 'UK.202104.0040', 43, 1, 1, 160, '2021-04-04', 0, 'Cash', '', '20192016.00', '', '2021-04-27 06:09:46', 1, '0000-00-00 00:00:00', 0),
(156, 'UK.202104.0041', 43, 1, 1, 161, '2021-04-01', 0, 'Cash', '', '50525515.70', '', '2021-04-27 06:09:53', 1, '0000-00-00 00:00:00', 0),
(157, 'UK.202104.0042', 43, 1, 1, 162, '2021-04-02', 0, 'Cash', '', '34264806.40', '', '2021-04-27 06:09:59', 1, '0000-00-00 00:00:00', 0),
(158, 'UK.202104.0043', 43, 1, 1, 163, '2021-04-01', 0, 'Cash', '', '64957644.50', '', '2021-04-27 06:10:07', 1, '0000-00-00 00:00:00', 0),
(159, 'UK.202104.0044', 43, 1, 1, 164, '2021-04-05', 0, 'Cash', '', '21870000.00', '', '2021-04-27 06:10:16', 1, '0000-00-00 00:00:00', 0),
(160, 'UK.202106.0001', 43, 1, 1, 165, '2021-06-07', NULL, 'Cash', '', '21145949.25', '', '2021-06-07 09:31:36', 1, '0000-00-00 00:00:00', 0);

-- --------------------------------------------------------

--
-- Table structure for table `f_uang_masuk`
--

CREATE TABLE `f_uang_masuk` (
  `id` int(11) NOT NULL,
  `no_uang_masuk` varchar(20) NOT NULL,
  `id_customer` int(5) NOT NULL,
  `status` int(2) NOT NULL,
  `flag_matching` int(2) NOT NULL,
  `tanggal` date NOT NULL,
  `id_bank` int(2) NOT NULL,
  `jenis_pembayaran` varchar(50) NOT NULL,
  `rekening_pengirim` varchar(50) DEFAULT NULL,
  `currency` varchar(5) NOT NULL,
  `nominal` decimal(14,2) NOT NULL,
  `keterangan` text NOT NULL,
  `created_at` datetime DEFAULT NULL,
  `created_by` int(11) DEFAULT NULL,
  `modified_at` datetime DEFAULT NULL,
  `modified_by` int(11) DEFAULT NULL
) ENGINE=InnoDB DEFAULT CHARSET=utf8mb4;

-- --------------------------------------------------------

--
-- Stand-in structure for view `list_denda_view`
-- (See below for the actual view)
--
CREATE TABLE `list_denda_view` (
`id` int(11)
,`no_surat_jalan` varchar(100)
,`tanggal` date
,`id_customer` int(11)
,`no_kendaraan` varchar(15)
,`jenis_kendaraan` varchar(50)
,`denda` decimal(14,2)
,`denda_1` decimal(14,2)
,`denda_2` decimal(14,2)
,`bruto` decimal(14,2)
,`netto` decimal(14,2)
,`nama_barang` varchar(200)
,`harga` decimal(14,2)
,`nomor` varchar(8)
,`jenis_denda` int(1)
);

-- --------------------------------------------------------

--
-- Table structure for table `logs`
--

CREATE TABLE `logs` (
  `id` int(11) NOT NULL,
  `jenis` varchar(50) NOT NULL,
  `tabel` varchar(100) NOT NULL,
  `reff` int(11) NOT NULL,
  `json` text NOT NULL,
  `created_at` datetime NOT NULL,
  `created_by` int(11) NOT NULL
) ENGINE=InnoDB DEFAULT CHARSET=utf8mb4;

--
-- Dumping data for table `logs`
--

INSERT INTO `logs` (`id`, `jenis`, `tabel`, `reff`, `json`, `created_at`, `created_by`) VALUES
(1, 'add', 't_sj_detail', 1, '{\"id_sj\":\"4\",\"id_jb\":\"31\",\"bruto\":\"7100\",\"potongan\":\"21.5\",\"netto\":\"7078.5\",\"id_harga\":\"105\",\"harga\":3900,\"bonus\":0,\"total\":\"27606150\"}', '2021-03-03 07:37:47', 5),
(2, 'add', 't_sj_detail', 2, '{\"id_sj\":\"5\",\"id_jb\":\"28\",\"bruto\":\"12460\",\"potongan\":\"244.8\",\"netto\":\"12215.2\",\"id_harga\":\"100\",\"harga\":3360,\"bonus\":\"10\",\"total\":\"41043072\"}', '2021-03-04 04:23:32', 5),
(3, 'delete', 't_sj_detail', 2, '[{\"id\":\"2\",\"id_sj\":\"5\",\"id_jb\":\"28\",\"bruto\":\"12460.00\",\"potongan\":\"244.80\",\"netto\":\"12215.20\",\"id_harga\":\"100\",\"harga\":\"3360.00\",\"bonus\":\"10.00\",\"total\":\"41043072.00\"}]', '2021-03-04 04:23:51', 5),
(4, 'add', 't_sj_detail', 3, '{\"id_sj\":\"5\",\"id_jb\":\"28\",\"bruto\":\"12460\",\"potongan\":\"244.8\",\"netto\":\"12215.2\",\"id_harga\":\"100\",\"harga\":3350,\"bonus\":0,\"total\":\"40920920\"}', '2021-03-04 04:26:13', 5),
(5, 'delete', 't_sj_detail', 3, '[{\"id\":\"3\",\"id_sj\":\"5\",\"id_jb\":\"28\",\"bruto\":\"12460.00\",\"potongan\":\"244.80\",\"netto\":\"12215.20\",\"id_harga\":\"100\",\"harga\":\"3350.00\",\"bonus\":\"0.00\",\"total\":\"40920920.00\"}]', '2021-03-04 04:27:00', 5),
(6, 'add', 't_sj_detail', 4, '{\"id_sj\":\"5\",\"id_jb\":\"28\",\"bruto\":\"12460\",\"potongan\":\"244.8\",\"netto\":\"12215.2\",\"id_harga\":\"100\",\"harga\":3360,\"bonus\":\"10\",\"total\":\"41043072\"}', '2021-03-04 04:27:13', 5),
(7, 'add', 't_sj_detail', 5, '{\"id_sj\":\"6\",\"id_jb\":\"28\",\"bruto\":\"9060\",\"potongan\":\"1052.03\",\"netto\":\"8007.97\",\"id_harga\":\"100\",\"harga\":3350,\"bonus\":0,\"total\":\"26826699.5\"}', '2021-03-04 04:28:53', 5),
(8, 'add', 't_sj_detail', 6, '{\"id_sj\":\"7\",\"id_jb\":\"28\",\"bruto\":\"8840\",\"potongan\":\"903.76\",\"netto\":\"7936.24\",\"id_harga\":\"100\",\"harga\":3350,\"bonus\":0,\"total\":\"26586404\"}', '2021-03-04 04:31:19', 5),
(9, 'add', 't_sj_detail', 7, '{\"id_sj\":\"8\",\"id_jb\":\"31\",\"bruto\":\"6540\",\"potongan\":\"40.22\",\"netto\":\"6499.78\",\"id_harga\":\"105\",\"harga\":3900,\"bonus\":0,\"total\":\"25349142\"}', '2021-03-04 04:34:48', 5),
(10, 'add', 't_sj_detail', 8, '{\"id_sj\":\"9\",\"id_jb\":\"28\",\"bruto\":\"12180\",\"potongan\":\"224.97\",\"netto\":\"11955.03\",\"id_harga\":\"100\",\"harga\":3360,\"bonus\":\"10\",\"total\":\"40168900.8\"}', '2021-03-04 04:38:04', 5),
(11, 'add', 't_sj_detail', 9, '{\"id_sj\":\"10\",\"id_jb\":\"27\",\"bruto\":\"3800\",\"potongan\":\"52.31\",\"netto\":\"3747.69\",\"id_harga\":\"103\",\"harga\":3300,\"bonus\":0,\"total\":\"12367377\"}', '2021-03-04 04:40:12', 5),
(12, 'add', 't_sj_detail', 10, '{\"id_sj\":\"10\",\"id_jb\":\"27\",\"bruto\":\"3800\",\"potongan\":\"52.31\",\"netto\":\"3747.69\",\"id_harga\":\"103\",\"harga\":3300,\"bonus\":0,\"total\":\"12367377\"}', '2021-03-04 04:40:12', 5),
(13, 'add', 't_sj_detail', 11, '{\"id_sj\":\"10\",\"id_jb\":\"27\",\"bruto\":\"3800\",\"potongan\":\"52.31\",\"netto\":\"3747.69\",\"id_harga\":\"103\",\"harga\":3300,\"bonus\":0,\"total\":\"12367377\"}', '2021-03-04 04:40:13', 5),
(14, 'delete', 't_sj_detail', 10, '[{\"id\":\"10\",\"id_sj\":\"10\",\"id_jb\":\"27\",\"bruto\":\"3800.00\",\"potongan\":\"52.31\",\"netto\":\"3747.69\",\"id_harga\":\"103\",\"harga\":\"3300.00\",\"bonus\":\"0.00\",\"total\":\"12367377.00\"}]', '2021-03-04 04:40:16', 5),
(15, 'delete', 't_sj_detail', 9, '[{\"id\":\"9\",\"id_sj\":\"10\",\"id_jb\":\"27\",\"bruto\":\"3800.00\",\"potongan\":\"52.31\",\"netto\":\"3747.69\",\"id_harga\":\"103\",\"harga\":\"3300.00\",\"bonus\":\"0.00\",\"total\":\"12367377.00\"}]', '2021-03-04 04:40:18', 5),
(16, 'add', 't_sj_detail', 12, '{\"id_sj\":\"11\",\"id_jb\":\"27\",\"bruto\":\"3800\",\"potongan\":\"49.18\",\"netto\":\"3750.82\",\"id_harga\":\"103\",\"harga\":3300,\"bonus\":0,\"total\":\"12377706\"}', '2021-03-04 04:42:09', 5),
(17, 'delete', 't_sj_detail', 12, '[{\"id\":\"12\",\"id_sj\":\"11\",\"id_jb\":\"27\",\"bruto\":\"3800.00\",\"potongan\":\"49.18\",\"netto\":\"3750.82\",\"id_harga\":\"103\",\"harga\":\"3300.00\",\"bonus\":\"0.00\",\"total\":\"12377706.00\"}]', '2021-03-04 04:43:22', 5),
(18, 'add', 't_sj_detail', 13, '{\"id_sj\":\"11\",\"id_jb\":\"27\",\"bruto\":\"3800\",\"potongan\":\"49.18\",\"netto\":\"3750.82\",\"id_harga\":\"103\",\"harga\":3300,\"bonus\":0,\"total\":\"12377706\"}', '2021-03-04 04:43:38', 5),
(19, 'add', 't_sj_detail', 14, '{\"id_sj\":\"12\",\"id_jb\":\"39\",\"bruto\":\"7520\",\"potongan\":\"960.6\",\"netto\":\"6559.4\",\"id_harga\":\"104\",\"harga\":2300,\"bonus\":0,\"total\":\"15086620\"}', '2021-03-04 04:45:35', 5),
(20, 'delete', 't_sj_detail', 14, '[{\"id\":\"14\",\"id_sj\":\"12\",\"id_jb\":\"39\",\"bruto\":\"7520.00\",\"potongan\":\"960.60\",\"netto\":\"6559.40\",\"id_harga\":\"104\",\"harga\":\"2300.00\",\"bonus\":\"0.00\",\"total\":\"15086620.00\"}]', '2021-03-04 04:46:08', 5),
(21, 'add', 't_sj_detail', 15, '{\"id_sj\":\"12\",\"id_jb\":\"39\",\"bruto\":\"7520\",\"potongan\":\"960.6\",\"netto\":\"6559.4\",\"id_harga\":\"104\",\"harga\":2300,\"bonus\":0,\"total\":\"15086620\"}', '2021-03-04 04:47:24', 5),
(22, 'delete', 't_sj_detail', 1, '[{\"id\":\"1\",\"id_sj\":\"4\",\"id_jb\":\"31\",\"bruto\":\"7100.00\",\"potongan\":\"21.50\",\"netto\":\"7078.50\",\"id_harga\":\"105\",\"harga\":\"3900.00\",\"bonus\":\"0.00\",\"total\":\"27606150.00\"}]', '2021-03-04 04:54:29', 5),
(23, 'add', 't_sj_detail', 16, '{\"id_sj\":\"13\",\"id_jb\":\"28\",\"bruto\":\"9060\",\"potongan\":\"1052.03\",\"netto\":\"8007.97\",\"id_harga\":\"100\",\"harga\":3350,\"bonus\":0,\"total\":\"26826699.5\"}', '2021-03-04 04:56:12', 5),
(24, 'delete', 't_sj_detail', 16, '[{\"id\":\"16\",\"id_sj\":\"13\",\"id_jb\":\"28\",\"bruto\":\"9060.00\",\"potongan\":\"1052.03\",\"netto\":\"8007.97\",\"id_harga\":\"100\",\"harga\":\"3350.00\",\"bonus\":\"0.00\",\"total\":\"26826699.50\"}]', '2021-03-04 04:57:13', 5),
(25, 'add', 't_sj_detail', 17, '{\"id_sj\":\"13\",\"id_jb\":\"28\",\"bruto\":\"7100\",\"potongan\":\"21.5\",\"netto\":\"7078.5\",\"id_harga\":\"100\",\"harga\":3350,\"bonus\":0,\"total\":\"23712975\"}', '2021-03-04 04:57:29', 5),
(26, 'add', 't_sj_detail', 18, '{\"id_sj\":\"14\",\"id_jb\":\"31\",\"bruto\":\"7100\",\"potongan\":\"21.5\",\"netto\":\"7078.5\",\"id_harga\":\"105\",\"harga\":3900,\"bonus\":0,\"total\":\"27606150\"}', '2021-03-04 04:59:07', 5),
(27, 'add', 't_sj_detail', 19, '{\"id_sj\":\"15\",\"id_jb\":\"28\",\"bruto\":\"9060\",\"potongan\":\"1052.03\",\"netto\":\"8007.97\",\"id_harga\":\"100\",\"harga\":3350,\"bonus\":0,\"total\":\"26826699.5\"}', '2021-03-04 05:01:56', 5),
(28, 'add', 't_sj_detail', 20, '{\"id_sj\":\"16\",\"id_jb\":\"28\",\"bruto\":\"8840\",\"potongan\":\"903.76\",\"netto\":\"7936.24\",\"id_harga\":\"100\",\"harga\":3350,\"bonus\":0,\"total\":\"26586404\"}', '2021-03-04 05:05:06', 5),
(29, 'add', 't_sj_detail', 21, '{\"id_sj\":\"17\",\"id_jb\":\"31\",\"bruto\":\"8720\",\"potongan\":\"172.06\",\"netto\":\"8547.94\",\"id_harga\":\"105\",\"harga\":3900,\"bonus\":0,\"total\":\"33336966\"}', '2021-03-04 06:26:32', 5),
(30, 'add', 't_sj_detail', 22, '{\"id_sj\":\"18\",\"id_jb\":\"39\",\"bruto\":\"3300\",\"potongan\":\"20.28\",\"netto\":\"3279.72\",\"id_harga\":\"104\",\"harga\":2300,\"bonus\":0,\"total\":\"7543356\"}', '2021-03-04 06:28:43', 5),
(31, 'add', 't_sj_detail', 23, '{\"id_sj\":\"19\",\"id_jb\":\"31\",\"bruto\":\"8160\",\"potongan\":\"228.79\",\"netto\":\"7931.21\",\"id_harga\":\"105\",\"harga\":3900,\"bonus\":0,\"total\":\"30931719\"}', '2021-03-04 06:30:36', 5),
(32, 'add', 't_sj_detail', 24, '{\"id_sj\":\"20\",\"id_jb\":\"39\",\"bruto\":\"5540\",\"potongan\":\"17.34\",\"netto\":\"5522.66\",\"id_harga\":\"104\",\"harga\":2300,\"bonus\":0,\"total\":\"12702118\"}', '2021-03-04 06:32:23', 5),
(33, 'add', 't_sj_detail', 25, '{\"id_sj\":\"21\",\"id_jb\":\"27\",\"bruto\":\"3840\",\"potongan\":\"46.53\",\"netto\":\"3793.47\",\"id_harga\":\"103\",\"harga\":3300,\"bonus\":0,\"total\":\"12518451\"}', '2021-03-04 06:46:06', 5),
(34, 'add', 't_sj_detail', 26, '{\"id_sj\":\"22\",\"id_jb\":\"29\",\"bruto\":\"3800\",\"potongan\":\"53.65\",\"netto\":\"3746.35\",\"id_harga\":\"102\",\"harga\":3200,\"bonus\":0,\"total\":\"11988320\"}', '2021-03-04 06:47:48', 5),
(35, 'add', 't_sj_detail', 27, '{\"id_sj\":\"23\",\"id_jb\":\"39\",\"bruto\":\"3620\",\"potongan\":\"0\",\"netto\":\"3620\",\"id_harga\":\"104\",\"harga\":2300,\"bonus\":0,\"total\":\"8326000\"}', '2021-03-04 06:49:11', 5),
(36, 'add', 't_sj_detail', 28, '{\"id_sj\":\"24\",\"id_jb\":\"28\",\"bruto\":\"7160\",\"potongan\":\"381.59\",\"netto\":\"6778.41\",\"id_harga\":\"100\",\"harga\":3350,\"bonus\":0,\"total\":\"22707673.5\"}', '2021-03-04 06:50:39', 5),
(37, 'add', 't_sj_detail', 29, '{\"id_sj\":\"25\",\"id_jb\":\"27\",\"bruto\":\"6060\",\"potongan\":\"176.1\",\"netto\":\"5883.9\",\"id_harga\":\"103\",\"harga\":3300,\"bonus\":0,\"total\":\"19416870\"}', '2021-03-04 06:52:00', 5),
(38, 'add', 't_sj_detail', 30, '{\"id_sj\":\"26\",\"id_jb\":\"31\",\"bruto\":\"12500\",\"potongan\":\"246.81\",\"netto\":\"12253.19\",\"id_harga\":\"105\",\"harga\":3940,\"bonus\":\"40\",\"total\":\"48277568.6\"}', '2021-03-04 06:55:07', 5),
(39, 'add', 't_sj_detail', 31, '{\"id_sj\":\"27\",\"id_jb\":\"27\",\"bruto\":\"7160\",\"potongan\":\"168.47\",\"netto\":\"6991.53\",\"id_harga\":\"103\",\"harga\":3300,\"bonus\":0,\"total\":\"23072049\"}', '2021-03-04 06:58:40', 5),
(40, 'add', 't_sj_detail', 32, '{\"id_sj\":\"28\",\"id_jb\":\"39\",\"bruto\":\"2960\",\"potongan\":\"23.05\",\"netto\":\"2936.95\",\"id_harga\":\"104\",\"harga\":2300,\"bonus\":0,\"total\":\"6754985\"}', '2021-03-04 07:00:21', 5),
(41, 'add', 't_sj_detail', 33, '{\"id_sj\":\"29\",\"id_jb\":\"31\",\"bruto\":\"18440\",\"potongan\":\"516.62\",\"netto\":\"17923.38\",\"id_harga\":\"105\",\"harga\":3900,\"bonus\":0,\"total\":\"69901182\"}', '2021-03-04 07:01:43', 5),
(42, 'add', 't_sj_detail', 34, '{\"id_sj\":\"30\",\"id_jb\":\"27\",\"bruto\":\"8260\",\"potongan\":\"51.5\",\"netto\":\"8208.5\",\"id_harga\":\"103\",\"harga\":3300,\"bonus\":0,\"total\":\"27088050\"}', '2021-03-04 07:03:39', 5),
(43, 'add', 't_sj_detail', 35, '{\"id_sj\":\"31\",\"id_jb\":\"27\",\"bruto\":\"8260\",\"potongan\":\"51.5\",\"netto\":\"8208.5\",\"id_harga\":\"116\",\"harga\":3400,\"bonus\":0,\"total\":\"27908900\"}', '2021-03-04 07:19:48', 5),
(44, 'add', 't_sj_detail', 36, '{\"id_sj\":\"32\",\"id_jb\":\"28\",\"bruto\":\"13000\",\"potongan\":\"168.24\",\"netto\":\"12831.76\",\"id_harga\":\"113\",\"harga\":3450,\"bonus\":0,\"total\":\"44269572\"}', '2021-03-04 07:21:38', 5),
(45, 'add', 't_sj_detail', 37, '{\"id_sj\":\"33\",\"id_jb\":\"39\",\"bruto\":\"4940\",\"potongan\":\"74.98\",\"netto\":\"4865.02\",\"id_harga\":\"104\",\"harga\":2300,\"bonus\":0,\"total\":\"11189546\"}', '2021-03-04 07:24:07', 5),
(46, 'add', 't_sj_detail', 38, '{\"id_sj\":\"34\",\"id_jb\":\"29\",\"bruto\":\"3760\",\"potongan\":\"17.69\",\"netto\":\"3742.31\",\"id_harga\":\"115\",\"harga\":3300,\"bonus\":0,\"total\":\"12349623\"}', '2021-03-04 07:25:38', 5),
(47, 'add', 't_sj_detail', 39, '{\"id_sj\":\"35\",\"id_jb\":\"39\",\"bruto\":\"13560\",\"potongan\":\"467.04\",\"netto\":\"13092.96\",\"id_harga\":\"104\",\"harga\":2300,\"bonus\":0,\"total\":\"30113808\"}', '2021-03-04 07:27:00', 5),
(48, 'add', 't_sj_detail', 40, '{\"id_sj\":\"36\",\"id_jb\":\"28\",\"bruto\":\"13000\",\"potongan\":\"180.81\",\"netto\":\"12819.19\",\"id_harga\":\"113\",\"harga\":3460,\"bonus\":\"10\",\"total\":\"44354397.4\"}', '2021-03-04 07:28:48', 5),
(49, 'add', 't_sj_detail', 41, '{\"id_sj\":\"37\",\"id_jb\":\"27\",\"bruto\":\"6300\",\"potongan\":\"350.58\",\"netto\":\"5949.42\",\"id_harga\":\"116\",\"harga\":3400,\"bonus\":0,\"total\":\"20228028\"}', '2021-03-04 07:31:23', 5),
(50, 'add', 't_sj_detail', 42, '{\"id_sj\":\"38\",\"id_jb\":\"37\",\"bruto\":\"9340\",\"potongan\":\"400.64\",\"netto\":\"8939.36\",\"id_harga\":\"107\",\"harga\":4150,\"bonus\":0,\"total\":\"37098344\"}', '2021-03-04 07:33:13', 5),
(51, 'add', 't_sj_detail', 43, '{\"id_sj\":\"39\",\"id_jb\":\"37\",\"bruto\":\"7420\",\"potongan\":\"166.83\",\"netto\":\"7253.17\",\"id_harga\":\"107\",\"harga\":4150,\"bonus\":0,\"total\":\"30100655.5\"}', '2021-03-04 07:35:04', 5),
(52, 'add', 't_sj_detail', 44, '{\"id_sj\":\"40\",\"id_jb\":\"31\",\"bruto\":\"18360\",\"potongan\":\"358.16\",\"netto\":\"18001.84\",\"id_harga\":\"105\",\"harga\":3900,\"bonus\":0,\"total\":\"70207176\"}', '2021-03-04 07:36:47', 5),
(53, 'add', 't_sj_detail', 45, '{\"id_sj\":\"41\",\"id_jb\":\"31\",\"bruto\":\"18360\",\"potongan\":\"358.16\",\"netto\":\"18001.84\",\"id_harga\":\"105\",\"harga\":3910,\"bonus\":\"10\",\"total\":\"70387194.4\"}', '2021-03-04 07:38:12', 5),
(54, 'add', 't_sj_detail', 46, '{\"id_sj\":\"42\",\"id_jb\":\"31\",\"bruto\":\"19140\",\"potongan\":\"216.66\",\"netto\":\"18923.34\",\"id_harga\":\"105\",\"harga\":3900,\"bonus\":0,\"total\":\"73801026\"}', '2021-03-04 07:40:20', 5),
(55, 'add', 't_sj_detail', 47, '{\"id_sj\":\"43\",\"id_jb\":\"31\",\"bruto\":\"7380\",\"potongan\":\"84.62\",\"netto\":\"7295.38\",\"id_harga\":\"105\",\"harga\":3900,\"bonus\":0,\"total\":\"28451982\"}', '2021-03-04 07:43:28', 5),
(56, 'add', 't_sj_detail', 48, '{\"id_sj\":\"44\",\"id_jb\":\"31\",\"bruto\":\"7960\",\"potongan\":\"157.64\",\"netto\":\"7802.36\",\"id_harga\":\"105\",\"harga\":3900,\"bonus\":0,\"total\":\"30429204\"}', '2021-03-04 07:45:08', 5),
(57, 'add', 't_sj_detail', 49, '{\"id_sj\":\"45\",\"id_jb\":\"39\",\"bruto\":\"4580\",\"potongan\":\"28.2\",\"netto\":\"4551.8\",\"id_harga\":\"104\",\"harga\":2300,\"bonus\":0,\"total\":\"10469140\"}', '2021-03-04 07:46:53', 5),
(58, 'delete', 't_sj_detail', 49, '[{\"id\":\"49\",\"id_sj\":\"45\",\"id_jb\":\"39\",\"bruto\":\"4580.00\",\"potongan\":\"28.20\",\"netto\":\"4551.80\",\"id_harga\":\"104\",\"harga\":\"2300.00\",\"bonus\":\"0.00\",\"total\":\"10469140.00\"}]', '2021-03-04 07:47:55', 5),
(59, 'add', 't_sj_detail', 50, '{\"id_sj\":\"45\",\"id_jb\":\"39\",\"bruto\":\"4580\",\"potongan\":\"28.2\",\"netto\":\"4551.8\",\"id_harga\":\"104\",\"harga\":2340,\"bonus\":\"40\",\"total\":\"10651212\"}', '2021-03-04 07:48:11', 5),
(60, 'add', 't_sj_detail', 51, '{\"id_sj\":\"46\",\"id_jb\":\"30\",\"bruto\":\"12440\",\"potongan\":\"395.15\",\"netto\":\"12044.85\",\"id_harga\":\"114\",\"harga\":3550,\"bonus\":0,\"total\":\"42759217.5\"}', '2021-03-04 07:49:39', 5),
(61, 'delete', 't_sj_detail', 51, '[{\"id\":\"51\",\"id_sj\":\"46\",\"id_jb\":\"30\",\"bruto\":\"12440.00\",\"potongan\":\"395.15\",\"netto\":\"12044.85\",\"id_harga\":\"114\",\"harga\":\"3550.00\",\"bonus\":\"0.00\",\"total\":\"42759217.50\"}]', '2021-03-04 07:50:06', 5),
(62, 'add', 't_sj_detail', 52, '{\"id_sj\":\"46\",\"id_jb\":\"28\",\"bruto\":\"12440\",\"potongan\":\"395.15\",\"netto\":\"12044.85\",\"id_harga\":\"113\",\"harga\":3450,\"bonus\":0,\"total\":\"41554732.5\"}', '2021-03-04 07:50:29', 5),
(63, 'add', 't_sj_detail', 53, '{\"id_sj\":\"47\",\"id_jb\":\"27\",\"bruto\":\"6180\",\"potongan\":\"70.52\",\"netto\":\"6109.48\",\"id_harga\":\"116\",\"harga\":3400,\"bonus\":0,\"total\":\"20772232\"}', '2021-03-04 07:53:41', 5),
(64, 'add', 't_sj_detail', 54, '{\"id_sj\":\"48\",\"id_jb\":\"28\",\"bruto\":\"12840\",\"potongan\":\"1061.94\",\"netto\":\"11778.06\",\"id_harga\":\"113\",\"harga\":3460,\"bonus\":\"10\",\"total\":\"40752087.6\"}', '2021-03-04 07:55:51', 5),
(65, 'add', 't_sj_detail', 55, '{\"id_sj\":\"49\",\"id_jb\":\"27\",\"bruto\":\"8080\",\"potongan\":\"259.51\",\"netto\":\"7820.49\",\"id_harga\":\"116\",\"harga\":3400,\"bonus\":0,\"total\":\"26589666\"}', '2021-03-04 07:58:32', 5),
(66, 'add', 't_sj_detail', 56, '{\"id_sj\":\"50\",\"id_jb\":\"37\",\"bruto\":\"7080\",\"potongan\":\"195.05\",\"netto\":\"6884.95\",\"id_harga\":\"107\",\"harga\":4150,\"bonus\":0,\"total\":\"28572542.5\"}', '2021-03-04 08:00:33', 5),
(67, 'add', 't_sj_detail', 57, '{\"id_sj\":\"51\",\"id_jb\":\"37\",\"bruto\":\"6840\",\"potongan\":\"336.74\",\"netto\":\"6503.26\",\"id_harga\":\"107\",\"harga\":4150,\"bonus\":0,\"total\":\"26988529\"}', '2021-03-04 08:01:41', 5),
(68, 'add', 't_sj_detail', 58, '{\"id_sj\":\"52\",\"id_jb\":\"37\",\"bruto\":\"6580\",\"potongan\":\"304.57\",\"netto\":\"6275.43\",\"id_harga\":\"107\",\"harga\":4150,\"bonus\":0,\"total\":\"26043034.5\"}', '2021-03-04 08:03:11', 5),
(69, 'add', 't_sj_detail', 59, '{\"id_sj\":\"53\",\"id_jb\":\"39\",\"bruto\":\"5120\",\"potongan\":\"462.14\",\"netto\":\"4657.86\",\"id_harga\":\"104\",\"harga\":2300,\"bonus\":0,\"total\":\"10713078\"}', '2021-03-04 08:05:15', 5),
(70, 'delete', 't_sj_detail', 59, '[{\"id\":\"59\",\"id_sj\":\"53\",\"id_jb\":\"39\",\"bruto\":\"5120.00\",\"potongan\":\"462.14\",\"netto\":\"4657.86\",\"id_harga\":\"104\",\"harga\":\"2300.00\",\"bonus\":\"0.00\",\"total\":\"10713078.00\"}]', '2021-03-04 08:05:29', 5),
(71, 'add', 't_sj_detail', 60, '{\"id_sj\":\"53\",\"id_jb\":\"39\",\"bruto\":\"5120\",\"potongan\":\"462.14\",\"netto\":\"4657.86\",\"id_harga\":\"104\",\"harga\":2340,\"bonus\":\"40\",\"total\":\"10899392.4\"}', '2021-03-04 08:05:42', 5),
(72, 'add', 't_sj_detail', 61, '{\"id_sj\":\"54\",\"id_jb\":\"39\",\"bruto\":\"3440\",\"potongan\":\"10.5\",\"netto\":\"3429.5\",\"id_harga\":\"104\",\"harga\":2300,\"bonus\":0,\"total\":\"7887850\"}', '2021-03-04 08:06:57', 5),
(73, 'add', 't_sj_detail', 62, '{\"id_sj\":\"55\",\"id_jb\":\"37\",\"bruto\":\"8120\",\"potongan\":\"292.46\",\"netto\":\"7827.54\",\"id_harga\":\"107\",\"harga\":4150,\"bonus\":0,\"total\":\"32484291\"}', '2021-03-04 08:08:13', 5),
(74, 'add', 't_sj_detail', 63, '{\"id_sj\":\"56\",\"id_jb\":\"36\",\"bruto\":\"11340\",\"potongan\":\"2030.5\",\"netto\":\"9309.5\",\"id_harga\":\"112\",\"harga\":4150,\"bonus\":0,\"total\":\"38634425\"}', '2021-03-04 08:10:46', 5),
(75, 'add', 't_sj_detail', 64, '{\"id_sj\":\"57\",\"id_jb\":\"31\",\"bruto\":\"5820\",\"potongan\":\"318.71\",\"netto\":\"5501.29\",\"id_harga\":\"105\",\"harga\":3900,\"bonus\":0,\"total\":\"21455031\"}', '2021-03-04 08:13:26', 5),
(76, 'add', 't_sj_detail', 65, '{\"id_sj\":\"58\",\"id_jb\":\"31\",\"bruto\":\"5740\",\"potongan\":\"268.55\",\"netto\":\"5471.45\",\"id_harga\":\"105\",\"harga\":3900,\"bonus\":0,\"total\":\"21338655\"}', '2021-03-04 08:15:51', 5),
(77, 'add', 't_sj_detail', 66, '{\"id_sj\":\"59\",\"id_jb\":\"32\",\"bruto\":\"17800\",\"potongan\":\"2961.27\",\"netto\":\"14838.73\",\"id_harga\":\"109\",\"harga\":3800,\"bonus\":0,\"total\":\"56387174\"}', '2021-03-04 08:17:00', 5),
(78, 'add', 't_sj_detail', 67, '{\"id_sj\":\"60\",\"id_jb\":\"27\",\"bruto\":\"6960\",\"potongan\":\"703.47\",\"netto\":\"6256.53\",\"id_harga\":\"116\",\"harga\":3400,\"bonus\":0,\"total\":\"21272202\"}', '2021-03-04 08:20:13', 5),
(79, 'add', 't_sj_detail', 68, '{\"id_sj\":\"60\",\"id_jb\":\"27\",\"bruto\":\"6960\",\"potongan\":\"703.47\",\"netto\":\"6256.53\",\"id_harga\":\"116\",\"harga\":3400,\"bonus\":0,\"total\":\"21272202\"}', '2021-03-04 08:20:13', 5),
(80, 'add', 't_sj_detail', 69, '{\"id_sj\":\"60\",\"id_jb\":\"27\",\"bruto\":\"6960\",\"potongan\":\"703.47\",\"netto\":\"6256.53\",\"id_harga\":\"116\",\"harga\":3400,\"bonus\":0,\"total\":\"21272202\"}', '2021-03-04 08:20:13', 5),
(81, 'delete', 't_sj_detail', 67, '[{\"id\":\"67\",\"id_sj\":\"60\",\"id_jb\":\"27\",\"bruto\":\"6960.00\",\"potongan\":\"703.47\",\"netto\":\"6256.53\",\"id_harga\":\"116\",\"harga\":\"3400.00\",\"bonus\":\"0.00\",\"total\":\"21272202.00\"}]', '2021-03-04 08:20:17', 5),
(82, 'delete', 't_sj_detail', 68, '[{\"id\":\"68\",\"id_sj\":\"60\",\"id_jb\":\"27\",\"bruto\":\"6960.00\",\"potongan\":\"703.47\",\"netto\":\"6256.53\",\"id_harga\":\"116\",\"harga\":\"3400.00\",\"bonus\":\"0.00\",\"total\":\"21272202.00\"}]', '2021-03-04 08:20:19', 5),
(83, 'add', 't_sj_detail', 70, '{\"id_sj\":\"61\",\"id_jb\":\"39\",\"bruto\":\"3020\",\"potongan\":\"9.14\",\"netto\":\"3010.86\",\"id_harga\":\"104\",\"harga\":2300,\"bonus\":0,\"total\":\"6924978\"}', '2021-03-04 08:21:26', 5),
(84, 'add', 't_sj_detail', 71, '{\"id_sj\":\"62\",\"id_jb\":\"39\",\"bruto\":\"3440\",\"potongan\":\"10.67\",\"netto\":\"3429.33\",\"id_harga\":\"104\",\"harga\":2300,\"bonus\":0,\"total\":\"7887459\"}', '2021-03-04 08:23:21', 5),
(85, 'add', 't_sj_detail', 72, '{\"id_sj\":\"63\",\"id_jb\":\"31\",\"bruto\":\"6280\",\"potongan\":\"124.84\",\"netto\":\"6155.16\",\"id_harga\":\"105\",\"harga\":3900,\"bonus\":0,\"total\":\"24005124\"}', '2021-03-04 08:25:11', 5),
(86, 'add', 't_sj_detail', 73, '{\"id_sj\":\"64\",\"id_jb\":\"31\",\"bruto\":\"11340\",\"potongan\":\"317.96\",\"netto\":\"11022.04\",\"id_harga\":\"105\",\"harga\":3900,\"bonus\":0,\"total\":\"42985956\"}', '2021-03-04 08:26:42', 5),
(87, 'add', 't_sj_detail', 74, '{\"id_sj\":\"65\",\"id_jb\":\"32\",\"bruto\":\"5680\",\"potongan\":\"1025.82\",\"netto\":\"4654.18\",\"id_harga\":\"109\",\"harga\":3800,\"bonus\":0,\"total\":\"17685884\"}', '2021-03-04 08:28:46', 5),
(88, 'add', 't_sj_detail', 75, '{\"id_sj\":\"66\",\"id_jb\":\"39\",\"bruto\":\"5720\",\"potongan\":\"39.47\",\"netto\":\"5680.53\",\"id_harga\":\"104\",\"harga\":2340,\"bonus\":\"40\",\"total\":\"13292440.2\"}', '2021-03-04 08:29:56', 5),
(89, 'add', 't_sj_detail', 76, '{\"id_sj\":\"67\",\"id_jb\":\"31\",\"bruto\":\"8340\",\"potongan\":\"255.11\",\"netto\":\"8084.89\",\"id_harga\":\"105\",\"harga\":3900,\"bonus\":0,\"total\":\"31531071\"}', '2021-03-04 08:31:12', 5),
(90, 'add', 't_sj_detail', 77, '{\"id_sj\":\"68\",\"id_jb\":\"38\",\"bruto\":\"13080\",\"potongan\":\"2292.62\",\"netto\":\"10787.38\",\"id_harga\":\"111\",\"harga\":4050,\"bonus\":0,\"total\":\"43688889\"}', '2021-03-04 08:32:41', 5),
(91, 'add', 't_sj_detail', 78, '{\"id_sj\":\"69\",\"id_jb\":\"39\",\"bruto\":\"2500\",\"potongan\":\"331.55\",\"netto\":\"2168.45\",\"id_harga\":\"104\",\"harga\":2300,\"bonus\":0,\"total\":\"4987435\"}', '2021-03-04 08:34:04', 5),
(92, 'add', 't_sj_detail', 79, '{\"id_sj\":\"70\",\"id_jb\":\"39\",\"bruto\":\"3460\",\"potongan\":\"108.74\",\"netto\":\"3351.26\",\"id_harga\":\"104\",\"harga\":2300,\"bonus\":0,\"total\":\"7707898\"}', '2021-03-04 08:36:09', 5),
(93, 'add', 't_sj_detail', 80, '{\"id_sj\":\"71\",\"id_jb\":\"31\",\"bruto\":\"3600\",\"potongan\":\"259.77\",\"netto\":\"3340.23\",\"id_harga\":\"105\",\"harga\":3900,\"bonus\":0,\"total\":\"13026897\"}', '2021-03-04 08:37:17', 5),
(94, 'add', 't_sj_detail', 81, '{\"id_sj\":\"72\",\"id_jb\":\"28\",\"bruto\":\"21100\",\"potongan\":\"563.49\",\"netto\":\"20536.51\",\"id_harga\":\"113\",\"harga\":3490,\"bonus\":\"40\",\"total\":\"71672419.9\"}', '2021-03-04 08:38:41', 5),
(95, 'delete', 't_sj_detail', 81, '[{\"id\":\"81\",\"id_sj\":\"72\",\"id_jb\":\"28\",\"bruto\":\"21100.00\",\"potongan\":\"563.49\",\"netto\":\"20536.51\",\"id_harga\":\"113\",\"harga\":\"3490.00\",\"bonus\":\"40.00\",\"total\":\"71672419.90\"}]', '2021-03-04 08:56:29', 5),
(96, 'add', 't_sj_detail', 82, '{\"id_sj\":\"72\",\"id_jb\":\"28\",\"bruto\":\"21100\",\"potongan\":\"563.49\",\"netto\":\"20536.51\",\"id_harga\":\"126\",\"harga\":3690,\"bonus\":\"40\",\"total\":\"75779721.9\"}', '2021-03-04 08:58:51', 5),
(97, 'add', 't_sj_detail', 83, '{\"id_sj\":\"73\",\"id_jb\":\"28\",\"bruto\":\"23160\",\"potongan\":\"989.07\",\"netto\":\"22170.93\",\"id_harga\":\"126\",\"harga\":3690,\"bonus\":\"40\",\"total\":\"81810731.7\"}', '2021-03-04 09:00:47', 5),
(98, 'add', 't_sj_detail', 84, '{\"id_sj\":\"74\",\"id_jb\":\"28\",\"bruto\":\"17220\",\"potongan\":\"433.54\",\"netto\":\"16786.46\",\"id_harga\":\"126\",\"harga\":3690,\"bonus\":\"40\",\"total\":\"61942037.4\"}', '2021-03-05 02:21:03', 5),
(99, 'add', 't_sj_detail', 85, '{\"id_sj\":\"75\",\"id_jb\":\"31\",\"bruto\":\"2840\",\"potongan\":\"461.03\",\"netto\":\"2378.97\",\"id_harga\":\"105\",\"harga\":3900,\"bonus\":0,\"total\":\"9277983\"}', '2021-03-05 02:22:41', 5),
(100, 'add', 't_sj_detail', 86, '{\"id_sj\":\"76\",\"id_jb\":\"28\",\"bruto\":\"12760\",\"potongan\":\"315.25\",\"netto\":\"12444.75\",\"id_harga\":\"126\",\"harga\":3660,\"bonus\":\"10\",\"total\":\"45547785\"}', '2021-03-05 02:24:05', 5),
(101, 'add', 't_sj_detail', 87, '{\"id_sj\":\"77\",\"id_jb\":\"28\",\"bruto\":\"13880\",\"potongan\":\"582.96\",\"netto\":\"13297.04\",\"id_harga\":\"126\",\"harga\":3690,\"bonus\":\"40\",\"total\":\"49066077.6\"}', '2021-03-05 03:14:21', 5),
(102, 'add', 't_sj_detail', 88, '{\"id_sj\":\"78\",\"id_jb\":\"28\",\"bruto\":\"14740\",\"potongan\":\"312.14\",\"netto\":\"14427.86\",\"id_harga\":\"126\",\"harga\":3650,\"bonus\":0,\"total\":\"52661689\"}', '2021-03-05 03:15:40', 5),
(103, 'add', 't_sj_detail', 89, '{\"id_sj\":\"79\",\"id_jb\":\"28\",\"bruto\":\"12720\",\"potongan\":\"209.51\",\"netto\":\"12510.49\",\"id_harga\":\"126\",\"harga\":3650,\"bonus\":0,\"total\":\"45663288.5\"}', '2021-03-05 03:16:44', 5),
(104, 'add', 't_sj_detail', 90, '{\"id_sj\":\"80\",\"id_jb\":\"28\",\"bruto\":\"24200\",\"potongan\":\"674.75\",\"netto\":\"23525.25\",\"id_harga\":\"126\",\"harga\":3690,\"bonus\":\"40\",\"total\":\"86808172.5\"}', '2021-03-05 03:19:12', 5),
(105, 'add', 't_sj_detail', 91, '{\"id_sj\":\"81\",\"id_jb\":\"39\",\"bruto\":\"5700\",\"potongan\":\"628.11\",\"netto\":\"5071.89\",\"id_harga\":\"104\",\"harga\":2300,\"bonus\":0,\"total\":\"11665347\"}', '2021-03-05 03:23:52', 5),
(106, 'add', 't_sj_detail', 92, '{\"id_sj\":\"82\",\"id_jb\":\"37\",\"bruto\":\"9780\",\"potongan\":\"625.51\",\"netto\":\"9154.49\",\"id_harga\":\"107\",\"harga\":4150,\"bonus\":0,\"total\":\"37991133.5\"}', '2021-03-05 03:26:44', 5),
(107, 'add', 't_sj_detail', 93, '{\"id_sj\":\"83\",\"id_jb\":\"31\",\"bruto\":\"8180\",\"potongan\":\"228.48\",\"netto\":\"7951.52\",\"id_harga\":\"105\",\"harga\":3900,\"bonus\":0,\"total\":\"31010928\"}', '2021-03-05 03:33:58', 5),
(108, 'add', 't_sj_detail', 94, '{\"id_sj\":\"84\",\"id_jb\":\"39\",\"bruto\":\"10200\",\"potongan\":\"63.27\",\"netto\":\"10136.73\",\"id_harga\":\"104\",\"harga\":2300,\"bonus\":0,\"total\":\"23314479\"}', '2021-03-05 03:36:19', 5),
(109, 'add', 't_sj_detail', 95, '{\"id_sj\":\"85\",\"id_jb\":\"28\",\"bruto\":\"18360\",\"potongan\":\"1030.32\",\"netto\":\"17329.68\",\"id_harga\":\"126\",\"harga\":3650,\"bonus\":0,\"total\":\"63253332\"}', '2021-03-05 06:05:44', 5),
(110, 'add', 't_sj_detail', 96, '{\"id_sj\":\"86\",\"id_jb\":\"37\",\"bruto\":\"8040\",\"potongan\":\"360.11\",\"netto\":\"7679.89\",\"id_harga\":\"107\",\"harga\":4150,\"bonus\":0,\"total\":\"31871543.5\"}', '2021-03-05 06:06:56', 5),
(111, 'add', 't_sj_detail', 97, '{\"id_sj\":\"87\",\"id_jb\":\"28\",\"bruto\":\"12680\",\"potongan\":\"477.36\",\"netto\":\"12202.64\",\"id_harga\":\"126\",\"harga\":3660,\"bonus\":\"10\",\"total\":\"44661662.4\"}', '2021-03-05 06:08:44', 5),
(112, 'add', 't_sj_detail', 98, '{\"id_sj\":\"88\",\"id_jb\":\"28\",\"bruto\":\"14180\",\"potongan\":\"605.57\",\"netto\":\"13574.43\",\"id_harga\":\"126\",\"harga\":3690,\"bonus\":\"40\",\"total\":\"50089646.7\"}', '2021-03-05 06:10:23', 5),
(113, 'add', 't_sj_detail', 99, '{\"id_sj\":\"89\",\"id_jb\":\"28\",\"bruto\":\"22460\",\"potongan\":\"831.36\",\"netto\":\"21628.64\",\"id_harga\":\"126\",\"harga\":3660,\"bonus\":\"10\",\"total\":\"79160822.4\"}', '2021-03-05 06:11:50', 5),
(114, 'add', 't_sj_detail', 100, '{\"id_sj\":\"90\",\"id_jb\":\"28\",\"bruto\":\"5820\",\"potongan\":\"371.8\",\"netto\":\"5448.2\",\"id_harga\":\"126\",\"harga\":3650,\"bonus\":0,\"total\":\"19885930\"}', '2021-03-05 06:13:19', 5),
(115, 'add', 't_sj_detail', 101, '{\"id_sj\":\"91\",\"id_jb\":\"28\",\"bruto\":\"21200\",\"potongan\":\"249.41\",\"netto\":\"20950.59\",\"id_harga\":\"126\",\"harga\":3690,\"bonus\":\"40\",\"total\":\"77307677.1\"}', '2021-03-05 06:14:40', 5),
(116, 'add', 't_sj_detail', 102, '{\"id_sj\":\"92\",\"id_jb\":\"28\",\"bruto\":\"21040\",\"potongan\":\"626.25\",\"netto\":\"20413.75\",\"id_harga\":\"126\",\"harga\":3690,\"bonus\":\"40\",\"total\":\"75326737.5\"}', '2021-03-05 06:17:05', 5),
(117, 'add', 't_sj_detail', 103, '{\"id_sj\":\"93\",\"id_jb\":\"31\",\"bruto\":\"8280\",\"potongan\":\"91.37\",\"netto\":\"8188.63\",\"id_harga\":\"105\",\"harga\":3900,\"bonus\":0,\"total\":\"31935657\"}', '2021-03-05 06:18:26', 5),
(118, 'add', 't_sj_detail', 104, '{\"id_sj\":\"94\",\"id_jb\":\"28\",\"bruto\":\"20800\",\"potongan\":\"195.76\",\"netto\":\"20604.24\",\"id_harga\":\"126\",\"harga\":3690,\"bonus\":\"40\",\"total\":\"76029645.6\"}', '2021-03-05 06:20:13', 5),
(119, 'add', 't_sj_detail', 105, '{\"id_sj\":\"95\",\"id_jb\":\"28\",\"bruto\":\"13820\",\"potongan\":\"146.33\",\"netto\":\"13673.67\",\"id_harga\":\"126\",\"harga\":3690,\"bonus\":\"40\",\"total\":\"50455842.3\"}', '2021-03-05 06:21:16', 5),
(120, 'add', 't_sj_detail', 106, '{\"id_sj\":\"96\",\"id_jb\":\"28\",\"bruto\":\"25080\",\"potongan\":\"2891.58\",\"netto\":\"22188.42\",\"id_harga\":\"126\",\"harga\":3690,\"bonus\":\"40\",\"total\":\"81875269.8\"}', '2021-03-05 06:22:25', 5),
(121, 'add', 't_sj_detail', 107, '{\"id_sj\":\"97\",\"id_jb\":\"28\",\"bruto\":\"14520\",\"potongan\":\"227.2\",\"netto\":\"14292.8\",\"id_harga\":\"126\",\"harga\":3690,\"bonus\":\"40\",\"total\":\"52740432\"}', '2021-03-05 06:24:38', 5),
(122, 'add', 't_sj_detail', 108, '{\"id_sj\":\"98\",\"id_jb\":\"28\",\"bruto\":\"10300\",\"potongan\":\"166.01\",\"netto\":\"10133.99\",\"id_harga\":\"126\",\"harga\":3650,\"bonus\":0,\"total\":\"36989063.5\"}', '2021-03-05 06:25:51', 5),
(123, 'add', 't_sj_detail', 109, '{\"id_sj\":\"99\",\"id_jb\":\"31\",\"bruto\":\"17020\",\"potongan\":\"468.19\",\"netto\":\"16551.81\",\"id_harga\":\"105\",\"harga\":3940,\"bonus\":\"40\",\"total\":\"65214131.4\"}', '2021-03-05 06:47:38', 5),
(124, 'add', 't_sj_detail', 110, '{\"id_sj\":\"100\",\"id_jb\":\"28\",\"bruto\":\"13740\",\"potongan\":\"231.16\",\"netto\":\"13508.84\",\"id_harga\":\"126\",\"harga\":3660,\"bonus\":\"10\",\"total\":\"49442354.4\"}', '2021-03-05 07:13:56', 5),
(125, 'add', 't_sj_detail', 111, '{\"id_sj\":\"101\",\"id_jb\":\"28\",\"bruto\":\"12900\",\"potongan\":\"242.82\",\"netto\":\"12657.18\",\"id_harga\":\"126\",\"harga\":3660,\"bonus\":\"10\",\"total\":\"46325278.8\"}', '2021-03-05 07:15:15', 5),
(126, 'add', 't_sj_detail', 112, '{\"id_sj\":\"102\",\"id_jb\":\"28\",\"bruto\":\"19420\",\"potongan\":\"326.71\",\"netto\":\"19093.29\",\"id_harga\":\"126\",\"harga\":3660,\"bonus\":\"10\",\"total\":\"69881441.4\"}', '2021-03-05 07:16:36', 5),
(127, 'add', 't_sj_detail', 113, '{\"id_sj\":\"103\",\"id_jb\":\"31\",\"bruto\":\"6440\",\"potongan\":\"174.84\",\"netto\":\"6265.16\",\"id_harga\":\"105\",\"harga\":3900,\"bonus\":0,\"total\":\"24434124\"}', '2021-03-05 07:18:19', 5),
(128, 'add', 't_sj_detail', 114, '{\"id_sj\":\"104\",\"id_jb\":\"37\",\"bruto\":\"8460\",\"potongan\":\"629.22\",\"netto\":\"7830.78\",\"id_harga\":\"107\",\"harga\":4150,\"bonus\":0,\"total\":\"32497737\"}', '2021-03-05 07:20:13', 5),
(129, 'add', 't_sj_detail', 115, '{\"id_sj\":\"105\",\"id_jb\":\"28\",\"bruto\":\"19340\",\"potongan\":\"621.16\",\"netto\":\"18718.84\",\"id_harga\":\"126\",\"harga\":3650,\"bonus\":0,\"total\":\"68323766\"}', '2021-03-05 07:43:24', 5),
(130, 'add', 't_sj_detail', 116, '{\"id_sj\":\"106\",\"id_jb\":\"28\",\"bruto\":\"13320\",\"potongan\":\"156.71\",\"netto\":\"13163.29\",\"id_harga\":\"126\",\"harga\":3660,\"bonus\":\"10\",\"total\":\"48177641.4\"}', '2021-03-05 07:46:05', 5),
(131, 'add', 't_sj_detail', 117, '{\"id_sj\":\"107\",\"id_jb\":\"31\",\"bruto\":\"10060\",\"potongan\":\"195.03\",\"netto\":\"9864.97\",\"id_harga\":\"105\",\"harga\":3900,\"bonus\":0,\"total\":\"38473383\"}', '2021-03-05 07:47:29', 5),
(132, 'add', 't_sj_detail', 118, '{\"id_sj\":\"108\",\"id_jb\":\"31\",\"bruto\":\"5380\",\"potongan\":\"237.68\",\"netto\":\"5142.32\",\"id_harga\":\"105\",\"harga\":3900,\"bonus\":0,\"total\":\"20055048\"}', '2021-03-05 07:53:15', 5),
(133, 'add', 't_sj_detail', 119, '{\"id_sj\":\"109\",\"id_jb\":\"31\",\"bruto\":\"5540\",\"potongan\":\"202.27\",\"netto\":\"5337.73\",\"id_harga\":\"105\",\"harga\":3900,\"bonus\":0,\"total\":\"20817147\"}', '2021-03-05 07:55:13', 5),
(134, 'add', 't_sj_detail', 120, '{\"id_sj\":\"110\",\"id_jb\":\"37\",\"bruto\":\"11720\",\"potongan\":\"357.68\",\"netto\":\"11362.32\",\"id_harga\":\"107\",\"harga\":4150,\"bonus\":0,\"total\":\"47153628\"}', '2021-03-05 07:57:16', 5),
(135, 'add', 't_sj_detail', 121, '{\"id_sj\":\"111\",\"id_jb\":\"37\",\"bruto\":\"10600\",\"potongan\":\"238.33\",\"netto\":\"10361.67\",\"id_harga\":\"107\",\"harga\":4150,\"bonus\":0,\"total\":\"43000930.5\"}', '2021-03-05 07:59:56', 5),
(136, 'add', 't_sj_detail', 122, '{\"id_sj\":\"112\",\"id_jb\":\"28\",\"bruto\":\"17200\",\"potongan\":\"337.93\",\"netto\":\"16862.07\",\"id_harga\":\"126\",\"harga\":3690,\"bonus\":\"40\",\"total\":\"62221038.3\"}', '2021-03-05 08:13:09', 5),
(137, 'add', 't_sj_detail', 123, '{\"id_sj\":\"113\",\"id_jb\":\"28\",\"bruto\":\"11560\",\"potongan\":\"1622.48\",\"netto\":\"9937.52\",\"id_harga\":\"126\",\"harga\":3650,\"bonus\":0,\"total\":\"36271948\"}', '2021-03-05 08:15:46', 5),
(138, 'add', 't_sj_detail', 124, '{\"id_sj\":\"114\",\"id_jb\":\"28\",\"bruto\":\"21140\",\"potongan\":\"340.73\",\"netto\":\"20799.27\",\"id_harga\":\"126\",\"harga\":3690,\"bonus\":\"40\",\"total\":\"76749306.3\"}', '2021-03-05 08:18:05', 5),
(139, 'add', 't_sj_detail', 125, '{\"id_sj\":\"115\",\"id_jb\":\"28\",\"bruto\":\"20640\",\"potongan\":\"468.65\",\"netto\":\"20171.35\",\"id_harga\":\"126\",\"harga\":3690,\"bonus\":\"40\",\"total\":\"74432281.5\"}', '2021-03-05 08:19:57', 5),
(140, 'add', 't_sj_detail', 126, '{\"id_sj\":\"116\",\"id_jb\":\"28\",\"bruto\":\"20880\",\"potongan\":\"302.15\",\"netto\":\"20577.85\",\"id_harga\":\"126\",\"harga\":3690,\"bonus\":\"40\",\"total\":\"75932266.5\"}', '2021-03-05 08:21:14', 5),
(141, 'add', 't_sj_detail', 127, '{\"id_sj\":\"117\",\"id_jb\":\"28\",\"bruto\":\"12800\",\"potongan\":\"150.59\",\"netto\":\"12649.41\",\"id_harga\":\"126\",\"harga\":3650,\"bonus\":0,\"total\":\"46170346.5\"}', '2021-03-05 08:22:49', 5),
(142, 'add', 't_sj_detail', 128, '{\"id_sj\":\"118\",\"id_jb\":\"28\",\"bruto\":\"12520\",\"potongan\":\"260.71\",\"netto\":\"12259.29\",\"id_harga\":\"126\",\"harga\":3650,\"bonus\":0,\"total\":\"44746408.5\"}', '2021-03-05 08:25:13', 5),
(143, 'delete', 't_sj_detail', 128, '[{\"id\":\"128\",\"id_sj\":\"118\",\"id_jb\":\"28\",\"bruto\":\"12520.00\",\"potongan\":\"260.71\",\"netto\":\"12259.29\",\"id_harga\":\"126\",\"harga\":\"3650.00\",\"bonus\":\"0.00\",\"total\":\"44746408.50\"}]', '2021-03-05 08:25:28', 5),
(144, 'add', 't_sj_detail', 129, '{\"id_sj\":\"118\",\"id_jb\":\"28\",\"bruto\":\"12520\",\"potongan\":\"260.71\",\"netto\":\"12259.29\",\"id_harga\":\"126\",\"harga\":3660,\"bonus\":\"10\",\"total\":\"44869001.4\"}', '2021-03-05 08:25:49', 5),
(145, 'add', 't_sj_detail', 130, '{\"id_sj\":\"119\",\"id_jb\":\"39\",\"bruto\":\"3440\",\"potongan\":\"21.49\",\"netto\":\"3418.51\",\"id_harga\":\"104\",\"harga\":2300,\"bonus\":0,\"total\":\"7862573\"}', '2021-03-05 08:27:14', 5),
(146, 'add', 't_sj_detail', 131, '{\"id_sj\":\"120\",\"id_jb\":\"37\",\"bruto\":\"8460\",\"potongan\":\"362.9\",\"netto\":\"8097.1\",\"id_harga\":\"107\",\"harga\":4150,\"bonus\":0,\"total\":\"33602965\"}', '2021-03-05 08:28:50', 5),
(147, 'add', 't_sj_detail', 132, '{\"id_sj\":\"121\",\"id_jb\":\"28\",\"bruto\":\"12740\",\"potongan\":\"544.07\",\"netto\":\"12195.93\",\"id_harga\":\"126\",\"harga\":3660,\"bonus\":\"10\",\"total\":\"44637103.8\"}', '2021-03-05 08:29:53', 5),
(148, 'add', 't_sj_detail', 133, '{\"id_sj\":\"122\",\"id_jb\":\"28\",\"bruto\":\"20680\",\"potongan\":\"1532.75\",\"netto\":\"19147.25\",\"id_harga\":\"126\",\"harga\":3690,\"bonus\":\"40\",\"total\":\"70653352.5\"}', '2021-03-05 08:30:53', 5),
(149, 'add', 't_sj_detail', 134, '{\"id_sj\":\"123\",\"id_jb\":\"28\",\"bruto\":\"20060\",\"potongan\":\"1352.28\",\"netto\":\"18707.72\",\"id_harga\":\"126\",\"harga\":3660,\"bonus\":\"10\",\"total\":\"68470255.2\"}', '2021-03-05 08:34:02', 5),
(150, 'add', 't_sj_detail', 135, '{\"id_sj\":\"124\",\"id_jb\":\"31\",\"bruto\":\"7040\",\"potongan\":\"101.66\",\"netto\":\"6938.34\",\"id_harga\":\"105\",\"harga\":3900,\"bonus\":0,\"total\":\"27059526\"}', '2021-03-05 08:35:12', 5),
(151, 'add', 't_sj_detail', 136, '{\"id_sj\":\"125\",\"id_jb\":\"31\",\"bruto\":\"5020\",\"potongan\":\"98.74\",\"netto\":\"4921.26\",\"id_harga\":\"105\",\"harga\":3900,\"bonus\":0,\"total\":\"19192914\"}', '2021-03-05 08:36:05', 5),
(152, 'add', 't_sj_detail', 137, '{\"id_sj\":\"126\",\"id_jb\":\"28\",\"bruto\":\"18300\",\"potongan\":\"430.59\",\"netto\":\"17869.41\",\"id_harga\":\"126\",\"harga\":3650,\"bonus\":0,\"total\":\"65223346.5\"}', '2021-03-05 08:37:08', 5),
(153, 'add', 't_sj_detail', 138, '{\"id_sj\":\"127\",\"id_jb\":\"37\",\"bruto\":\"3360\",\"potongan\":\"121.12\",\"netto\":\"3238.88\",\"id_harga\":\"107\",\"harga\":4150,\"bonus\":0,\"total\":\"13441352\"}', '2021-03-05 08:38:06', 5),
(154, 'add', 't_sj_detail', 139, '{\"id_sj\":\"128\",\"id_jb\":\"31\",\"bruto\":\"9660\",\"potongan\":\"191.35\",\"netto\":\"9468.65\",\"id_harga\":\"105\",\"harga\":3900,\"bonus\":0,\"total\":\"36927735\"}', '2021-03-05 08:39:19', 5),
(155, 'add', 't_sj_detail', 140, '{\"id_sj\":\"129\",\"id_jb\":\"31\",\"bruto\":\"5960\",\"potongan\":\"280.84\",\"netto\":\"5679.16\",\"id_harga\":\"105\",\"harga\":3900,\"bonus\":0,\"total\":\"22148724\"}', '2021-03-05 08:40:20', 5),
(156, 'add', 't_sj_detail', 141, '{\"id_sj\":\"130\",\"id_jb\":\"39\",\"bruto\":\"4260\",\"potongan\":\"12.79\",\"netto\":\"4247.21\",\"id_harga\":\"104\",\"harga\":2340,\"bonus\":\"40\",\"total\":\"9785571.84\"}', '2021-03-05 08:41:40', 5),
(157, 'delete', 't_sj_detail', 141, '[{\"id\":\"141\",\"id_sj\":\"130\",\"id_jb\":\"39\",\"bruto\":\"4260.00\",\"potongan\":\"12.79\",\"netto\":\"4247.21\",\"id_harga\":\"104\",\"harga\":\"2340.00\",\"bonus\":\"40.00\",\"total\":\"9785571.84\"}]', '2021-03-05 08:42:48', 5),
(158, 'add', 't_sj_detail', 142, '{\"id_sj\":\"130\",\"id_jb\":\"39\",\"bruto\":\"4260\",\"potongan\":\"12.79\",\"netto\":\"4247.21\",\"id_harga\":\"104\",\"harga\":2340,\"bonus\":\"40\",\"total\":\"9938471.4\"}', '2021-03-05 08:43:04', 5),
(159, 'add', 't_sj_detail', 143, '{\"id_sj\":\"131\",\"id_jb\":\"31\",\"bruto\":\"10240\",\"potongan\":\"147.75\",\"netto\":\"10092.25\",\"id_harga\":\"105\",\"harga\":3900,\"bonus\":0,\"total\":\"39359775\"}', '2021-03-05 08:44:52', 5),
(160, 'add', 't_sj_detail', 144, '{\"id_sj\":\"132\",\"id_jb\":\"39\",\"bruto\":\"5640\",\"potongan\":\"34.96\",\"netto\":\"5605.04\",\"id_harga\":\"104\",\"harga\":2300,\"bonus\":0,\"total\":\"12891592\"}', '2021-03-05 08:47:18', 5),
(161, 'add', 't_sj_detail', 145, '{\"id_sj\":\"133\",\"id_jb\":\"31\",\"bruto\":\"17860\",\"potongan\":\"54.54\",\"netto\":\"17805.46\",\"id_harga\":\"105\",\"harga\":3940,\"bonus\":\"40\",\"total\":\"70153512.4\"}', '2021-03-05 08:48:46', 5),
(162, 'add', 't_sj_detail', 146, '{\"id_sj\":\"134\",\"id_jb\":\"29\",\"bruto\":\"400\",\"potongan\":\"3.76\",\"netto\":\"396.24\",\"id_harga\":\"115\",\"harga\":3300,\"bonus\":0,\"total\":\"1307592\"}', '2021-03-05 08:50:24', 5),
(163, 'add', 't_sj_detail', 147, '{\"id_sj\":\"135\",\"id_jb\":\"29\",\"bruto\":\"900\",\"potongan\":\"16.94\",\"netto\":\"883.06\",\"id_harga\":\"115\",\"harga\":3300,\"bonus\":0,\"total\":\"2914098\"}', '2021-03-05 09:11:31', 5),
(164, 'add', 't_sj_detail', 148, '{\"id_sj\":\"136\",\"id_jb\":\"31\",\"bruto\":\"6100\",\"potongan\":\"69.26\",\"netto\":\"6030.74\",\"id_harga\":\"105\",\"harga\":3900,\"bonus\":0,\"total\":\"23519886\"}', '2021-03-05 09:13:18', 5),
(165, 'add', 't_sj_detail', 149, '{\"id_sj\":\"137\",\"id_jb\":\"31\",\"bruto\":\"17780\",\"potongan\":\"346.56\",\"netto\":\"17433.44\",\"id_harga\":\"105\",\"harga\":3910,\"bonus\":\"10\",\"total\":\"68164750.4\"}', '2021-03-09 02:31:46', 5),
(166, 'add', 't_sj_detail', 150, '{\"id_sj\":\"138\",\"id_jb\":\"31\",\"bruto\":\"19340\",\"potongan\":\"275.85\",\"netto\":\"19064.15\",\"id_harga\":\"105\",\"harga\":3910,\"bonus\":\"10\",\"total\":\"74540826.5\"}', '2021-03-09 02:32:57', 5),
(167, 'add', 't_sj_detail', 151, '{\"id_sj\":\"139\",\"id_jb\":\"31\",\"bruto\":\"13140\",\"potongan\":\"145.68\",\"netto\":\"12994.32\",\"id_harga\":\"105\",\"harga\":3900,\"bonus\":0,\"total\":\"50677848\"}', '2021-03-09 02:34:51', 5),
(168, 'add', 't_sj_detail', 152, '{\"id_sj\":\"140\",\"id_jb\":\"37\",\"bruto\":\"8560\",\"potongan\":\"250.72\",\"netto\":\"8309.28\",\"id_harga\":\"107\",\"harga\":4150,\"bonus\":0,\"total\":\"34483512\"}', '2021-03-09 02:38:56', 5),
(169, 'add', 't_sj_detail', 153, '{\"id_sj\":\"141\",\"id_jb\":\"31\",\"bruto\":\"6480\",\"potongan\":\"162.69\",\"netto\":\"6317.31\",\"id_harga\":\"105\",\"harga\":3900,\"bonus\":0,\"total\":\"24637509\"}', '2021-03-09 02:40:17', 5),
(170, 'add', 't_sj_detail', 154, '{\"id_sj\":\"142\",\"id_jb\":\"31\",\"bruto\":\"6840\",\"potongan\":\"488.9\",\"netto\":\"6351.1\",\"id_harga\":\"105\",\"harga\":3900,\"bonus\":0,\"total\":\"24769290\"}', '2021-03-09 02:43:45', 5),
(171, 'add', 't_sj_detail', 155, '{\"id_sj\":\"143\",\"id_jb\":\"31\",\"bruto\":\"3020\",\"potongan\":\"155.17\",\"netto\":\"2864.83\",\"id_harga\":\"105\",\"harga\":3900,\"bonus\":0,\"total\":\"11172837\"}', '2021-03-09 02:47:25', 5),
(172, 'add', 't_sj_detail', 156, '{\"id_sj\":\"144\",\"id_jb\":\"37\",\"bruto\":\"6220\",\"potongan\":\"138.56\",\"netto\":\"6081.44\",\"id_harga\":\"107\",\"harga\":4150,\"bonus\":0,\"total\":\"25237976\"}', '2021-03-09 02:55:05', 5),
(173, 'add', 't_sj_detail', 157, '{\"id_sj\":\"145\",\"id_jb\":\"37\",\"bruto\":\"9220\",\"potongan\":\"252.45\",\"netto\":\"8967.55\",\"id_harga\":\"107\",\"harga\":4150,\"bonus\":0,\"total\":\"37215332.5\"}', '2021-03-09 02:56:57', 5),
(174, 'add', 't_sj_detail', 158, '{\"id_sj\":\"146\",\"id_jb\":\"39\",\"bruto\":\"4580\",\"potongan\":\"42.84\",\"netto\":\"4537.16\",\"id_harga\":\"104\",\"harga\":2300,\"bonus\":0,\"total\":\"10435468\"}', '2021-03-09 03:00:36', 5),
(175, 'add', 't_sj_detail', 159, '{\"id_sj\":\"147\",\"id_jb\":\"37\",\"bruto\":\"6400\",\"potongan\":\"125.89\",\"netto\":\"6274.11\",\"id_harga\":\"107\",\"harga\":4150,\"bonus\":0,\"total\":\"26037556.5\"}', '2021-03-09 03:03:33', 5),
(176, 'add', 't_sj_detail', 160, '{\"id_sj\":\"148\",\"id_jb\":\"37\",\"bruto\":\"9340\",\"potongan\":\"356.59\",\"netto\":\"8983.41\",\"id_harga\":\"107\",\"harga\":4150,\"bonus\":0,\"total\":\"37281151.5\"}', '2021-03-09 04:15:28', 5),
(177, 'add', 't_sj_detail', 161, '{\"id_sj\":\"149\",\"id_jb\":\"39\",\"bruto\":\"4800\",\"potongan\":\"44.25\",\"netto\":\"4755.75\",\"id_harga\":\"104\",\"harga\":2340,\"bonus\":\"40\",\"total\":\"11128455\"}', '2021-03-09 04:17:43', 5),
(178, 'add', 't_sj_detail', 162, '{\"id_sj\":\"150\",\"id_jb\":\"31\",\"bruto\":\"7200\",\"potongan\":\"253.57\",\"netto\":\"6946.43\",\"id_harga\":\"105\",\"harga\":3900,\"bonus\":0,\"total\":\"27091077\"}', '2021-03-09 04:21:07', 5),
(179, 'add', 't_sj_detail', 163, '{\"id_sj\":\"151\",\"id_jb\":\"31\",\"bruto\":\"5580\",\"potongan\":\"156.1\",\"netto\":\"5423.9\",\"id_harga\":\"105\",\"harga\":3900,\"bonus\":0,\"total\":\"21153210\"}', '2021-03-09 04:25:41', 5),
(180, 'add', 't_sj_detail', 164, '{\"id_sj\":\"152\",\"id_jb\":\"37\",\"bruto\":\"8280\",\"potongan\":\"95.01\",\"netto\":\"8184.99\",\"id_harga\":\"107\",\"harga\":4150,\"bonus\":0,\"total\":\"33967708.5\"}', '2021-03-09 04:29:15', 5),
(181, 'add', 't_sj_detail', 165, '{\"id_sj\":\"153\",\"id_jb\":\"39\",\"bruto\":\"5480\",\"potongan\":\"68.1\",\"netto\":\"5411.9\",\"id_harga\":\"104\",\"harga\":2300,\"bonus\":0,\"total\":\"12447370\"}', '2021-03-09 04:32:16', 5),
(182, 'add', 't_sj_detail', 166, '{\"id_sj\":\"154\",\"id_jb\":\"31\",\"bruto\":\"5160\",\"potongan\":\"564.6\",\"netto\":\"4595.4\",\"id_harga\":\"105\",\"harga\":3900,\"bonus\":0,\"total\":\"17922060\"}', '2021-03-09 04:35:36', 5),
(183, 'add', 't_sj_detail', 167, '{\"id_sj\":\"155\",\"id_jb\":\"31\",\"bruto\":\"12540\",\"potongan\":\"144.97\",\"netto\":\"12395.03\",\"id_harga\":\"105\",\"harga\":3900,\"bonus\":0,\"total\":\"48340617\"}', '2021-03-09 04:37:53', 5),
(184, 'add', 't_sj_detail', 168, '{\"id_sj\":\"156\",\"id_jb\":\"31\",\"bruto\":\"4160\",\"potongan\":\"82.39\",\"netto\":\"4077.61\",\"id_harga\":\"105\",\"harga\":3900,\"bonus\":0,\"total\":\"15902679\"}', '2021-03-09 04:41:22', 5),
(185, 'add', 't_sj_detail', 169, '{\"id_sj\":\"157\",\"id_jb\":\"39\",\"bruto\":\"3640\",\"potongan\":\"22.17\",\"netto\":\"3617.83\",\"id_harga\":\"104\",\"harga\":2300,\"bonus\":0,\"total\":\"8321009\"}', '2021-03-09 04:56:06', 5),
(186, 'add', 't_sj_detail', 170, '{\"id_sj\":\"158\",\"id_jb\":\"37\",\"bruto\":\"8400\",\"potongan\":\"256.15\",\"netto\":\"8143.85\",\"id_harga\":\"107\",\"harga\":4150,\"bonus\":0,\"total\":\"33796977.5\"}', '2021-03-09 04:57:21', 5),
(187, 'add', 't_sj_detail', 171, '{\"id_sj\":\"159\",\"id_jb\":\"31\",\"bruto\":\"11200\",\"potongan\":\"222.13\",\"netto\":\"10977.87\",\"id_harga\":\"105\",\"harga\":3900,\"bonus\":0,\"total\":\"42813693\"}', '2021-03-09 05:01:07', 5),
(188, 'add', 't_sj_detail', 172, '{\"id_sj\":\"160\",\"id_jb\":\"37\",\"bruto\":\"6220\",\"potongan\":\"240.45\",\"netto\":\"5979.55\",\"id_harga\":\"107\",\"harga\":4150,\"bonus\":0,\"total\":\"24815132.5\"}', '2021-03-09 05:02:32', 5),
(189, 'add', 't_sj_detail', 173, '{\"id_sj\":\"161\",\"id_jb\":\"37\",\"bruto\":\"8260\",\"potongan\":\"298.86\",\"netto\":\"7961.14\",\"id_harga\":\"107\",\"harga\":4150,\"bonus\":0,\"total\":\"33038731\"}', '2021-03-09 05:09:40', 5),
(190, 'add', 't_sj_detail', 174, '{\"id_sj\":\"162\",\"id_jb\":\"31\",\"bruto\":\"9540\",\"potongan\":\"263.25\",\"netto\":\"9276.75\",\"id_harga\":\"105\",\"harga\":3900,\"bonus\":0,\"total\":\"36179325\"}', '2021-03-09 05:11:06', 5),
(191, 'add', 't_sj_detail', 175, '{\"id_sj\":\"163\",\"id_jb\":\"31\",\"bruto\":\"8300\",\"potongan\":\"229.38\",\"netto\":\"8070.62\",\"id_harga\":\"105\",\"harga\":3900,\"bonus\":0,\"total\":\"31475418\"}', '2021-03-09 05:13:03', 5),
(192, 'add', 't_sj_detail', 176, '{\"id_sj\":\"164\",\"id_jb\":\"31\",\"bruto\":\"6580\",\"potongan\":\"770.16\",\"netto\":\"5809.84\",\"id_harga\":\"105\",\"harga\":3900,\"bonus\":0,\"total\":\"22658376\"}', '2021-03-09 05:14:29', 5),
(193, 'add', 't_sj_detail', 177, '{\"id_sj\":\"165\",\"id_jb\":\"31\",\"bruto\":\"5520\",\"potongan\":\"547.12\",\"netto\":\"4972.88\",\"id_harga\":\"105\",\"harga\":3900,\"bonus\":0,\"total\":\"19394232\"}', '2021-03-09 05:16:40', 5),
(194, 'add', 't_sj_detail', 178, '{\"id_sj\":\"166\",\"id_jb\":\"31\",\"bruto\":\"4160\",\"potongan\":\"144.22\",\"netto\":\"4015.78\",\"id_harga\":\"105\",\"harga\":3900,\"bonus\":0,\"total\":\"15661542\"}', '2021-03-09 06:03:03', 5),
(195, 'add', 't_sj_detail', 179, '{\"id_sj\":\"167\",\"id_jb\":\"31\",\"bruto\":\"6580\",\"potongan\":\"130.32\",\"netto\":\"6449.68\",\"id_harga\":\"105\",\"harga\":3900,\"bonus\":0,\"total\":\"25153752\"}', '2021-03-09 06:12:52', 5),
(196, 'add', 't_sj_detail', 180, '{\"id_sj\":\"168\",\"id_jb\":\"37\",\"bruto\":\"8700\",\"potongan\":\"335.54\",\"netto\":\"8364.46\",\"id_harga\":\"107\",\"harga\":4150,\"bonus\":0,\"total\":\"34712509\"}', '2021-03-09 06:14:54', 5),
(197, 'add', 't_sj_detail', 181, '{\"id_sj\":\"169\",\"id_jb\":\"37\",\"bruto\":\"7380\",\"potongan\":\"146.7\",\"netto\":\"7233.3\",\"id_harga\":\"107\",\"harga\":4150,\"bonus\":0,\"total\":\"30018195\"}', '2021-03-09 06:47:14', 5),
(198, 'add', 't_sj_detail', 182, '{\"id_sj\":\"170\",\"id_jb\":\"39\",\"bruto\":\"680\",\"potongan\":\"21.26\",\"netto\":\"658.74\",\"id_harga\":\"104\",\"harga\":2300,\"bonus\":0,\"total\":\"1515102\"}', '2021-03-09 06:49:54', 5),
(199, 'add', 't_sj_detail', 183, '{\"id_sj\":\"171\",\"id_jb\":\"39\",\"bruto\":\"1380\",\"potongan\":\"26.4\",\"netto\":\"1353.6\",\"id_harga\":\"104\",\"harga\":2300,\"bonus\":0,\"total\":\"3113280\"}', '2021-03-09 06:51:05', 5),
(200, 'add', 't_sj_detail', 184, '{\"id_sj\":\"172\",\"id_jb\":\"31\",\"bruto\":\"3580\",\"potongan\":\"111.54\",\"netto\":\"3468.46\",\"id_harga\":\"105\",\"harga\":3900,\"bonus\":0,\"total\":\"13526994\"}', '2021-03-09 06:52:44', 5),
(201, 'add', 't_sj_detail', 185, '{\"id_sj\":\"173\",\"id_jb\":\"31\",\"bruto\":\"6620\",\"potongan\":\"281.52\",\"netto\":\"6338.48\",\"id_harga\":\"105\",\"harga\":3900,\"bonus\":0,\"total\":\"24720072\"}', '2021-03-09 06:54:07', 5),
(202, 'add', 't_sj_detail', 186, '{\"id_sj\":\"174\",\"id_jb\":\"37\",\"bruto\":\"11420\",\"potongan\":\"779.05\",\"netto\":\"10640.95\",\"id_harga\":\"107\",\"harga\":4150,\"bonus\":0,\"total\":\"44159942.5\"}', '2021-03-09 06:55:53', 5),
(203, 'add', 't_sj_detail', 187, '{\"id_sj\":\"175\",\"id_jb\":\"31\",\"bruto\":\"17820\",\"potongan\":\"353.2\",\"netto\":\"17466.8\",\"id_harga\":\"105\",\"harga\":3900,\"bonus\":0,\"total\":\"68120520\"}', '2021-03-09 07:16:40', 5),
(204, 'delete', 't_sj_detail', 187, '[{\"id\":\"187\",\"id_sj\":\"175\",\"id_jb\":\"31\",\"bruto\":\"17820.00\",\"potongan\":\"353.20\",\"netto\":\"17466.80\",\"id_harga\":\"105\",\"harga\":\"3900.00\",\"bonus\":\"0.00\",\"total\":\"68120520.00\"}]', '2021-03-09 07:16:49', 5),
(205, 'add', 't_sj_detail', 188, '{\"id_sj\":\"175\",\"id_jb\":\"31\",\"bruto\":\"17820\",\"potongan\":\"353.2\",\"netto\":\"17466.8\",\"id_harga\":\"105\",\"harga\":3910,\"bonus\":\"10\",\"total\":\"68295188\"}', '2021-03-09 07:17:03', 5),
(206, 'add', 't_sj_detail', 189, '{\"id_sj\":\"176\",\"id_jb\":\"31\",\"bruto\":\"18400\",\"potongan\":\"512.4\",\"netto\":\"17887.6\",\"id_harga\":\"105\",\"harga\":3910,\"bonus\":\"10\",\"total\":\"69940516\"}', '2021-03-09 07:23:19', 5),
(207, 'add', 't_sj_detail', 190, '{\"id_sj\":\"177\",\"id_jb\":\"31\",\"bruto\":\"5980\",\"potongan\":\"168.68\",\"netto\":\"5811.32\",\"id_harga\":\"105\",\"harga\":3900,\"bonus\":0,\"total\":\"22664148\"}', '2021-03-09 07:25:54', 5),
(208, 'add', 't_sj_detail', 191, '{\"id_sj\":\"178\",\"id_jb\":\"31\",\"bruto\":\"780\",\"potongan\":\"21.72\",\"netto\":\"758.28\",\"id_harga\":\"105\",\"harga\":3900,\"bonus\":0,\"total\":\"2957292\"}', '2021-03-09 07:27:46', 5),
(209, 'add', 't_sj_detail', 192, '{\"id_sj\":\"179\",\"id_jb\":\"39\",\"bruto\":\"4360\",\"potongan\":\"100.14\",\"netto\":\"4259.86\",\"id_harga\":\"104\",\"harga\":2300,\"bonus\":0,\"total\":\"9797678\"}', '2021-03-09 07:33:42', 5),
(210, 'add', 't_sj_detail', 193, '{\"id_sj\":\"180\",\"id_jb\":\"39\",\"bruto\":\"4900\",\"potongan\":\"52.95\",\"netto\":\"4847.05\",\"id_harga\":\"104\",\"harga\":2300,\"bonus\":0,\"total\":\"11148215\"}', '2021-03-09 07:35:25', 5);
INSERT INTO `logs` (`id`, `jenis`, `tabel`, `reff`, `json`, `created_at`, `created_by`) VALUES
(211, 'add', 't_sj_detail', 194, '{\"id_sj\":\"181\",\"id_jb\":\"31\",\"bruto\":\"7380\",\"potongan\":\"262.95\",\"netto\":\"7117.05\",\"id_harga\":\"105\",\"harga\":3900,\"bonus\":0,\"total\":\"27756495\"}', '2021-03-09 07:38:49', 5),
(212, 'add', 't_sj_detail', 195, '{\"id_sj\":\"182\",\"id_jb\":\"31\",\"bruto\":\"4340\",\"potongan\":\"204.03\",\"netto\":\"4135.97\",\"id_harga\":\"105\",\"harga\":3900,\"bonus\":0,\"total\":\"16130283\"}', '2021-03-09 07:40:20', 5),
(213, 'add', 't_sj_detail', 196, '{\"id_sj\":\"183\",\"id_jb\":\"37\",\"bruto\":\"8520\",\"potongan\":\"425.69\",\"netto\":\"8094.31\",\"id_harga\":\"107\",\"harga\":4150,\"bonus\":0,\"total\":\"33591386.5\"}', '2021-03-09 07:42:15', 5),
(214, 'add', 't_sj_detail', 197, '{\"id_sj\":\"184\",\"id_jb\":\"31\",\"bruto\":\"11280\",\"potongan\":\"305.99\",\"netto\":\"10974.01\",\"id_harga\":\"105\",\"harga\":3900,\"bonus\":0,\"total\":\"42798639\"}', '2021-03-09 07:43:40', 5),
(215, 'add', 't_sj_detail', 198, '{\"id_sj\":\"185\",\"id_jb\":\"31\",\"bruto\":\"10000\",\"potongan\":\"364.75\",\"netto\":\"9635.25\",\"id_harga\":\"105\",\"harga\":3900,\"bonus\":0,\"total\":\"37577475\"}', '2021-03-09 07:52:37', 5),
(216, 'add', 't_sj_detail', 199, '{\"id_sj\":\"186\",\"id_jb\":\"37\",\"bruto\":\"10520\",\"potongan\":\"400.7\",\"netto\":\"10119.3\",\"id_harga\":\"107\",\"harga\":4150,\"bonus\":0,\"total\":\"41995095\"}', '2021-03-09 07:54:05', 5),
(217, 'add', 't_sj_detail', 200, '{\"id_sj\":\"187\",\"id_jb\":\"31\",\"bruto\":\"10620\",\"potongan\":\"475.67\",\"netto\":\"10144.33\",\"id_harga\":\"105\",\"harga\":3900,\"bonus\":0,\"total\":\"39562887\"}', '2021-03-09 07:56:56', 5),
(218, 'add', 't_sj_detail', 201, '{\"id_sj\":\"188\",\"id_jb\":\"27\",\"bruto\":\"5980\",\"potongan\":\"237.09\",\"netto\":\"5742.91\",\"id_harga\":\"118\",\"harga\":3550,\"bonus\":0,\"total\":\"20387330.5\"}', '2021-03-09 07:59:16', 5),
(219, 'add', 't_sj_detail', 202, '{\"id_sj\":\"189\",\"id_jb\":\"39\",\"bruto\":\"5280\",\"potongan\":\"32.97\",\"netto\":\"5247.03\",\"id_harga\":\"104\",\"harga\":2300,\"bonus\":0,\"total\":\"12068169\"}', '2021-03-09 08:05:37', 5),
(220, 'add', 't_sj_detail', 203, '{\"id_sj\":\"190\",\"id_jb\":\"31\",\"bruto\":\"6360\",\"potongan\":\"864.69\",\"netto\":\"5495.31\",\"id_harga\":\"105\",\"harga\":3900,\"bonus\":0,\"total\":\"21431709\"}', '2021-03-09 08:41:47', 5),
(221, 'add', 't_sj_detail', 204, '{\"id_sj\":\"191\",\"id_jb\":\"31\",\"bruto\":\"6060\",\"potongan\":\"811.26\",\"netto\":\"5248.74\",\"id_harga\":\"105\",\"harga\":3900,\"bonus\":0,\"total\":\"20470086\"}', '2021-03-09 08:43:23', 5),
(222, 'add', 't_sj_detail', 205, '{\"id_sj\":\"192\",\"id_jb\":\"37\",\"bruto\":\"9960\",\"potongan\":\"942.2\",\"netto\":\"9017.8\",\"id_harga\":\"107\",\"harga\":4150,\"bonus\":0,\"total\":\"37423870\"}', '2021-03-09 08:45:29', 5),
(223, 'add', 't_sj_detail', 206, '{\"id_sj\":\"193\",\"id_jb\":\"32\",\"bruto\":\"4640\",\"potongan\":\"2940.52\",\"netto\":\"1699.48\",\"id_harga\":\"109\",\"harga\":3800,\"bonus\":0,\"total\":\"6458024\"}', '2021-03-09 08:49:32', 5),
(224, 'add', 't_sj_detail', 207, '{\"id_sj\":\"194\",\"id_jb\":\"38\",\"bruto\":\"2960\",\"potongan\":\"877.3\",\"netto\":\"2082.7\",\"id_harga\":\"111\",\"harga\":4050,\"bonus\":0,\"total\":\"8434935\"}', '2021-03-09 08:58:12', 5),
(225, 'add', 't_sj_detail', 208, '{\"id_sj\":\"195\",\"id_jb\":\"31\",\"bruto\":\"9240\",\"potongan\":\"473.78\",\"netto\":\"8766.22\",\"id_harga\":\"105\",\"harga\":3900,\"bonus\":0,\"total\":\"34188258\"}', '2021-03-09 09:00:38', 5),
(226, 'add', 't_sj_detail', 209, '{\"id_sj\":\"196\",\"id_jb\":\"31\",\"bruto\":\"6040\",\"potongan\":\"181.56\",\"netto\":\"5858.44\",\"id_harga\":\"105\",\"harga\":3900,\"bonus\":0,\"total\":\"22847916\"}', '2021-03-09 09:02:20', 5),
(227, 'add', 't_sj_detail', 210, '{\"id_sj\":\"197\",\"id_jb\":\"31\",\"bruto\":\"9200\",\"potongan\":\"689.19\",\"netto\":\"8510.81\",\"id_harga\":\"105\",\"harga\":3900,\"bonus\":0,\"total\":\"33192159\"}', '2021-03-09 09:11:03', 5),
(228, 'add', 't_sj_detail', 211, '{\"id_sj\":\"198\",\"id_jb\":\"39\",\"bruto\":\"4740\",\"potongan\":\"18.23\",\"netto\":\"4721.77\",\"id_harga\":\"104\",\"harga\":2340,\"bonus\":\"40\",\"total\":\"11048941.8\"}', '2021-03-09 09:12:37', 5),
(229, 'add', 't_sj_detail', 212, '{\"id_sj\":\"199\",\"id_jb\":\"39\",\"bruto\":\"3260\",\"potongan\":\"10.05\",\"netto\":\"3249.95\",\"id_harga\":\"104\",\"harga\":2300,\"bonus\":0,\"total\":\"7474885\"}', '2021-03-09 09:29:22', 5),
(230, 'add', 't_sj_detail', 213, '{\"id_sj\":\"200\",\"id_jb\":\"31\",\"bruto\":\"22100\",\"potongan\":\"438.33\",\"netto\":\"21661.67\",\"id_harga\":\"105\",\"harga\":3940,\"bonus\":\"40\",\"total\":\"85346979.8\"}', '2021-03-09 09:31:37', 5),
(231, 'add', 't_sj_detail', 214, '{\"id_sj\":\"201\",\"id_jb\":\"37\",\"bruto\":\"9660\",\"potongan\":\"448.9\",\"netto\":\"9211.1\",\"id_harga\":\"107\",\"harga\":4150,\"bonus\":0,\"total\":\"38226065\"}', '2021-03-09 09:33:35', 5),
(232, 'add', 't_sj_detail', 215, '{\"id_sj\":\"202\",\"id_jb\":\"31\",\"bruto\":\"23260\",\"potongan\":\"892.93\",\"netto\":\"22367.07\",\"id_harga\":\"105\",\"harga\":3910,\"bonus\":\"10\",\"total\":\"87455243.7\"}', '2021-03-16 02:49:45', 5),
(233, 'add', 't_sj_detail', 216, '{\"id_sj\":\"203\",\"id_jb\":\"37\",\"bruto\":\"10540\",\"potongan\":\"647.45\",\"netto\":\"9892.55\",\"id_harga\":\"107\",\"harga\":4150,\"bonus\":0,\"total\":\"41054082.5\"}', '2021-03-16 02:52:55', 5),
(234, 'add', 't_sj_detail', 217, '{\"id_sj\":\"204\",\"id_jb\":\"31\",\"bruto\":\"7740\",\"potongan\":\"234.58\",\"netto\":\"7505.42\",\"id_harga\":\"105\",\"harga\":3900,\"bonus\":0,\"total\":\"29271138\"}', '2021-03-16 02:55:33', 5),
(235, 'add', 't_sj_detail', 218, '{\"id_sj\":\"205\",\"id_jb\":\"39\",\"bruto\":\"6260\",\"potongan\":\"58.59\",\"netto\":\"6201.41\",\"id_harga\":\"104\",\"harga\":2300,\"bonus\":0,\"total\":\"14263243\"}', '2021-03-16 02:58:29', 5),
(236, 'add', 't_sj_detail', 219, '{\"id_sj\":\"206\",\"id_jb\":\"31\",\"bruto\":\"8540\",\"potongan\":\"259.21\",\"netto\":\"8280.79\",\"id_harga\":\"105\",\"harga\":3900,\"bonus\":0,\"total\":\"32295081\"}', '2021-03-16 03:01:02', 5),
(237, 'add', 't_sj_detail', 220, '{\"id_sj\":\"207\",\"id_jb\":\"39\",\"bruto\":\"4640\",\"potongan\":\"35.91\",\"netto\":\"4604.09\",\"id_harga\":\"104\",\"harga\":2340,\"bonus\":\"40\",\"total\":\"10773570.6\"}', '2021-03-16 03:11:31', 5),
(238, 'add', 't_sj_detail', 221, '{\"id_sj\":\"208\",\"id_jb\":\"39\",\"bruto\":\"4980\",\"potongan\":\"30.87\",\"netto\":\"4949.13\",\"id_harga\":\"104\",\"harga\":2340,\"bonus\":\"40\",\"total\":\"11580964.2\"}', '2021-03-16 03:17:00', 5),
(239, 'add', 't_sj_detail', 222, '{\"id_sj\":\"209\",\"id_jb\":\"31\",\"bruto\":\"3920\",\"potongan\":\"86.24\",\"netto\":\"3833.76\",\"id_harga\":\"105\",\"harga\":3900,\"bonus\":0,\"total\":\"14951664\"}', '2021-03-16 03:27:17', 5),
(240, 'add', 't_sj_detail', 223, '{\"id_sj\":\"210\",\"id_jb\":\"31\",\"bruto\":\"4300\",\"potongan\":\"155.45\",\"netto\":\"4144.55\",\"id_harga\":\"105\",\"harga\":3900,\"bonus\":0,\"total\":\"16163745\"}', '2021-03-16 03:29:38', 5),
(241, 'add', 't_sj_detail', 224, '{\"id_sj\":\"211\",\"id_jb\":\"31\",\"bruto\":\"8520\",\"potongan\":\"167.21\",\"netto\":\"8352.79\",\"id_harga\":\"105\",\"harga\":3900,\"bonus\":0,\"total\":\"32575881\"}', '2021-03-16 03:32:20', 5),
(242, 'add', 't_sj_detail', 225, '{\"id_sj\":\"212\",\"id_jb\":\"31\",\"bruto\":\"9860\",\"potongan\":\"302.31\",\"netto\":\"9557.69\",\"id_harga\":\"105\",\"harga\":3900,\"bonus\":0,\"total\":\"37274991\"}', '2021-03-16 03:38:52', 5),
(243, 'add', 't_sj_detail', 226, '{\"id_sj\":\"213\",\"id_jb\":\"31\",\"bruto\":\"22200\",\"potongan\":\"68.01\",\"netto\":\"22131.99\",\"id_harga\":\"105\",\"harga\":3940,\"bonus\":\"40\",\"total\":\"87200040.6\"}', '2021-03-16 03:49:08', 5),
(244, 'add', 't_sj_detail', 227, '{\"id_sj\":\"214\",\"id_jb\":\"31\",\"bruto\":\"8460\",\"potongan\":\"25.94\",\"netto\":\"8434.06\",\"id_harga\":\"105\",\"harga\":3900,\"bonus\":0,\"total\":\"32892834\"}', '2021-03-16 03:52:04', 5),
(245, 'add', 't_sj_detail', 228, '{\"id_sj\":\"215\",\"id_jb\":\"37\",\"bruto\":\"8840\",\"potongan\":\"486.01\",\"netto\":\"8353.99\",\"id_harga\":\"107\",\"harga\":4150,\"bonus\":0,\"total\":\"34669058.5\"}', '2021-03-16 03:53:39', 5),
(246, 'delete', 't_sj_detail', 95, '[{\"id\":\"95\",\"id_sj\":\"85\",\"id_jb\":\"28\",\"bruto\":\"18360.00\",\"potongan\":\"1030.32\",\"netto\":\"17329.68\",\"id_harga\":\"126\",\"harga\":\"3650.00\",\"bonus\":\"0.00\",\"total\":\"63253332.00\"}]', '2021-03-16 06:24:00', 5),
(247, 'add', 't_sj_detail', 229, '{\"id_sj\":\"85\",\"id_jb\":\"28\",\"bruto\":\"18360\",\"potongan\":\"1030.32\",\"netto\":\"17329.68\",\"id_harga\":\"126\",\"harga\":3690,\"bonus\":\"40\",\"total\":\"63946519.2\"}', '2021-03-16 06:24:26', 5),
(248, 'add', 't_sj_detail', 230, '{\"id_sj\":\"216\",\"id_jb\":\"31\",\"bruto\":\"12740\",\"potongan\":\"345.32\",\"netto\":\"12394.68\",\"id_harga\":\"105\",\"harga\":3900,\"bonus\":0,\"total\":\"48339252\"}', '2021-03-16 06:28:22', 5),
(249, 'add', 't_sj_detail', 231, '{\"id_sj\":\"217\",\"id_jb\":\"39\",\"bruto\":\"1260\",\"potongan\":\"3.8\",\"netto\":\"1256.2\",\"id_harga\":\"104\",\"harga\":2300,\"bonus\":0,\"total\":\"2889260\"}', '2021-03-16 06:29:49', 5),
(250, 'add', 't_sj_detail', 232, '{\"id_sj\":\"218\",\"id_jb\":\"31\",\"bruto\":\"8240\",\"potongan\":\"253.8\",\"netto\":\"7986.2\",\"id_harga\":\"105\",\"harga\":3900,\"bonus\":0,\"total\":\"31146180\"}', '2021-03-16 06:31:12', 5),
(251, 'add', 't_sj_detail', 233, '{\"id_sj\":\"219\",\"id_jb\":\"31\",\"bruto\":\"4280\",\"potongan\":\"84\",\"netto\":\"4196\",\"id_harga\":\"105\",\"harga\":3900,\"bonus\":0,\"total\":\"16364400\"}', '2021-03-16 06:32:42', 5),
(252, 'add', 't_sj_detail', 234, '{\"id_sj\":\"220\",\"id_jb\":\"31\",\"bruto\":\"740\",\"potongan\":\"66.65\",\"netto\":\"673.35\",\"id_harga\":\"105\",\"harga\":3900,\"bonus\":0,\"total\":\"2626065\"}', '2021-03-16 06:34:31', 5),
(253, 'add', 't_sj_detail', 235, '{\"id_sj\":\"221\",\"id_jb\":\"31\",\"bruto\":\"9840\",\"potongan\":\"296.84\",\"netto\":\"9543.16\",\"id_harga\":\"105\",\"harga\":3900,\"bonus\":0,\"total\":\"37218324\"}', '2021-03-16 06:39:03', 5),
(254, 'add', 't_sj_detail', 236, '{\"id_sj\":\"222\",\"id_jb\":\"37\",\"bruto\":\"10820\",\"potongan\":\"1047.94\",\"netto\":\"9772.06\",\"id_harga\":\"107\",\"harga\":4150,\"bonus\":0,\"total\":\"40554049\"}', '2021-03-16 06:42:31', 5),
(255, 'add', 't_sj_detail', 237, '{\"id_sj\":\"223\",\"id_jb\":\"31\",\"bruto\":\"7400\",\"potongan\":\"223.56\",\"netto\":\"7176.44\",\"id_harga\":\"105\",\"harga\":3900,\"bonus\":0,\"total\":\"27988116\"}', '2021-03-16 06:46:35', 5),
(256, 'add', 't_sj_detail', 238, '{\"id_sj\":\"224\",\"id_jb\":\"37\",\"bruto\":\"9400\",\"potongan\":\"385.92\",\"netto\":\"9014.08\",\"id_harga\":\"107\",\"harga\":4150,\"bonus\":0,\"total\":\"37408432\"}', '2021-03-16 06:47:53', 5),
(257, 'add', 't_sj_detail', 239, '{\"id_sj\":\"225\",\"id_jb\":\"37\",\"bruto\":\"9120\",\"potongan\":\"278.11\",\"netto\":\"8841.89\",\"id_harga\":\"107\",\"harga\":4150,\"bonus\":0,\"total\":\"36693843.5\"}', '2021-03-16 06:48:57', 5),
(258, 'add', 't_sj_detail', 240, '{\"id_sj\":\"226\",\"id_jb\":\"31\",\"bruto\":\"8160\",\"potongan\":\"378.89\",\"netto\":\"7781.11\",\"id_harga\":\"105\",\"harga\":3900,\"bonus\":0,\"total\":\"30346329\"}', '2021-03-16 06:51:02', 5),
(259, 'add', 't_sj_detail', 241, '{\"id_sj\":\"227\",\"id_jb\":\"31\",\"bruto\":\"19980\",\"potongan\":\"623.38\",\"netto\":\"19356.62\",\"id_harga\":\"105\",\"harga\":3900,\"bonus\":0,\"total\":\"75490818\"}', '2021-03-16 06:54:21', 5),
(260, 'delete', 't_sj_detail', 241, '[{\"id\":\"241\",\"id_sj\":\"227\",\"id_jb\":\"31\",\"bruto\":\"19980.00\",\"potongan\":\"623.38\",\"netto\":\"19356.62\",\"id_harga\":\"105\",\"harga\":\"3900.00\",\"bonus\":\"0.00\",\"total\":\"75490818.00\"}]', '2021-03-16 06:54:45', 5),
(261, 'add', 't_sj_detail', 242, '{\"id_sj\":\"227\",\"id_jb\":\"31\",\"bruto\":\"19980\",\"potongan\":\"623.38\",\"netto\":\"19356.62\",\"id_harga\":\"105\",\"harga\":3910,\"bonus\":\"10\",\"total\":\"75684384.2\"}', '2021-03-16 06:55:00', 5),
(262, 'add', 't_sj_detail', 243, '{\"id_sj\":\"228\",\"id_jb\":\"31\",\"bruto\":\"6760\",\"potongan\":\"264.94\",\"netto\":\"6495.06\",\"id_harga\":\"105\",\"harga\":3900,\"bonus\":0,\"total\":\"25330734\"}', '2021-03-16 06:56:16', 5),
(263, 'add', 't_sj_detail', 244, '{\"id_sj\":\"229\",\"id_jb\":\"37\",\"bruto\":\"8100\",\"potongan\":\"399.47\",\"netto\":\"7700.53\",\"id_harga\":\"107\",\"harga\":4150,\"bonus\":0,\"total\":\"31957199.5\"}', '2021-03-16 06:57:24', 5),
(264, 'add', 't_sj_detail', 245, '{\"id_sj\":\"230\",\"id_jb\":\"31\",\"bruto\":\"3240\",\"potongan\":\"279.69\",\"netto\":\"2960.31\",\"id_harga\":\"105\",\"harga\":3900,\"bonus\":0,\"total\":\"11545209\"}', '2021-03-16 07:02:51', 5),
(265, 'add', 't_sj_detail', 246, '{\"id_sj\":\"231\",\"id_jb\":\"31\",\"bruto\":\"5660\",\"potongan\":\"112.26\",\"netto\":\"5547.74\",\"id_harga\":\"105\",\"harga\":3900,\"bonus\":0,\"total\":\"21636186\"}', '2021-03-16 07:11:29', 5),
(266, 'add', 't_sj_detail', 247, '{\"id_sj\":\"232\",\"id_jb\":\"31\",\"bruto\":\"3120\",\"potongan\":\"131.3\",\"netto\":\"2988.7\",\"id_harga\":\"105\",\"harga\":3900,\"bonus\":0,\"total\":\"11655930\"}', '2021-03-16 07:12:54', 5),
(267, 'add', 't_sj_detail', 248, '{\"id_sj\":\"233\",\"id_jb\":\"39\",\"bruto\":\"3560\",\"potongan\":\"10.77\",\"netto\":\"3549.23\",\"id_harga\":\"104\",\"harga\":2300,\"bonus\":0,\"total\":\"8163229\"}', '2021-03-16 07:16:32', 5),
(268, 'add', 't_sj_detail', 249, '{\"id_sj\":\"234\",\"id_jb\":\"31\",\"bruto\":\"5100\",\"potongan\":\"448.11\",\"netto\":\"4651.89\",\"id_harga\":\"105\",\"harga\":3900,\"bonus\":0,\"total\":\"18142371\"}', '2021-03-16 07:23:44', 5),
(269, 'add', 't_sj_detail', 250, '{\"id_sj\":\"235\",\"id_jb\":\"31\",\"bruto\":\"5100\",\"potongan\":\"157.09\",\"netto\":\"4942.91\",\"id_harga\":\"105\",\"harga\":3900,\"bonus\":0,\"total\":\"19277349\"}', '2021-03-16 07:32:54', 5),
(270, 'add', 't_sj_detail', 251, '{\"id_sj\":\"236\",\"id_jb\":\"31\",\"bruto\":\"22120\",\"potongan\":\"439.07\",\"netto\":\"21680.93\",\"id_harga\":\"105\",\"harga\":3940,\"bonus\":\"40\",\"total\":\"85422864.2\"}', '2021-03-16 07:34:12', 5),
(271, 'add', 't_sj_detail', 252, '{\"id_sj\":\"237\",\"id_jb\":\"31\",\"bruto\":\"7120\",\"potongan\":\"198.12\",\"netto\":\"6921.88\",\"id_harga\":\"105\",\"harga\":3900,\"bonus\":0,\"total\":\"26995332\"}', '2021-03-16 07:35:40', 5),
(272, 'add', 't_sj_detail', 253, '{\"id_sj\":\"238\",\"id_jb\":\"31\",\"bruto\":\"6520\",\"potongan\":\"128.36\",\"netto\":\"6391.64\",\"id_harga\":\"105\",\"harga\":3900,\"bonus\":0,\"total\":\"24927396\"}', '2021-03-16 07:38:56', 5),
(273, 'add', 't_sj_detail', 254, '{\"id_sj\":\"239\",\"id_jb\":\"31\",\"bruto\":\"12200\",\"potongan\":\"374.61\",\"netto\":\"11825.39\",\"id_harga\":\"105\",\"harga\":3900,\"bonus\":0,\"total\":\"46119021\"}', '2021-03-16 07:40:13', 5),
(274, 'add', 't_sj_detail', 255, '{\"id_sj\":\"240\",\"id_jb\":\"31\",\"bruto\":\"9480\",\"potongan\":\"336.21\",\"netto\":\"9143.79\",\"id_harga\":\"105\",\"harga\":3900,\"bonus\":0,\"total\":\"35660781\"}', '2021-03-16 07:41:31', 5),
(275, 'add', 't_sj_detail', 256, '{\"id_sj\":\"241\",\"id_jb\":\"31\",\"bruto\":\"5700\",\"potongan\":\"374.16\",\"netto\":\"5325.84\",\"id_harga\":\"105\",\"harga\":3900,\"bonus\":0,\"total\":\"20770776\"}', '2021-03-16 07:43:19', 5),
(276, 'add', 't_sj_detail', 257, '{\"id_sj\":\"242\",\"id_jb\":\"37\",\"bruto\":\"9500\",\"potongan\":\"184.89\",\"netto\":\"9315.11\",\"id_harga\":\"107\",\"harga\":4150,\"bonus\":0,\"total\":\"38657706.5\"}', '2021-03-16 07:45:23', 5),
(277, 'add', 't_sj_detail', 258, '{\"id_sj\":\"243\",\"id_jb\":\"37\",\"bruto\":\"9480\",\"potongan\":\"486.7\",\"netto\":\"8993.3\",\"id_harga\":\"107\",\"harga\":4150,\"bonus\":0,\"total\":\"37322195\"}', '2021-03-16 07:46:43', 5),
(278, 'add', 't_sj_detail', 259, '{\"id_sj\":\"244\",\"id_jb\":\"31\",\"bruto\":\"4920\",\"potongan\":\"191.65\",\"netto\":\"4728.35\",\"id_harga\":\"105\",\"harga\":3900,\"bonus\":0,\"total\":\"18440565\"}', '2021-03-16 07:49:58', 5),
(279, 'add', 't_sj_detail', 260, '{\"id_sj\":\"245\",\"id_jb\":\"31\",\"bruto\":\"6720\",\"potongan\":\"921.56\",\"netto\":\"5798.44\",\"id_harga\":\"105\",\"harga\":3900,\"bonus\":0,\"total\":\"22613916\"}', '2021-03-16 07:51:25', 5),
(280, 'add', 't_sj_detail', 261, '{\"id_sj\":\"246\",\"id_jb\":\"37\",\"bruto\":\"7020\",\"potongan\":\"194\",\"netto\":\"6826\",\"id_harga\":\"107\",\"harga\":4150,\"bonus\":0,\"total\":\"28327900\"}', '2021-03-16 07:55:36', 5),
(281, 'add', 't_sj_detail', 262, '{\"id_sj\":\"247\",\"id_jb\":\"31\",\"bruto\":\"23060\",\"potongan\":\"1715.6\",\"netto\":\"21344.4\",\"id_harga\":\"105\",\"harga\":3940,\"bonus\":\"40\",\"total\":\"84096936\"}', '2021-03-16 07:58:44', 5),
(282, 'add', 't_sj_detail', 263, '{\"id_sj\":\"248\",\"id_jb\":\"39\",\"bruto\":\"4960\",\"potongan\":\"15.33\",\"netto\":\"4944.67\",\"id_harga\":\"104\",\"harga\":2300,\"bonus\":0,\"total\":\"11372741\"}', '2021-03-16 08:03:04', 5),
(283, 'add', 't_sj_detail', 264, '{\"id_sj\":\"249\",\"id_jb\":\"31\",\"bruto\":\"5380\",\"potongan\":\"205.89\",\"netto\":\"5174.11\",\"id_harga\":\"105\",\"harga\":3900,\"bonus\":0,\"total\":\"20179029\"}', '2021-03-16 08:04:02', 5),
(284, 'add', 't_sj_detail', 265, '{\"id_sj\":\"250\",\"id_jb\":\"31\",\"bruto\":\"4980\",\"potongan\":\"463.83\",\"netto\":\"4516.17\",\"id_harga\":\"105\",\"harga\":3900,\"bonus\":0,\"total\":\"17613063\"}', '2021-03-16 08:07:26', 5),
(285, 'add', 't_sj_detail', 266, '{\"id_sj\":\"251\",\"id_jb\":\"28\",\"bruto\":\"12840\",\"potongan\":\"614.81\",\"netto\":\"12225.19\",\"id_harga\":\"123\",\"harga\":3950,\"bonus\":0,\"total\":\"48289500.5\"}', '2021-03-16 08:09:11', 5),
(286, 'add', 't_sj_detail', 267, '{\"id_sj\":\"252\",\"id_jb\":\"37\",\"bruto\":\"9960\",\"potongan\":\"1067.01\",\"netto\":\"8892.99\",\"id_harga\":\"107\",\"harga\":4150,\"bonus\":0,\"total\":\"36905908.5\"}', '2021-03-16 08:11:18', 5),
(287, 'add', 't_sj_detail', 268, '{\"id_sj\":\"253\",\"id_jb\":\"31\",\"bruto\":\"3080\",\"potongan\":\"83.75\",\"netto\":\"2996.25\",\"id_harga\":\"105\",\"harga\":3900,\"bonus\":0,\"total\":\"11685375\"}', '2021-03-16 08:15:03', 5),
(288, 'add', 't_sj_detail', 269, '{\"id_sj\":\"254\",\"id_jb\":\"37\",\"bruto\":\"6100\",\"potongan\":\"197.52\",\"netto\":\"5902.48\",\"id_harga\":\"107\",\"harga\":4150,\"bonus\":0,\"total\":\"24495292\"}', '2021-03-17 02:33:55', 5),
(289, 'add', 't_sj_detail', 270, '{\"id_sj\":\"255\",\"id_jb\":\"31\",\"bruto\":\"3620\",\"potongan\":\"109.71\",\"netto\":\"3510.29\",\"id_harga\":\"105\",\"harga\":3900,\"bonus\":0,\"total\":\"13690131\"}', '2021-03-17 02:35:38', 5),
(290, 'add', 't_sj_detail', 271, '{\"id_sj\":\"256\",\"id_jb\":\"31\",\"bruto\":\"9580\",\"potongan\":\"212.25\",\"netto\":\"9367.75\",\"id_harga\":\"105\",\"harga\":3900,\"bonus\":0,\"total\":\"36534225\"}', '2021-03-17 02:37:43', 5),
(291, 'add', 't_sj_detail', 272, '{\"id_sj\":\"257\",\"id_jb\":\"31\",\"bruto\":\"8260\",\"potongan\":\"232.12\",\"netto\":\"8027.88\",\"id_harga\":\"105\",\"harga\":3900,\"bonus\":0,\"total\":\"31308732\"}', '2021-03-17 02:41:26', 5),
(292, 'add', 't_sj_detail', 273, '{\"id_sj\":\"258\",\"id_jb\":\"31\",\"bruto\":\"4960\",\"potongan\":\"324.19\",\"netto\":\"4635.81\",\"id_harga\":\"105\",\"harga\":3900,\"bonus\":0,\"total\":\"18079659\"}', '2021-03-17 02:42:31', 5),
(293, 'add', 't_sj_detail', 274, '{\"id_sj\":\"259\",\"id_jb\":\"39\",\"bruto\":\"4320\",\"potongan\":\"26.41\",\"netto\":\"4293.59\",\"id_harga\":\"104\",\"harga\":2340,\"bonus\":\"40\",\"total\":\"10047000.6\"}', '2021-03-17 02:50:59', 5),
(294, 'add', 't_sj_detail', 275, '{\"id_sj\":\"260\",\"id_jb\":\"31\",\"bruto\":\"16180\",\"potongan\":\"568.09\",\"netto\":\"15611.91\",\"id_harga\":\"105\",\"harga\":3940,\"bonus\":\"40\",\"total\":\"61510925.4\"}', '2021-03-17 03:02:56', 5),
(295, 'add', 't_sj_detail', 276, '{\"id_sj\":\"261\",\"id_jb\":\"39\",\"bruto\":\"3260\",\"potongan\":\"9.9\",\"netto\":\"3250.1\",\"id_harga\":\"104\",\"harga\":2300,\"bonus\":0,\"total\":\"7475230\"}', '2021-03-17 03:04:49', 5),
(296, 'add', 't_sj_detail', 277, '{\"id_sj\":\"262\",\"id_jb\":\"37\",\"bruto\":\"9360\",\"potongan\":\"390.64\",\"netto\":\"8969.36\",\"id_harga\":\"107\",\"harga\":4150,\"bonus\":0,\"total\":\"37222844\"}', '2021-03-17 03:07:06', 5),
(297, 'add', 't_sj_detail', 278, '{\"id_sj\":\"263\",\"id_jb\":\"37\",\"bruto\":\"7680\",\"potongan\":\"448.91\",\"netto\":\"7231.09\",\"id_harga\":\"107\",\"harga\":4150,\"bonus\":0,\"total\":\"30009023.5\"}', '2021-03-17 03:09:56', 5),
(298, 'add', 't_sj_detail', 279, '{\"id_sj\":\"264\",\"id_jb\":\"31\",\"bruto\":\"10560\",\"potongan\":\"570.71\",\"netto\":\"9989.29\",\"id_harga\":\"105\",\"harga\":3900,\"bonus\":0,\"total\":\"38958231\"}', '2021-03-17 03:12:22', 5),
(299, 'add', 't_sj_detail', 280, '{\"id_sj\":\"265\",\"id_jb\":\"39\",\"bruto\":\"5120\",\"potongan\":\"15.9\",\"netto\":\"5104.1\",\"id_harga\":\"104\",\"harga\":2340,\"bonus\":\"40\",\"total\":\"11943594\"}', '2021-03-17 03:14:24', 5),
(300, 'add', 't_sj_detail', 281, '{\"id_sj\":\"266\",\"id_jb\":\"31\",\"bruto\":\"19840\",\"potongan\":\"920.48\",\"netto\":\"18919.52\",\"id_harga\":\"105\",\"harga\":3900,\"bonus\":0,\"total\":\"73786128\"}', '2021-03-17 03:15:51', 5),
(301, 'delete', 't_sj_detail', 281, '[{\"id\":\"281\",\"id_sj\":\"266\",\"id_jb\":\"31\",\"bruto\":\"19840.00\",\"potongan\":\"920.48\",\"netto\":\"18919.52\",\"id_harga\":\"105\",\"harga\":\"3900.00\",\"bonus\":\"0.00\",\"total\":\"73786128.00\"}]', '2021-03-17 03:16:13', 5),
(302, 'add', 't_sj_detail', 282, '{\"id_sj\":\"266\",\"id_jb\":\"31\",\"bruto\":\"19840\",\"potongan\":\"920.48\",\"netto\":\"18919.52\",\"id_harga\":\"105\",\"harga\":3910,\"bonus\":\"10\",\"total\":\"73975323.2\"}', '2021-03-17 03:16:38', 5),
(303, 'add', 't_sj_detail', 283, '{\"id_sj\":\"267\",\"id_jb\":\"31\",\"bruto\":\"2480\",\"potongan\":\"197.94\",\"netto\":\"2282.06\",\"id_harga\":\"105\",\"harga\":3900,\"bonus\":0,\"total\":\"8900034\"}', '2021-03-17 03:18:00', 5),
(304, 'add', 't_sj_detail', 284, '{\"id_sj\":\"268\",\"id_jb\":\"31\",\"bruto\":\"2500\",\"potongan\":\"150.57\",\"netto\":\"2349.43\",\"id_harga\":\"105\",\"harga\":3900,\"bonus\":0,\"total\":\"9162777\"}', '2021-03-17 03:19:35', 5),
(305, 'add', 't_sj_detail', 285, '{\"id_sj\":\"269\",\"id_jb\":\"31\",\"bruto\":\"9560\",\"potongan\":\"711.93\",\"netto\":\"8848.07\",\"id_harga\":\"105\",\"harga\":3900,\"bonus\":0,\"total\":\"34507473\"}', '2021-03-17 03:24:44', 5),
(306, 'add', 't_sj_detail', 286, '{\"id_sj\":\"270\",\"id_jb\":\"37\",\"bruto\":\"8960\",\"potongan\":\"320.98\",\"netto\":\"8639.02\",\"id_harga\":\"107\",\"harga\":4150,\"bonus\":0,\"total\":\"35851933\"}', '2021-03-17 03:26:00', 5),
(307, 'add', 't_sj_detail', 287, '{\"id_sj\":\"271\",\"id_jb\":\"39\",\"bruto\":\"5040\",\"potongan\":\"185.71\",\"netto\":\"4854.29\",\"id_harga\":\"104\",\"harga\":2300,\"bonus\":0,\"total\":\"11164867\"}', '2021-03-17 03:28:12', 5),
(308, 'add', 't_sj_detail', 288, '{\"id_sj\":\"272\",\"id_jb\":\"31\",\"bruto\":\"13520\",\"potongan\":\"376.21\",\"netto\":\"13143.79\",\"id_harga\":\"105\",\"harga\":3940,\"bonus\":\"40\",\"total\":\"51786532.6\"}', '2021-03-17 03:30:35', 5),
(309, 'add', 't_sj_detail', 289, '{\"id_sj\":\"273\",\"id_jb\":\"31\",\"bruto\":\"8140\",\"potongan\":\"286.48\",\"netto\":\"7853.52\",\"id_harga\":\"105\",\"harga\":3900,\"bonus\":0,\"total\":\"30628728\"}', '2021-03-17 03:32:04', 5),
(310, 'add', 't_sj_detail', 290, '{\"id_sj\":\"274\",\"id_jb\":\"31\",\"bruto\":\"12420\",\"potongan\":\"242.45\",\"netto\":\"12177.55\",\"id_harga\":\"105\",\"harga\":3940,\"bonus\":\"40\",\"total\":\"47979547\"}', '2021-03-17 03:33:11', 5),
(311, 'add', 't_sj_detail', 291, '{\"id_sj\":\"275\",\"id_jb\":\"31\",\"bruto\":\"10000\",\"potongan\":\"279.75\",\"netto\":\"9720.25\",\"id_harga\":\"105\",\"harga\":3900,\"bonus\":0,\"total\":\"37908975\"}', '2021-03-17 03:34:39', 5),
(312, 'add', 't_sj_detail', 292, '{\"id_sj\":\"276\",\"id_jb\":\"37\",\"bruto\":\"9320\",\"potongan\":\"251.64\",\"netto\":\"9068.36\",\"id_harga\":\"107\",\"harga\":4150,\"bonus\":0,\"total\":\"37633694\"}', '2021-03-17 03:35:57', 5),
(313, 'add', 't_sj_detail', 293, '{\"id_sj\":\"277\",\"id_jb\":\"31\",\"bruto\":\"5560\",\"potongan\":\"374.27\",\"netto\":\"5185.73\",\"id_harga\":\"105\",\"harga\":3900,\"bonus\":0,\"total\":\"20224347\"}', '2021-03-17 03:37:16', 5),
(314, 'add', 't_sj_detail', 294, '{\"id_sj\":\"278\",\"id_jb\":\"31\",\"bruto\":\"5560\",\"potongan\":\"342.97\",\"netto\":\"5217.03\",\"id_harga\":\"105\",\"harga\":3900,\"bonus\":0,\"total\":\"20346417\"}', '2021-03-17 03:38:50', 5),
(315, 'add', 't_sj_detail', 295, '{\"id_sj\":\"279\",\"id_jb\":\"37\",\"bruto\":\"6620\",\"potongan\":\"463.87\",\"netto\":\"6156.13\",\"id_harga\":\"107\",\"harga\":4150,\"bonus\":0,\"total\":\"25547939.5\"}', '2021-03-17 03:45:00', 5),
(316, 'add', 't_sj_detail', 296, '{\"id_sj\":\"280\",\"id_jb\":\"31\",\"bruto\":\"20600\",\"potongan\":\"1341.67\",\"netto\":\"19258.33\",\"id_harga\":\"105\",\"harga\":3910,\"bonus\":\"10\",\"total\":\"75300070.3\"}', '2021-03-17 03:48:19', 5),
(317, 'add', 't_sj_detail', 297, '{\"id_sj\":\"281\",\"id_jb\":\"32\",\"bruto\":\"11500\",\"potongan\":\"2171.76\",\"netto\":\"9328.24\",\"id_harga\":\"109\",\"harga\":3800,\"bonus\":0,\"total\":\"35447312\"}', '2021-03-17 03:49:56', 5),
(318, 'add', 't_sj_detail', 298, '{\"id_sj\":\"282\",\"id_jb\":\"31\",\"bruto\":\"3740\",\"potongan\":\"105.26\",\"netto\":\"3634.74\",\"id_harga\":\"105\",\"harga\":3900,\"bonus\":0,\"total\":\"14175486\"}', '2021-03-17 03:51:18', 5),
(319, 'add', 't_sj_detail', 299, '{\"id_sj\":\"283\",\"id_jb\":\"31\",\"bruto\":\"13540\",\"potongan\":\"267.34\",\"netto\":\"13272.66\",\"id_harga\":\"105\",\"harga\":3940,\"bonus\":\"40\",\"total\":\"52294280.4\"}', '2021-03-17 03:52:49', 5),
(320, 'add', 't_sj_detail', 300, '{\"id_sj\":\"284\",\"id_jb\":\"31\",\"bruto\":\"12560\",\"potongan\":\"246.3\",\"netto\":\"12313.7\",\"id_harga\":\"105\",\"harga\":3940,\"bonus\":\"40\",\"total\":\"48515978\"}', '2021-03-17 03:54:04', 5),
(321, 'add', 't_sj_detail', 301, '{\"id_sj\":\"285\",\"id_jb\":\"39\",\"bruto\":\"3300\",\"potongan\":\"48.02\",\"netto\":\"3251.98\",\"id_harga\":\"125\",\"harga\":2700,\"bonus\":0,\"total\":\"8780346\"}', '2021-03-17 03:55:31', 5),
(322, 'add', 't_sj_detail', 302, '{\"id_sj\":\"286\",\"id_jb\":\"31\",\"bruto\":\"7380\",\"potongan\":\"262.35\",\"netto\":\"7117.65\",\"id_harga\":\"105\",\"harga\":3900,\"bonus\":0,\"total\":\"27758835\"}', '2021-03-17 03:58:52', 5),
(323, 'add', 't_sj_detail', 303, '{\"id_sj\":\"287\",\"id_jb\":\"37\",\"bruto\":\"9440\",\"potongan\":\"337.67\",\"netto\":\"9102.33\",\"id_harga\":\"107\",\"harga\":4150,\"bonus\":0,\"total\":\"37774669.5\"}', '2021-03-17 06:23:52', 5),
(324, 'add', 't_sj_detail', 304, '{\"id_sj\":\"288\",\"id_jb\":\"31\",\"bruto\":\"7380\",\"potongan\":\"162.88\",\"netto\":\"7217.12\",\"id_harga\":\"105\",\"harga\":3900,\"bonus\":0,\"total\":\"28146768\"}', '2021-03-17 06:25:17', 5),
(325, 'add', 't_sj_detail', 305, '{\"id_sj\":\"289\",\"id_jb\":\"32\",\"bruto\":\"4900\",\"potongan\":\"917.7\",\"netto\":\"3982.3\",\"id_harga\":\"109\",\"harga\":3800,\"bonus\":0,\"total\":\"15132740\"}', '2021-03-17 06:27:19', 5),
(326, 'add', 't_sj_detail', 306, '{\"id_sj\":\"290\",\"id_jb\":\"31\",\"bruto\":\"18080\",\"potongan\":\"1358.07\",\"netto\":\"16721.93\",\"id_harga\":\"105\",\"harga\":3900,\"bonus\":0,\"total\":\"65215527\"}', '2021-03-17 06:30:05', 5),
(327, 'add', 't_sj_detail', 307, '{\"id_sj\":\"291\",\"id_jb\":\"32\",\"bruto\":\"3860\",\"potongan\":\"820.81\",\"netto\":\"3039.19\",\"id_harga\":\"109\",\"harga\":3800,\"bonus\":0,\"total\":\"11548922\"}', '2021-03-17 06:33:09', 5),
(328, 'add', 't_sj_detail', 308, '{\"id_sj\":\"292\",\"id_jb\":\"31\",\"bruto\":\"6600\",\"potongan\":\"676.49\",\"netto\":\"5923.51\",\"id_harga\":\"105\",\"harga\":3900,\"bonus\":0,\"total\":\"23101689\"}', '2021-03-17 06:34:21', 5),
(329, 'add', 't_sj_detail', 309, '{\"id_sj\":\"293\",\"id_jb\":\"37\",\"bruto\":\"6580\",\"potongan\":\"307.39\",\"netto\":\"6272.61\",\"id_harga\":\"107\",\"harga\":4150,\"bonus\":0,\"total\":\"26031331.5\"}', '2021-03-17 06:49:52', 5),
(330, 'add', 't_sj_detail', 310, '{\"id_sj\":\"294\",\"id_jb\":\"37\",\"bruto\":\"8960\",\"potongan\":\"486.15\",\"netto\":\"8473.85\",\"id_harga\":\"107\",\"harga\":4150,\"bonus\":0,\"total\":\"35166477.5\"}', '2021-03-17 06:50:51', 5),
(331, 'add', 't_sj_detail', 311, '{\"id_sj\":\"295\",\"id_jb\":\"31\",\"bruto\":\"5060\",\"potongan\":\"617.93\",\"netto\":\"4442.07\",\"id_harga\":\"105\",\"harga\":3900,\"bonus\":0,\"total\":\"17324073\"}', '2021-03-17 06:53:40', 5),
(332, 'add', 't_sj_detail', 312, '{\"id_sj\":\"296\",\"id_jb\":\"39\",\"bruto\":\"2500\",\"potongan\":\"100\",\"netto\":\"2400\",\"id_harga\":\"104\",\"harga\":2300,\"bonus\":0,\"total\":\"5520000\"}', '2021-03-17 10:15:34', 1),
(333, 'delete', 't_sj_detail', 312, '[{\"id\":\"312\",\"id_sj\":\"296\",\"id_jb\":\"39\",\"bruto\":\"2500.00\",\"potongan\":\"100.00\",\"netto\":\"2400.00\",\"id_harga\":\"104\",\"harga\":\"2300.00\",\"bonus\":\"0.00\",\"total\":\"5520000.00\"}]', '2021-03-17 10:15:54', 1),
(334, 'add', 't_sj_detail', 313, '{\"id_sj\":\"296\",\"id_jb\":\"29\",\"bruto\":\"2500\",\"potongan\":\"100\",\"netto\":\"2400\",\"id_harga\":\"115\",\"harga\":3300,\"bonus\":0,\"total\":\"7920000\"}', '2021-03-17 10:16:57', 1),
(335, 'add', 't_sj_detail', 314, '{\"id_sj\":\"297\",\"id_jb\":\"16\",\"bruto\":\"10000\",\"potongan\":\"1000\",\"netto\":\"9000\",\"id_harga\":\"87\",\"harga\":3800,\"bonus\":0,\"total\":\"34200000\"}', '2021-03-17 10:22:46', 1),
(336, 'add', 't_sj_detail', 315, '{\"id_sj\":\"299\",\"id_jb\":\"10\",\"bruto\":\"15611.19\",\"potongan\":\"22.08\",\"netto\":\"15589.11\",\"id_harga\":\"63\",\"harga\":4050,\"bonus\":0,\"total\":\"63135895.5\"}', '2021-03-18 04:03:36', 1),
(337, 'add', 't_sj_detail', 316, '{\"id_sj\":\"301\",\"id_jb\":\"10\",\"bruto\":\"9898.10\",\"potongan\":\"20.81\",\"netto\":\"9877.29\",\"id_harga\":\"63\",\"harga\":4050,\"bonus\":0,\"total\":\"40003024.5\"}', '2021-03-18 07:16:42', 1),
(338, 'delete', 't_sj_detail', 316, '[{\"id\":\"316\",\"id_sj\":\"301\",\"id_jb\":\"10\",\"bruto\":\"9898.10\",\"potongan\":\"20.81\",\"netto\":\"9877.29\",\"id_harga\":\"63\",\"harga\":\"4050.00\",\"bonus\":\"0.00\",\"total\":\"40003024.50\"}]', '2021-03-18 08:38:53', 1),
(339, 'add', 't_sj_details', 317, '{\"id_sj\":\"304\",\"id_jb\":\"28\",\"bruto\":\"5600\",\"potongan\":\"20\",\"netto\":\"5580\",\"id_harga\":\"123\",\"harga\":3950,\"bonus\":0,\"total\":\"22041000\"}', '2021-04-05 08:31:04', 1),
(340, 'update', 't_sj_details', 304, '{\"id_jb\":\"39\",\"bruto\":\"5600.00\",\"potongan\":\"20\",\"netto\":\"5580.00\",\"id_harga\":\"125\",\"harga\":2700,\"bonus\":0,\"total\":\"15066000\"}', '2021-04-05 09:25:50', 1),
(341, 'update', 't_sj_details', 304, '{\"id_jb\":\"28\",\"bruto\":\"5600.00\",\"potongan\":\"20\",\"netto\":\"5580.00\",\"id_harga\":\"123\",\"harga\":3950,\"bonus\":0,\"total\":\"22041000\"}', '2021-04-05 09:28:02', 1),
(342, 'update', 't_sj_details', 304, '{\"id_jb\":\"28\",\"bruto\":\"16860\",\"potongan\":\"331.69\",\"netto\":\"16528.31\",\"id_harga\":\"\",\"harga\":0,\"bonus\":0,\"total\":\"0\"}', '2021-04-06 08:52:51', 1),
(343, 'update', 't_sj_details', 304, '{\"id_jb\":\"28\",\"bruto\":\"16860.00\",\"potongan\":\"331.69\",\"netto\":\"16528.31\",\"id_harga\":\"123\",\"harga\":3950,\"bonus\":0,\"total\":\"65286824.5\"}', '2021-04-06 08:53:18', 1),
(344, 'update', 't_sj_details', 304, '{\"id_jb\":\"28\",\"bruto\":\"16860.00\",\"potongan\":\"331.69\",\"netto\":\"16528.31\",\"id_harga\":\"\",\"harga\":0,\"bonus\":0,\"total\":\"65286824.50\"}', '2021-04-06 09:04:40', 1),
(345, 'update', 't_sj_details', 304, '{\"id_jb\":\"28\",\"bruto\":\"16860.00\",\"potongan\":\"331.69\",\"netto\":\"16528.31\",\"id_harga\":\"\",\"harga\":0,\"bonus\":0,\"total\":\"65286824.50\"}', '2021-04-06 09:04:49', 1),
(346, 'update', 't_sj_details', 304, '{\"id_jb\":\"39\",\"bruto\":\"16860.00\",\"potongan\":\"331.69\",\"netto\":\"16528.31\",\"id_harga\":\"\",\"harga\":0,\"bonus\":0,\"total\":\"65286824.50\"}', '2021-04-06 09:05:00', 1),
(347, 'update', 't_sj_details', 304, '{\"id_jb\":\"39\",\"bruto\":\"16860.00\",\"potongan\":\"331.69\",\"netto\":\"16528.31\",\"id_harga\":\"125\",\"harga\":2700,\"bonus\":0,\"total\":\"44626437\"}', '2021-04-06 09:10:46', 1),
(348, 'update', 't_sj_details', 304, '{\"id_jb\":\"28\",\"bruto\":\"16860.00\",\"potongan\":\"331.69\",\"netto\":\"16528.31\",\"id_harga\":\"0\",\"harga\":0,\"bonus\":0,\"total\":\"44626437\"}', '2021-04-06 09:11:10', 1),
(349, 'update', 't_sj_details', 304, '{\"id_jb\":\"28\",\"bruto\":\"16860.00\",\"potongan\":\"331.69\",\"netto\":\"16528.31\",\"id_harga\":\"123\",\"harga\":3950,\"bonus\":0,\"total\":\"65286824.5\"}', '2021-04-06 09:11:20', 1),
(350, 'update', 't_sj_details', 304, '{\"id_jb\":\"30\",\"bruto\":\"16860.00\",\"potongan\":\"331.69\",\"netto\":\"16528.31\",\"id_harga\":\"0\",\"harga\":0,\"bonus\":0,\"total\":\"65286824.5\"}', '2021-04-06 09:11:26', 1),
(351, 'update', 't_sj_details', 304, '{\"id_jb\":\"28\",\"bruto\":\"16860.00\",\"potongan\":\"331.69\",\"netto\":\"16528.31\",\"id_harga\":\"0\",\"harga\":0,\"bonus\":0,\"total\":\"65286824.5\"}', '2021-04-06 09:11:45', 1),
(352, 'update', 't_sj_details', 304, '{\"id_jb\":\"30\",\"bruto\":\"16860.00\",\"potongan\":\"331.69\",\"netto\":\"16528.31\",\"id_harga\":\"0\",\"harga\":0,\"bonus\":0,\"total\":\"65286824.5\"}', '2021-04-06 09:12:16', 1),
(353, 'update', 't_sj_details', 304, '{\"id_jb\":\"30\",\"bruto\":\"16860.00\",\"potongan\":\"331.69\",\"netto\":\"16528.31\",\"id_harga\":\"124\",\"harga\":3950,\"bonus\":0,\"total\":\"65286824.5\"}', '2021-04-06 09:14:31', 1),
(354, 'update', 't_sj_details', 304, '{\"id_jb\":\"30\",\"bruto\":\"16860.00\",\"potongan\":\"331.69\",\"netto\":\"16528.31\",\"id_harga\":\"124\",\"harga\":3950,\"bonus\":0,\"total\":\"65286824.5\"}', '2021-04-06 09:15:53', 1),
(355, 'update', 't_sj_details', 304, '{\"id_jb\":\"28\",\"bruto\":\"16860.00\",\"potongan\":\"331.69\",\"netto\":\"16528.31\",\"id_harga\":\"123\",\"harga\":3950,\"bonus\":0,\"total\":\"65286824.5\"}', '2021-04-06 09:16:02', 1),
(356, 'update', 't_sj_details', 304, '{\"id_jb\":\"28\",\"bruto\":\"16860.00\",\"potongan\":\"331.69\",\"netto\":\"16528.31\",\"id_harga\":\"123\",\"harga\":3950,\"bonus\":0,\"total\":\"65286824.5\"}', '2021-04-06 09:16:08', 1),
(357, 'update', 't_sj_details', 304, '{\"id_jb\":\"28\",\"bruto\":\"16860.00\",\"potongan\":\"331.69\",\"netto\":\"16528.31\",\"id_harga\":\"123\",\"harga\":3950,\"bonus\":0,\"total\":\"65286824.5\"}', '2021-04-06 09:16:50', 1),
(358, 'update', 't_sj_details', 304, '{\"id_jb\":\"28\",\"bruto\":\"16860.00\",\"potongan\":\"331.69\",\"netto\":\"16528.31\",\"id_harga\":\"123\",\"harga\":3950,\"bonus\":0,\"total\":\"65286824.5\"}', '2021-04-06 09:34:05', 1),
(359, 'add', 't_sj_details', 318, '{\"id_sj\":\"305\",\"id_jb\":\"39\",\"bruto\":\"12891.1\",\"potongan\":\"31.85\",\"netto\":\"12859.25\",\"id_harga\":\"125\",\"harga\":2700,\"bonus\":0,\"total\":\"34719975\"}', '2021-04-06 09:35:49', 1),
(360, 'update', 't_sj_details', 305, '{\"id_jb\":\"39\",\"bruto\":\"12891.10\",\"potongan\":\"31.85\",\"netto\":\"12859.25\",\"id_harga\":\"125\",\"harga\":2700,\"bonus\":0,\"total\":\"34719975\"}', '2021-04-06 09:36:08', 1),
(361, 'add', 't_sj_details', 319, '{\"id_sj\":\"306\",\"id_jb\":\"28\",\"bruto\":\"12891.1\",\"potongan\":\"13.1\",\"netto\":\"12878\",\"id_harga\":\"123\",\"harga\":3950,\"bonus\":0,\"total\":\"50868100\"}', '2021-04-07 12:50:47', 1),
(362, 'update', 't_sj_details', 306, '{\"id_jb\":\"28\",\"bruto\":\"12891.10\",\"potongan\":\"13.1\",\"netto\":\"12878.00\",\"id_harga\":\"123\",\"harga\":3950,\"bonus\":0,\"total\":\"50868100\"}', '2021-04-07 12:51:29', 1),
(363, 'update', 't_sj_details', 306, '{\"id_jb\":\"28\",\"bruto\":\"12891.10\",\"potongan\":\"13.1\",\"netto\":\"12878.00\",\"id_harga\":\"123\",\"harga\":3950,\"bonus\":0,\"total\":\"50868100\"}', '2021-04-07 12:52:04', 1),
(364, 'update', 't_sj_details', 306, '{\"id_jb\":\"28\",\"bruto\":\"12891.10\",\"potongan\":\"13.1\",\"netto\":\"12878.00\",\"id_harga\":\"123\",\"harga\":3950,\"bonus\":0,\"total\":\"50868100\"}', '2021-04-07 12:52:13', 1),
(365, 'add', 't_sj_details', 320, '{\"id_sj\":\"307\",\"id_jb\":\"35\",\"bruto\":\"6800\",\"potongan\":\"12\",\"netto\":\"6788\",\"id_harga\":\"133\",\"harga\":5950,\"bonus\":0,\"total\":\"40388600\"}', '2021-04-12 11:09:18', 1),
(366, 'add', 't_sj_details', 321, '{\"id_sj\":\"308\",\"id_jb\":\"37\",\"bruto\":\"5400\",\"potongan\":\"72\",\"netto\":\"5328\",\"id_harga\":\"131\",\"harga\":4900,\"bonus\":0,\"total\":\"26107200\"}', '2021-04-12 13:56:15', 1),
(367, 'update', 't_sj_details', 308, '{\"id_jb\":\"37\",\"bruto\":\"5400.00\",\"potongan\":\"72\",\"netto\":\"5328.00\",\"id_harga\":\"131\",\"harga\":4900,\"bonus\":0,\"total\":\"26107200\"}', '2021-04-12 13:56:24', 1),
(368, 'add', 't_sj_details', 322, '{\"id_sj\":\"309\",\"id_jb\":\"35\",\"bruto\":\"7680\",\"potongan\":\"81\",\"netto\":\"7599\",\"id_harga\":\"133\",\"harga\":5950,\"bonus\":0,\"total\":\"45214050\"}', '2021-04-12 13:58:32', 1),
(369, 'add', 't_sj_details', 323, '{\"id_sj\":\"310\",\"id_jb\":\"35\",\"bruto\":\"4500\",\"potongan\":\"171\",\"netto\":\"4329\",\"id_harga\":\"132\",\"harga\":5800,\"bonus\":0,\"total\":\"25108200\"}', '2021-04-12 13:59:43', 1),
(370, 'add', 't_sj_details', 324, '{\"id_sj\":\"311\",\"id_jb\":\"35\",\"bruto\":\"7650\",\"potongan\":\"52\",\"netto\":\"7598\",\"id_harga\":\"132\",\"harga\":5800,\"bonus\":0,\"total\":\"44068400\"}', '2021-04-12 14:00:56', 1),
(371, 'add', 't_sj_details', 325, '{\"id_sj\":\"312\",\"id_jb\":\"33\",\"bruto\":\"7809\",\"potongan\":\"23\",\"netto\":\"7786\",\"id_harga\":\"130\",\"harga\":5200,\"bonus\":0,\"total\":\"40487200\"}', '2021-04-12 14:02:18', 1),
(372, 'add', 't_sj_details', 326, '{\"id_sj\":\"313\",\"id_jb\":\"33\",\"bruto\":\"5600\",\"potongan\":\"11\",\"netto\":\"5589\",\"id_harga\":\"130\",\"harga\":5200,\"bonus\":0,\"total\":\"29062800\"}', '2021-04-12 14:03:27', 1),
(373, 'add', 't_sj_details', 327, '{\"id_sj\":\"314\",\"id_jb\":\"30\",\"bruto\":\"6570\",\"potongan\":\"170\",\"netto\":\"6400\",\"id_harga\":\"124\",\"harga\":3970,\"bonus\":\"20\",\"total\":\"25408000\"}', '2021-04-13 09:13:49', 1),
(374, 'update', 't_sj_details', 314, '{\"id_jb\":\"30\",\"bruto\":\"6570.00\",\"potongan\":\"170\",\"netto\":\"6400.00\",\"id_harga\":\"124\",\"harga\":3950,\"bonus\":0,\"total\":\"25408000\"}', '2021-04-13 09:14:01', 1),
(375, 'add', 't_sj_details', 328, '{\"id_sj\":\"315\",\"id_jb\":\"29\",\"bruto\":\"5600\",\"potongan\":\"10\",\"netto\":\"5590\",\"id_harga\":\"121\",\"harga\":3600,\"bonus\":0,\"total\":\"20124000\"}', '2021-04-13 09:16:57', 1),
(376, 'add', 't_sj_details', 329, '{\"id_sj\":\"316\",\"id_jb\":\"28\",\"bruto\":\"7809\",\"potongan\":\"119\",\"netto\":\"7690\",\"id_harga\":\"123\",\"harga\":3950,\"bonus\":0,\"total\":\"30375500\"}', '2021-04-13 09:17:42', 1),
(377, 'add', 't_sj_details', 330, '{\"id_sj\":\"317\",\"id_jb\":\"28\",\"bruto\":\"5678.19\",\"potongan\":\"88.07\",\"netto\":\"5590.12\",\"id_harga\":\"123\",\"harga\":3950,\"bonus\":0,\"total\":\"22080974\"}', '2021-04-13 09:18:51', 1),
(378, 'add', 't_sj_details', 331, '{\"id_sj\":\"318\",\"id_jb\":\"27\",\"bruto\":\"4590\",\"potongan\":\"100\",\"netto\":\"4490\",\"id_harga\":\"122\",\"harga\":3750,\"bonus\":0,\"total\":\"16837500\"}', '2021-04-13 09:19:38', 1),
(379, 'add', 't_sj_details', 332, '{\"id_sj\":\"319\",\"id_jb\":\"27\",\"bruto\":\"5400\",\"potongan\":\"9.88\",\"netto\":\"5390.12\",\"id_harga\":\"122\",\"harga\":3750,\"bonus\":0,\"total\":\"20212950\"}', '2021-04-13 09:20:11', 1),
(380, 'add', 't_sj_details', 333, '{\"id_sj\":\"320\",\"id_jb\":\"28\",\"bruto\":\"5128.81\",\"potongan\":\"7.8\",\"netto\":\"5121.01\",\"id_harga\":\"123\",\"harga\":3950,\"bonus\":0,\"total\":\"20227989.5\"}', '2021-04-13 09:20:51', 1),
(381, 'update', 't_sj_details', 319, '{\"id_jb\":\"27\",\"bruto\":\"5400.00\",\"potongan\":\"9.88\",\"netto\":\"5390.12\",\"id_harga\":\"122\",\"harga\":3750,\"bonus\":0,\"total\":\"20212950\"}', '2021-04-13 09:23:43', 1),
(382, 'add', 't_sj_details', 334, '{\"id_sj\":\"321\",\"id_jb\":\"28\",\"bruto\":\"5600\",\"potongan\":\"99.55\",\"netto\":\"5500.45\",\"id_harga\":\"123\",\"harga\":3975,\"bonus\":\"25\",\"total\":\"21864288.75\"}', '2021-04-13 09:33:40', 1),
(383, 'add', 't_sj_details', 335, '{\"id_sj\":\"322\",\"id_jb\":\"10\",\"bruto\":\"5245\",\"potongan\":\"55.81\",\"netto\":\"5189.19\",\"id_harga\":\"127\",\"harga\":4075,\"bonus\":0,\"total\":\"21145949.25\"}', '2021-04-13 09:54:54', 1),
(384, 'add', 't_sj_details', 336, '{\"id_sj\":\"323\",\"id_jb\":\"10\",\"bruto\":\"5478.19\",\"potongan\":\"38.19\",\"netto\":\"5440\",\"id_harga\":\"127\",\"harga\":4075,\"bonus\":0,\"total\":\"22168000\"}', '2021-04-13 09:55:43', 1),
(385, 'add', 't_sj_details', 337, '{\"id_sj\":\"324\",\"id_jb\":\"10\",\"bruto\":\"5690\",\"potongan\":\"108.81\",\"netto\":\"5581.19\",\"id_harga\":\"128\",\"harga\":4088,\"bonus\":0,\"total\":\"22815904.72\"}', '2021-04-13 09:56:32', 1),
(386, 'add', 't_sj_details', 338, '{\"id_sj\":\"325\",\"id_jb\":\"9\",\"bruto\":\"4590\",\"potongan\":\"12\",\"netto\":\"4578\",\"id_harga\":\"68\",\"harga\":3950,\"bonus\":0,\"total\":\"18083100\"}', '2021-04-13 09:57:04', 1),
(387, 'add', 't_sj_details', 339, '{\"id_sj\":\"326\",\"id_jb\":\"10\",\"bruto\":\"4589\",\"potongan\":\"22\",\"netto\":\"4567\",\"id_harga\":\"127\",\"harga\":4075,\"bonus\":0,\"total\":\"18610525\"}', '2021-04-13 10:00:08', 1),
(388, 'add', 't_sj_details', 340, '{\"id_sj\":\"327\",\"id_jb\":\"12\",\"bruto\":\"4578\",\"potongan\":\"12\",\"netto\":\"4566\",\"id_harga\":\"74\",\"harga\":4050,\"bonus\":0,\"total\":\"18492300\"}', '2021-04-13 10:01:04', 1),
(389, 'add', 't_sj_details', 341, '{\"id_sj\":\"328\",\"id_jb\":\"9\",\"bruto\":\"5668\",\"potongan\":\"101\",\"netto\":\"5567\",\"id_harga\":\"68\",\"harga\":3950,\"bonus\":0,\"total\":\"21989650\"}', '2021-04-13 10:01:42', 1),
(390, 'update', 't_sj_details', 328, '{\"id_jb\":\"9\",\"bruto\":\"5668.00\",\"potongan\":\"101\",\"netto\":\"5567.00\",\"id_harga\":\"68\",\"harga\":3950,\"bonus\":0,\"total\":\"21989650\"}', '2021-04-13 10:01:48', 1),
(391, 'add', 't_sj_details', 342, '{\"id_sj\":\"329\",\"id_jb\":\"12\",\"bruto\":\"6589\",\"potongan\":\"34\",\"netto\":\"6555\",\"id_harga\":\"74\",\"harga\":4050,\"bonus\":0,\"total\":\"26547750\"}', '2021-04-13 10:02:26', 1),
(392, 'add', 't_sj_details', 343, '{\"id_sj\":\"330\",\"id_jb\":\"12\",\"bruto\":\"4589\",\"potongan\":\"101\",\"netto\":\"4488\",\"id_harga\":\"74\",\"harga\":4050,\"bonus\":0,\"total\":\"18176400\"}', '2021-04-13 10:03:24', 1),
(393, 'add', 't_sj_details', 344, '{\"id_sj\":\"331\",\"id_jb\":\"16\",\"bruto\":\"4568\",\"potongan\":\"140\",\"netto\":\"4428\",\"id_harga\":\"87\",\"harga\":3800,\"bonus\":0,\"total\":\"16826400\"}', '2021-04-13 10:04:04', 1),
(394, 'add', 't_sj_details', 345, '{\"id_sj\":\"332\",\"id_jb\":\"9\",\"bruto\":\"5128.10\",\"potongan\":\"118.94\",\"netto\":\"5009.16\",\"id_harga\":\"68\",\"harga\":3950,\"bonus\":0,\"total\":\"19786182\"}', '2021-04-13 10:04:39', 1),
(395, 'add', 't_sj_details', 346, '{\"id_sj\":\"333\",\"id_jb\":\"12\",\"bruto\":\"7801\",\"potongan\":\"112\",\"netto\":\"7689\",\"id_harga\":\"74\",\"harga\":4050,\"bonus\":0,\"total\":\"31140450\"}', '2021-04-13 10:05:39', 1),
(396, 'update', 't_sj_details', 333, '{\"id_jb\":\"12\",\"bruto\":\"7801.00\",\"potongan\":\"112\",\"netto\":\"7689.00\",\"id_harga\":\"74\",\"harga\":4050,\"bonus\":0,\"total\":\"31140450\"}', '2021-04-14 04:50:06', 1),
(397, 'update', 't_sj_details', 333, '{\"id_jb\":\"12\",\"bruto\":\"7801.00\",\"potongan\":\"112\",\"netto\":\"7689.00\",\"id_harga\":\"74\",\"harga\":4050,\"bonus\":0,\"total\":\"31140450\"}', '2021-04-14 04:50:56', 1),
(398, 'update', 't_sj_details', 332, '{\"id_jb\":\"9\",\"bruto\":\"5128.10\",\"potongan\":\"118.94\",\"netto\":\"5009.16\",\"id_harga\":\"68\",\"harga\":3950,\"bonus\":0,\"total\":\"19786182\"}', '2021-04-14 05:33:27', 1),
(399, 'update', 't_sj_details', 331, '{\"id_jb\":\"16\",\"bruto\":\"4568.00\",\"potongan\":\"140\",\"netto\":\"4428.00\",\"id_harga\":\"87\",\"harga\":3800,\"bonus\":0,\"total\":\"16826400\"}', '2021-04-14 05:33:58', 1),
(400, 'update', 't_sj_details', 329, '{\"id_jb\":\"12\",\"bruto\":\"6589.00\",\"potongan\":\"34\",\"netto\":\"6555.00\",\"id_harga\":\"74\",\"harga\":4050,\"bonus\":0,\"total\":\"26547750\"}', '2021-04-14 05:34:17', 1),
(401, 'update', 't_sj_details', 325, '{\"id_jb\":\"9\",\"bruto\":\"4590.00\",\"potongan\":\"12\",\"netto\":\"4578.00\",\"id_harga\":\"68\",\"harga\":3950,\"bonus\":0,\"total\":\"18083100\"}', '2021-04-14 05:34:35', 1),
(402, 'update', 't_sj_details', 332, '{\"id_jb\":\"9\",\"bruto\":\"5128.10\",\"potongan\":\"118.94\",\"netto\":\"5009.16\",\"id_harga\":\"68\",\"harga\":3950,\"bonus\":0,\"total\":\"19786182\"}', '2021-04-14 05:38:27', 1),
(403, 'update', 't_sj_details', 325, '{\"id_jb\":\"9\",\"bruto\":\"4590.00\",\"potongan\":\"12\",\"netto\":\"4578.00\",\"id_harga\":\"68\",\"harga\":3950,\"bonus\":0,\"total\":\"18083100\"}', '2021-04-14 05:43:49', 1),
(404, 'update', 't_sj_details', 331, '{\"id_jb\":\"16\",\"bruto\":\"4568.00\",\"potongan\":\"140\",\"netto\":\"4428.00\",\"id_harga\":\"87\",\"harga\":3800,\"bonus\":0,\"total\":\"16826400\"}', '2021-04-14 05:44:23', 1),
(405, 'add', 't_sj_details', 347, '{\"id_sj\":\"334\",\"id_jb\":\"10\",\"bruto\":\"5600\",\"potongan\":\"200\",\"netto\":\"5400\",\"id_harga\":\"127\",\"harga\":4075,\"bonus\":0,\"total\":\"22005000\"}', '2021-04-26 05:07:34', 1),
(406, 'add', 't_sj_details', 348, '{\"id_sj\":\"335\",\"id_jb\":\"10\",\"bruto\":\"5600\",\"potongan\":\"11\",\"netto\":\"5589\",\"id_harga\":\"128\",\"harga\":4088,\"bonus\":0,\"total\":\"22847832\"}', '2021-06-07 06:13:45', 1),
(407, 'add', 't_sj_details', 349, '{\"id_sj\":\"336\",\"id_jb\":\"10\",\"bruto\":\"5400\",\"potongan\":\"80\",\"netto\":\"5320\",\"id_harga\":\"127\",\"harga\":4075,\"bonus\":0,\"total\":\"21679000\"}', '2021-06-07 11:25:15', 6),
(408, 'update', 't_sj_details', 336, '{\"id_jb\":\"10\",\"bruto\":\"900.00\",\"potongan\":\"80\",\"netto\":\"820.00\",\"id_harga\":\"127\",\"harga\":4075,\"bonus\":0,\"total\":\"3341500\"}', '2021-06-07 11:27:45', 6),
(409, 'add', 't_sj_details', 350, '{\"id_sj\":\"340\",\"id_jb\":\"10\",\"bruto\":\"5600\",\"potongan\":\"200\",\"netto\":\"5400\",\"id_harga\":\"128\",\"harga\":4088,\"bonus\":0,\"total\":\"22075200\"}', '2021-06-17 10:12:15', 1),
(410, 'update', 't_sj_details', 340, '{\"id_jb\":\"10\",\"bruto\":\"5600.00\",\"potongan\":\"200\",\"netto\":\"5400.00\",\"id_harga\":\"127\",\"harga\":4075,\"bonus\":0,\"total\":\"22005000\"}', '2021-06-17 10:12:34', 1),
(411, 'update', 't_sj_details', 340, '{\"id_jb\":\"10\",\"bruto\":\"5600.00\",\"potongan\":\"200\",\"netto\":\"5400.00\",\"id_harga\":\"128\",\"harga\":4088,\"bonus\":0,\"total\":\"22075200\"}', '2021-06-17 10:16:42', 1),
(412, 'update', 't_sj_details', 340, '{\"id_jb\":\"10\",\"bruto\":\"5600.00\",\"potongan\":\"200\",\"netto\":\"5400.00\",\"id_harga\":\"127\",\"harga\":4075,\"bonus\":0,\"total\":\"22005000\"}', '2021-06-17 10:16:53', 1),
(413, 'update', 't_sj_details', 340, '{\"id_jb\":\"10\",\"bruto\":\"5600.00\",\"potongan\":\"200\",\"netto\":\"5400.00\",\"id_harga\":\"127\",\"harga\":4075,\"bonus\":0,\"total\":\"22005000\"}', '2021-06-17 10:22:53', 1),
(414, 'add', 't_sj_details', 351, '{\"id_sj\":\"341\",\"id_jb\":\"10\",\"bruto\":\"5600\",\"potongan\":\"200\",\"netto\":\"5400\",\"id_harga\":\"127\",\"harga\":4075,\"bonus\":0,\"total\":\"22005000\"}', '2021-06-17 10:23:48', 1),
(415, 'update', 't_sj_details', 341, '{\"id_jb\":\"10\",\"bruto\":\"5600.00\",\"potongan\":\"200\",\"netto\":\"5400.00\",\"id_harga\":\"128\",\"harga\":4088,\"bonus\":0,\"total\":\"22615200\"}', '2021-06-21 10:08:54', 1),
(416, 'update', 't_sj_details', 341, '{\"id_jb\":\"10\",\"bruto\":\"5600.00\",\"potongan\":\"200\",\"netto\":\"5400.00\",\"id_harga\":\"128\",\"harga\":4088,\"bonus\":0,\"total\":\"22615200\"}', '2021-06-21 13:10:19', 1),
(417, 'update', 't_sj_details', 341, '{\"id_jb\":\"10\",\"bruto\":\"5600.00\",\"potongan\":\"200\",\"netto\":\"5400.00\",\"id_harga\":\"128\",\"harga\":4188,\"bonus\":\"100\",\"total\":\"22615200\"}', '2021-06-21 13:12:02', 1),
(418, 'update', 't_sj_details', 341, '{\"id_jb\":\"10\",\"bruto\":\"5600.00\",\"potongan\":\"200\",\"netto\":\"5400.00\",\"id_harga\":\"128\",\"harga\":4188,\"bonus\":\"100.00\",\"total\":\"22615200\"}', '2021-06-21 13:12:14', 1);

-- --------------------------------------------------------

--
-- Table structure for table `m_bank`
--

CREATE TABLE `m_bank` (
  `id` int(11) NOT NULL,
  `nama_bank` varchar(50) NOT NULL,
  `atas_nama` varchar(50) NOT NULL,
  `currency` varchar(5) NOT NULL,
  `nomor_rekening` varchar(25) NOT NULL,
  `created_at` datetime DEFAULT NULL,
  `created_by` int(3) DEFAULT NULL,
  `modified_at` datetime DEFAULT NULL,
  `modified_by` int(3) DEFAULT NULL
) ENGINE=InnoDB DEFAULT CHARSET=latin1;

--
-- Dumping data for table `m_bank`
--

INSERT INTO `m_bank` (`id`, `nama_bank`, `atas_nama`, `currency`, `nomor_rekening`, `created_at`, `created_by`, `modified_at`, `modified_by`) VALUES
(7, 'BCA 8882', 'YAPUTRA ABADI PERKASA  PT', 'IDR', '5920308882', '2021-03-06 02:35:42', 1, NULL, NULL);

-- --------------------------------------------------------

--
-- Table structure for table `m_barang`
--

CREATE TABLE `m_barang` (
  `id` int(11) NOT NULL,
  `nama_barang` varchar(200) NOT NULL,
  `modified_at` datetime DEFAULT NULL,
  `modified_by` int(3) DEFAULT NULL,
  `created_at` datetime DEFAULT NULL,
  `created_by` int(3) DEFAULT NULL
) ENGINE=InnoDB DEFAULT CHARSET=utf8mb4;

--
-- Dumping data for table `m_barang`
--

INSERT INTO `m_barang` (`id`, `nama_barang`, `modified_at`, `modified_by`, `created_at`, `created_by`) VALUES
(9, 'WASTE PAPER LOKAL BOX NON PRESS', '2021-02-24 04:28:11', 1, '2021-02-03 07:15:37', 4),
(10, 'WASTE PAPER LOKAL BOX PRESS', '2021-02-24 04:28:21', 1, '2021-02-03 07:16:10', 4),
(11, 'WASTE PAPER LOKAL BOX CONTAINER SULAWESI', '2021-02-24 04:28:29', 1, '2021-02-03 07:16:42', 4),
(12, 'WASTE PAPER LOKAL BOX BIG PRESS', '2021-02-24 04:27:50', 1, '2021-02-03 07:16:53', 4),
(13, 'WASTE PAPER LOKAL BOX CONTAINER KALIMANTAN', '2021-02-24 04:28:38', 1, '2021-02-03 07:17:36', 4),
(14, 'WASTE PAPER LOKAL BOX CONTAINER SUMATERA', '2021-02-24 04:28:34', 1, '2021-02-03 07:17:54', 4),
(15, 'WASTE PAPER LOKAL MIX GRADE EX-MILL', '2021-02-24 04:28:56', 1, '2021-02-03 07:18:04', 4),
(16, 'WASTE PAPER LOKAL SWL A', '2021-02-24 04:29:13', 1, '2021-02-03 07:18:14', 4),
(17, 'WASTE PAPER LOKAL SWL A SUMATERA', '2021-02-24 04:29:23', 1, '2021-02-03 07:18:28', 4),
(18, 'WASTE PAPER LOKAL SWL B', '2021-02-24 04:29:29', 1, '2021-02-03 07:18:44', 4),
(19, 'WASTE PAPER LOKAL SWL B SUMATERA', '2021-02-24 04:29:34', 1, '2021-02-03 07:18:54', 4),
(20, 'WASTE PAPER LOKAL ONP A', '2021-02-24 04:29:41', 1, '2021-02-03 07:19:06', 4),
(21, 'WASTE PAPER LOKAL ONP B', '2021-02-24 04:29:46', 1, '2021-02-03 07:19:14', 4),
(22, 'WASTE PAPER LOKAL OMG A', '2021-02-24 04:29:49', 1, '2021-02-03 07:19:29', 4),
(23, 'WASTE PAPER LOKAL OMG B', '2021-02-24 04:29:54', 1, '2021-02-03 07:19:36', 4),
(24, 'WASTE PAPER LOKAL MIX PASAR A', '2021-02-24 04:30:17', 1, '2021-02-03 07:19:47', 4),
(25, 'WASTE PAPER LOKAL MIX PASAR B', '2021-02-24 04:30:32', 1, '2021-02-03 07:19:53', 4),
(26, 'WASTE PAPER LOKAL HVS', '2021-02-24 04:29:58', 1, '2021-02-03 07:20:00', 4),
(27, 'OCC;LOCAL,GRADE A,BOX PRESS', NULL, NULL, '2021-03-03 06:19:08', 5),
(28, 'OCC;LOCAL,GRADE A,BOX BIG PRESS', '2021-03-03 06:24:02', 5, '2021-03-03 06:19:21', 5),
(29, 'OCC;LOCAL,GRADE A,BOX NON PRESS', NULL, NULL, '2021-03-03 06:19:45', 5),
(30, 'OCC;LOCAL,GRADE A,BOX CONTAINER', NULL, NULL, '2021-03-03 06:20:02', 5),
(31, 'SWL GRADE A', NULL, NULL, '2021-03-03 06:20:24', 5),
(32, 'SWL GRADE B', NULL, NULL, '2021-03-03 06:20:30', 5),
(33, 'SWL GRADE A CONTAINER', NULL, NULL, '2021-03-03 06:20:42', 5),
(34, 'SWL GRADE B CONTAINER', NULL, NULL, '2021-03-03 06:20:50', 5),
(35, 'SWL GRADE A JAWA TIMUR', NULL, NULL, '2021-03-03 06:21:06', 5),
(36, 'SWL GRADE B JAWA TIMUR', NULL, NULL, '2021-03-03 06:21:14', 5),
(37, 'SWL GRADE A JAWA TENGAH', NULL, NULL, '2021-03-03 06:21:20', 5),
(38, 'SWL GRADE B JAWA TENGAH', NULL, NULL, '2021-03-03 06:21:33', 5),
(39, 'PAPER CORE', NULL, NULL, '2021-03-03 06:22:09', 5);

-- --------------------------------------------------------

--
-- Table structure for table `m_barang_relasi`
--

CREATE TABLE `m_barang_relasi` (
  `id` int(11) NOT NULL,
  `id_barang` int(11) NOT NULL,
  `id_customer` int(11) NOT NULL
) ENGINE=InnoDB DEFAULT CHARSET=utf8mb4;

--
-- Dumping data for table `m_barang_relasi`
--

INSERT INTO `m_barang_relasi` (`id`, `id_barang`, `id_customer`) VALUES
(1, 10, 5),
(2, 9, 5),
(3, 12, 5),
(4, 11, 5),
(5, 14, 5),
(6, 13, 5),
(7, 15, 5),
(8, 16, 5),
(9, 17, 5),
(10, 18, 5),
(11, 19, 5),
(12, 20, 5),
(13, 21, 5),
(14, 22, 5),
(15, 23, 5),
(16, 26, 5),
(17, 24, 5),
(18, 25, 5),
(19, 28, 6),
(20, 30, 6),
(21, 29, 6),
(22, 27, 6),
(23, 39, 6),
(24, 31, 6),
(25, 33, 6),
(26, 37, 6),
(27, 35, 6),
(28, 32, 6),
(29, 34, 6),
(30, 38, 6),
(31, 36, 6),
(32, 31, 8),
(33, 33, 8),
(34, 37, 8),
(35, 35, 8),
(36, 28, 7),
(37, 30, 7),
(38, 29, 7),
(39, 27, 7);

-- --------------------------------------------------------

--
-- Table structure for table `m_bongkar_muat`
--

CREATE TABLE `m_bongkar_muat` (
  `id` int(11) NOT NULL,
  `nama_bongkar_muat` varchar(50) NOT NULL,
  `harga` decimal(14,2) NOT NULL,
  `modified_at` datetime DEFAULT NULL,
  `modified_by` int(3) DEFAULT NULL,
  `created_at` datetime DEFAULT NULL,
  `created_by` int(3) DEFAULT NULL
) ENGINE=InnoDB DEFAULT CHARSET=utf8mb4;

--
-- Dumping data for table `m_bongkar_muat`
--

INSERT INTO `m_bongkar_muat` (`id`, `nama_bongkar_muat`, `harga`, `modified_at`, `modified_by`, `created_at`, `created_by`) VALUES
(1, 'ALAT/SLING', '13.00', '2021-02-03 07:02:07', 1, '2020-09-24 05:42:06', 1),
(2, 'MRM', '26.00', '2021-02-03 07:01:26', 1, '2020-09-24 05:55:21', 1),
(3, 'MSM', '52.00', '2021-02-03 07:01:36', 1, '2020-12-28 05:30:23', 1);

-- --------------------------------------------------------

--
-- Table structure for table `m_customer`
--

CREATE TABLE `m_customer` (
  `id` int(11) NOT NULL,
  `nama_customer` varchar(200) NOT NULL,
  `jenis` tinyint(1) NOT NULL DEFAULT 0,
  `alamat` text DEFAULT NULL,
  `nama_bank` varchar(75) DEFAULT NULL,
  `no_rekening` varchar(30) DEFAULT NULL,
  `atas_nama` varchar(100) DEFAULT NULL,
  `kcp` varchar(50) DEFAULT NULL,
  `kode_customer` varchar(25) DEFAULT NULL,
  `kode_customer_ppn` varchar(25) DEFAULT NULL,
  `pic` varchar(100) DEFAULT NULL,
  `modified_at` datetime DEFAULT NULL,
  `modified_by` int(3) DEFAULT NULL,
  `created_at` datetime DEFAULT NULL,
  `created_by` int(3) DEFAULT NULL
) ENGINE=InnoDB DEFAULT CHARSET=utf8mb4;

--
-- Dumping data for table `m_customer`
--

INSERT INTO `m_customer` (`id`, `nama_customer`, `jenis`, `alamat`, `nama_bank`, `no_rekening`, `atas_nama`, `kcp`, `kode_customer`, `kode_customer_ppn`, `pic`, `modified_at`, `modified_by`, `created_at`, `created_by`) VALUES
(5, 'PT INDAH KIAT PULP & PAPER TBK', 1, 'Gedung Sinarmas Land Plaza Menara 2 Lt 9, Jl. MH Thamrin No. 51, Menteng Kota Adm. Jakarta Pusat-DKI Jakarta 10350Gondangdia, ', 'SINARMAS', '0037018198', 'PT YAPUTRA ABADI PERKASA', '', 'SK', NULL, NULL, '2021-04-14 08:33:21', 1, '2021-02-03 05:15:47', 1),
(6, 'PT. PINDO DELI PULP AND PAPER MILLS', 0, 'Sinarmas Land Plaza Menara 2 Lt 9,  Jl. MH Thamrin No. 51, Gondangdia, Menteng Jakarta Pusat-DKI Jakarta', 'SINARMAS', '0037018198', 'PT YAPUTRA ABADI PERKASA', NULL, 'PD', NULL, NULL, '2021-04-12 06:57:48', 1, '2021-02-03 05:17:33', 1),
(7, 'PT. PAPERTECH INDONESIA', 0, 'Blok Tarikolot Kp. Cipeundeuy RT 01 RW 01, Cipeundeuy, Subang, Jawa Barat', '', '', '', '', 'PT', NULL, NULL, '2021-04-13 09:45:42', 1, '2021-02-03 05:17:49', 1),
(8, 'PT FAJAR SURYA WISESA TBK', 0, 'Jl. Abdul muis No. 30 , Jakarta ', 'Bank Rakyat Indonesia', '0398-01-000462-30-8', 'PT Yaputra Abadi Perkasa', 'Jakarta Puri Niaga', 'FSW', NULL, NULL, '2021-04-13 06:06:53', 1, '2021-02-03 05:18:10', 1),
(9, 'PT PELITA CENGKARENG PAPER', 0, 'Jl. Daan Mogot KM-18, Batu Ceper, Batu Ceper, Kota Tangerang, Banten', 'Bank Central Asia', '1683445588', 'PT YAPUTRA ABADI PERKASA', '', 'PCP', NULL, NULL, '2021-04-13 09:52:31', 1, '2021-02-03 05:18:26', 1);

-- --------------------------------------------------------

--
-- Table structure for table `m_group_supplier`
--

CREATE TABLE `m_group_supplier` (
  `id` int(11) NOT NULL,
  `nama_group_supplier` varchar(200) NOT NULL,
  `modified_at` datetime DEFAULT NULL,
  `modified_by` int(3) DEFAULT NULL,
  `created_at` datetime DEFAULT NULL,
  `created_by` int(3) DEFAULT NULL
) ENGINE=InnoDB DEFAULT CHARSET=utf8mb4;

--
-- Dumping data for table `m_group_supplier`
--

INSERT INTO `m_group_supplier` (`id`, `nama_group_supplier`, `modified_at`, `modified_by`, `created_at`, `created_by`) VALUES
(4, '1', NULL, NULL, '2021-03-03 07:31:03', 5),
(5, '2', NULL, NULL, '2021-03-03 07:31:08', 5),
(6, '3', NULL, NULL, '2021-03-03 07:31:12', 5),
(7, '4', NULL, NULL, '2021-03-03 07:31:17', 5),
(8, '5', NULL, NULL, '2021-03-03 07:31:22', 5),
(9, '6', NULL, NULL, '2021-03-03 07:33:19', 5),
(10, '7', NULL, NULL, '2021-03-03 07:33:24', 5),
(11, '8', NULL, NULL, '2021-03-03 07:33:27', 5),
(12, '9', NULL, NULL, '2021-03-03 07:33:31', 5),
(13, '10', NULL, NULL, '2021-03-03 07:33:37', 5);

-- --------------------------------------------------------

--
-- Table structure for table `m_harga`
--

CREATE TABLE `m_harga` (
  `id` int(11) NOT NULL,
  `id_barang` int(11) NOT NULL,
  `id_customer` int(11) NOT NULL,
  `tanggal` datetime NOT NULL,
  `harga` decimal(14,2) NOT NULL,
  `created_at` datetime DEFAULT NULL,
  `created_by` int(3) DEFAULT NULL
) ENGINE=InnoDB DEFAULT CHARSET=utf8mb4;

--
-- Dumping data for table `m_harga`
--

INSERT INTO `m_harga` (`id`, `id_barang`, `id_customer`, `tanggal`, `harga`, `created_at`, `created_by`) VALUES
(56, 9, 5, '2021-01-01 00:00:00', '3400.00', '2021-02-24 07:38:35', 4),
(57, 10, 5, '2021-01-01 00:00:00', '3400.00', '2021-02-24 07:39:05', 4),
(58, 12, 5, '2021-01-01 00:00:00', '3450.00', '2021-02-24 07:39:33', 4),
(59, 10, 5, '2021-01-07 20:00:00', '3550.00', '2021-02-24 07:41:12', 4),
(60, 10, 5, '2021-01-13 00:00:00', '3750.00', '2021-02-24 07:41:47', 4),
(61, 10, 5, '2021-01-15 17:00:00', '3850.00', '2021-02-24 07:42:40', 4),
(62, 10, 5, '2021-01-17 14:00:00', '3950.00', '2021-02-24 07:42:59', 4),
(63, 10, 5, '2021-01-17 13:00:00', '4050.00', '2021-02-24 07:43:16', 4),
(64, 9, 5, '2021-01-07 20:00:00', '3500.00', '2021-02-24 07:44:36', 4),
(65, 9, 5, '2021-01-13 00:00:00', '3700.00', '2021-02-24 07:44:54', 4),
(66, 9, 5, '2021-01-15 17:00:00', '3800.00', '2021-02-24 07:45:11', 4),
(67, 9, 5, '2021-01-16 14:00:00', '3850.00', '2021-02-24 07:45:28', 4),
(68, 9, 5, '2021-01-18 13:00:00', '3950.00', '2021-02-24 07:45:43', 4),
(69, 12, 5, '2021-01-07 20:00:00', '3550.00', '2021-02-24 07:46:36', 4),
(70, 12, 5, '2021-01-13 00:00:00', '3750.00', '2021-02-24 07:46:53', 4),
(71, 12, 5, '2021-01-15 17:00:00', '3850.00', '2021-02-24 07:47:06', 4),
(73, 12, 5, '2021-01-16 14:00:00', '3950.00', '2021-02-24 07:47:44', 4),
(74, 12, 5, '2021-01-18 13:00:00', '4050.00', '2021-02-24 07:48:03', 4),
(75, 11, 5, '2021-01-01 00:00:00', '3600.00', '2021-02-24 07:49:05', 4),
(76, 11, 5, '2021-01-07 20:00:00', '3800.00', '2021-02-24 07:49:20', 4),
(77, 11, 5, '2021-01-15 17:00:00', '3850.00', '2021-02-24 07:49:33', 4),
(78, 11, 5, '2021-01-18 13:00:00', '3950.00', '2021-02-24 07:49:47', 4),
(79, 14, 5, '2021-01-01 00:00:00', '3600.00', '2021-02-24 07:51:18', 4),
(80, 14, 5, '2021-01-07 20:00:00', '3800.00', '2021-02-24 07:51:30', 4),
(81, 14, 5, '2021-01-15 17:00:00', '3850.00', '2021-02-24 07:51:44', 4),
(82, 14, 5, '2021-01-18 13:00:00', '3950.00', '2021-02-24 07:52:01', 4),
(83, 15, 5, '2021-01-01 00:00:00', '2700.00', '2021-02-24 07:52:46', 4),
(84, 15, 5, '2021-01-22 19:00:00', '2800.00', '2021-02-24 07:53:41', 4),
(85, 15, 5, '2021-02-03 20:00:00', '2950.00', '2021-02-24 07:54:36', 4),
(86, 15, 5, '2021-02-21 21:00:00', '3050.00', '2021-02-24 07:55:13', 4),
(87, 16, 5, '2021-01-01 00:00:00', '3800.00', '2021-02-24 07:56:23', 4),
(88, 17, 5, '2021-01-01 00:00:00', '3950.00', '2021-02-24 07:56:44', 4),
(89, 18, 5, '2021-01-01 00:00:00', '3800.00', '2021-02-24 07:56:59', 4),
(90, 19, 5, '2021-01-01 00:00:00', '3950.00', '2021-02-24 07:57:18', 4),
(91, 20, 5, '2021-01-01 00:00:00', '3100.00', '2021-02-24 07:57:37', 4),
(92, 20, 5, '2021-01-13 00:00:00', '3200.00', '2021-02-24 07:57:52', 4),
(93, 21, 5, '2021-01-01 00:00:00', '3000.00', '2021-02-24 07:58:12', 4),
(94, 21, 5, '2021-01-13 00:00:00', '3100.00', '2021-02-24 07:58:33', 4),
(95, 22, 5, '2021-01-01 00:00:00', '1700.00', '2021-02-24 07:58:52', 4),
(96, 23, 5, '2021-01-01 00:00:00', '1600.00', '2021-02-24 07:59:09', 4),
(97, 24, 5, '2021-01-01 00:00:00', '750.00', '2021-02-24 07:59:33', 4),
(98, 25, 5, '2021-01-01 00:00:00', '600.00', '2021-02-24 07:59:49', 4),
(99, 26, 5, '2021-01-01 00:00:00', '3900.00', '2021-02-24 08:00:03', 4),
(100, 28, 6, '2021-01-01 00:00:00', '3350.00', '2021-03-03 06:26:36', 5),
(101, 30, 6, '2021-01-01 00:00:00', '3350.00', '2021-03-03 06:33:05', 5),
(102, 29, 6, '2021-01-01 00:00:00', '3200.00', '2021-03-03 06:33:55', 5),
(103, 27, 6, '2021-01-01 00:00:00', '3300.00', '2021-03-03 06:34:17', 5),
(104, 39, 6, '2021-01-01 00:00:00', '2300.00', '2021-03-03 06:34:49', 5),
(105, 31, 6, '2021-01-01 00:00:00', '3900.00', '2021-03-03 06:35:23', 5),
(106, 33, 6, '2021-01-01 00:00:00', '4050.00', '2021-03-03 06:36:02', 5),
(107, 37, 6, '2021-01-01 00:00:00', '4150.00', '2021-03-03 06:36:23', 5),
(108, 35, 6, '2021-01-01 00:00:00', '4250.00', '2021-03-03 06:36:55', 5),
(109, 32, 6, '2021-01-01 00:00:00', '3800.00', '2021-03-03 06:37:12', 5),
(110, 34, 6, '2021-01-01 00:00:00', '3950.00', '2021-03-03 06:37:29', 5),
(111, 38, 6, '2021-01-01 00:00:00', '4050.00', '2021-03-03 06:37:55', 5),
(112, 36, 6, '2021-01-01 00:00:00', '4150.00', '2021-03-03 06:38:38', 5),
(113, 28, 6, '2021-01-05 00:00:00', '3450.00', '2021-03-04 07:11:47', 5),
(114, 30, 6, '2021-01-05 00:00:00', '3550.00', '2021-03-04 07:12:08', 5),
(115, 29, 6, '2021-01-05 00:00:00', '3300.00', '2021-03-04 07:12:26', 5),
(116, 27, 6, '2021-01-05 00:00:00', '3400.00', '2021-03-04 07:12:40', 5),
(117, 29, 6, '2021-01-18 06:00:00', '3500.00', '2021-03-04 07:13:50', 5),
(118, 27, 6, '2021-01-18 06:00:00', '3550.00', '2021-03-04 07:14:08', 5),
(119, 28, 6, '2021-01-18 06:00:00', '3650.00', '2021-03-04 07:14:22', 5),
(120, 30, 6, '2021-01-18 06:00:00', '3700.00', '2021-03-04 07:14:44', 5),
(121, 29, 6, '2021-01-27 06:00:00', '3600.00', '2021-03-04 07:16:01', 5),
(122, 27, 6, '2021-01-27 06:00:00', '3750.00', '2021-03-04 07:16:26', 5),
(123, 28, 6, '2021-01-27 06:00:00', '3950.00', '2021-03-04 07:16:42', 5),
(124, 30, 6, '2021-01-27 06:00:00', '3950.00', '2021-03-04 07:16:58', 5),
(125, 39, 6, '2021-01-30 06:00:00', '2700.00', '2021-03-04 07:17:26', 5),
(126, 28, 6, '2021-01-09 00:00:00', '3650.00', '2021-03-04 08:58:16', 5),
(127, 10, 5, '2021-03-19 14:42:00', '4075.00', '2021-03-18 08:42:32', 1),
(128, 10, 5, '2021-03-19 15:42:00', '4088.00', '2021-03-18 08:43:00', 1),
(129, 31, 8, '2021-04-01 15:18:00', '5600.00', '2021-04-12 10:18:57', 1),
(130, 33, 8, '2021-04-02 15:00:00', '5200.00', '2021-04-12 10:19:11', 1),
(131, 37, 8, '2021-04-01 15:19:00', '4900.00', '2021-04-12 10:19:21', 1),
(132, 35, 8, '2021-04-01 15:00:00', '5800.00', '2021-04-12 10:19:32', 1),
(133, 35, 8, '2021-04-01 15:40:00', '5950.00', '2021-04-12 10:19:46', 1);

-- --------------------------------------------------------

--
-- Table structure for table `m_numberings`
--

CREATE TABLE `m_numberings` (
  `id` int(11) NOT NULL,
  `id_toko` int(3) NOT NULL,
  `prefix` varchar(10) NOT NULL,
  `date_info` tinyint(1) NOT NULL,
  `padding` smallint(6) NOT NULL,
  `prefix_separator` varchar(1) NOT NULL,
  `date_separator` varchar(1) NOT NULL
) ENGINE=InnoDB DEFAULT CHARSET=latin1;

--
-- Dumping data for table `m_numberings`
--

INSERT INTO `m_numberings` (`id`, `id_toko`, `prefix`, `date_info`, `padding`, `prefix_separator`, `date_separator`) VALUES
(1, 0, 'UK', 1, 4, '.', '.'),
(2, 0, 'DEPOSIT', 1, 4, '.', '.'),
(3, 0, 'DPS-K', 1, 4, '.', '.'),
(4, 0, 'UM', 1, 4, '.', '.'),
(5, 0, 'SJ-YAP', 1, 4, '.', '.'),
(6, 0, 'MATCH', 1, 4, '.', '.'),
(7, 0, 'PMB', 1, 4, '.', '.'),
(8, 0, 'LB', 1, 4, '.', '.'),
(9, 0, 'SJ', 1, 5, '.', '.'),
(10, 0, 'FT-YAP', 1, 4, '.', '.');

-- --------------------------------------------------------

--
-- Table structure for table `m_numbering_details`
--

CREATE TABLE `m_numbering_details` (
  `id` int(11) NOT NULL,
  `prefix` varchar(20) NOT NULL,
  `last_number` int(11) NOT NULL
) ENGINE=InnoDB DEFAULT CHARSET=latin1;

--
-- Dumping data for table `m_numbering_details`
--

INSERT INTO `m_numbering_details` (`id`, `prefix`, `last_number`) VALUES
(1, 'SJ-YAP.202101', 301),
(2, 'MATCH.202101', 120),
(3, 'UK.202101', 113),
(4, 'SJ-YAP.202102', 3),
(5, 'DEPOSIT.202101', 107),
(6, 'DEPOSIT.202102', 2),
(7, 'MATCH.202103', 8),
(8, 'SJ-YAP.202103', 14),
(9, 'UK.202103', 6),
(10, 'LB.202103', 1),
(11, 'SJ-YAP.202104', 32),
(12, 'MATCH.202104', 47),
(13, 'LB.202104', 9),
(14, 'UK.202104', 44),
(15, 'PMB.202104', 7),
(16, 'SJ.202105', 3),
(17, 'SJ.202106', 1),
(18, 'SJ-YAP.202106', 1),
(19, 'MATCH.202106', 1),
(20, 'UK.202106', 1),
(21, 'FT-YAP.202106', 6),
(22, 'DEPOSIT.202106', 1);

-- --------------------------------------------------------

--
-- Table structure for table `m_supplier`
--

CREATE TABLE `m_supplier` (
  `id` int(11) NOT NULL,
  `nama_supplier` varchar(200) NOT NULL,
  `alamat` varchar(200) NOT NULL,
  `nilai` decimal(14,2) NOT NULL DEFAULT 0.00,
  `lebihbayar` decimal(14,2) NOT NULL DEFAULT 0.00,
  `modified_at` datetime DEFAULT NULL,
  `modified_by` int(3) DEFAULT NULL,
  `created_at` datetime DEFAULT NULL,
  `created_by` int(3) DEFAULT NULL
) ENGINE=InnoDB DEFAULT CHARSET=utf8mb4;

--
-- Dumping data for table `m_supplier`
--

INSERT INTO `m_supplier` (`id`, `nama_supplier`, `alamat`, `nilai`, `lebihbayar`, `modified_at`, `modified_by`, `created_at`, `created_by`) VALUES
(11, 'ABDUL MANAN', '-', '4500000.00', '0.00', '2021-06-07 11:44:37', 6, '2021-02-03 07:20:51', 1),
(12, 'WAWAN', '-', '0.00', '0.00', NULL, NULL, '2021-02-03 08:23:36', 4),
(13, 'WIRANTONO', '-', '0.00', '0.00', NULL, NULL, '2021-02-03 08:23:46', 4),
(14, 'LEO', '-', '0.00', '0.00', NULL, NULL, '2021-02-03 08:24:14', 4),
(15, 'PINOY', '-', '0.00', '0.00', NULL, NULL, '2021-02-03 08:24:21', 4),
(16, 'PURWANTONO', '-', '0.00', '0.00', NULL, NULL, '2021-02-03 08:24:51', 4),
(17, 'MARTIN', '-', '0.00', '0.00', NULL, NULL, '2021-02-03 08:24:58', 4),
(18, 'INDRA H', '-', '0.00', '0.00', NULL, NULL, '2021-02-03 08:25:07', 4),
(19, 'JOHAN', '-', '4000000.00', '0.00', '2021-03-01 09:45:35', 5, '2021-02-03 08:25:16', 4),
(20, 'RONNY', '-', '0.00', '0.00', NULL, NULL, '2021-02-03 08:25:25', 4),
(21, 'BARDAN', '-', '0.00', '0.00', NULL, NULL, '2021-02-03 08:25:51', 4),
(22, 'CHANG', '-', '0.00', '0.00', NULL, NULL, '2021-02-03 08:26:07', 4),
(23, 'GUNAWAN', '-', '0.00', '0.00', NULL, NULL, '2021-02-03 08:26:20', 4),
(24, 'JATI SUKO', '-', '0.00', '0.00', NULL, NULL, '2021-02-03 08:26:34', 4),
(25, 'KHOMARIAH', '-', '0.00', '0.00', NULL, NULL, '2021-02-03 08:26:50', 4),
(26, 'LINDA', '-', '0.00', '0.00', NULL, NULL, '2021-02-03 08:27:09', 4),
(27, 'RUDI BERSAUDARA', '-', '0.00', '0.00', NULL, NULL, '2021-02-03 08:27:26', 4),
(28, 'TRI ALIKA', '-', '0.00', '0.00', NULL, NULL, '2021-02-03 08:27:40', 4),
(29, 'ZAKY', '-', '0.00', '0.00', NULL, NULL, '2021-02-03 08:27:51', 4),
(30, 'AMIRULLAH', '-', '0.00', '0.00', NULL, NULL, '2021-02-03 08:28:03', 4),
(31, 'BAROKAH', '-', '0.00', '0.00', NULL, NULL, '2021-02-03 08:28:14', 4),
(32, 'DANI', '-', '0.00', '0.00', NULL, NULL, '2021-02-03 08:28:27', 4),
(33, 'JAYA ABADI', '-', '0.00', '0.00', NULL, NULL, '2021-02-03 08:28:41', 4),
(34, 'KURDIH', '-', '0.00', '0.00', NULL, NULL, '2021-02-03 08:28:54', 4),
(35, 'MALIK', '-', '0.00', '0.00', NULL, NULL, '2021-02-03 08:29:04', 4),
(36, 'NOVI', '-', '0.00', '0.00', NULL, NULL, '2021-02-03 08:29:14', 4),
(37, 'ROBIAH', '-', '463000000.00', '0.00', '2021-03-18 02:33:26', 5, '2021-02-03 08:29:25', 4),
(38, 'SURYANA', '-', '50000000.00', '0.00', '2021-03-02 03:04:46', 5, '2021-02-03 08:29:36', 4),
(39, 'ASAN BAKRI', '-', '110000000.00', '0.00', '2021-03-08 05:03:19', 1, '2021-02-03 08:29:52', 4),
(40, 'ERWIN', '-', '0.00', '0.00', NULL, NULL, '2021-02-03 08:30:06', 4),
(41, 'MAMA', '-', '0.00', '0.00', NULL, NULL, '2021-02-03 08:30:21', 4),
(42, 'TAJUDIN', '-', '0.00', '0.00', NULL, NULL, '2021-02-03 08:30:37', 4),
(43, 'ABDUL HAER', '-', '550000.00', '0.00', '2021-06-21 13:24:02', 1, '2021-03-01 07:44:28', 5),
(45, 'ACUN ATO SULAIMAN', '-', '100000000.00', '0.00', '2021-03-01 07:53:52', 5, '2021-03-01 07:52:46', 5),
(46, 'AGUNG BUDI', '-', '50000000.00', '0.00', '2021-03-01 07:58:48', 5, '2021-03-01 07:58:12', 5),
(47, 'AHMAD SOPIAN ATO JAMAL', '-', '3500000.00', '0.00', '2021-03-01 08:01:05', 5, '2021-03-01 08:00:39', 5),
(48, 'AISAH AM', '-', '1000000.00', '0.00', '2021-03-01 08:03:12', 5, '2021-03-01 08:02:47', 5),
(50, 'ANDA', '-', '30000000.00', '0.00', '2021-03-01 08:21:43', 5, '2021-03-01 08:21:20', 5),
(51, 'ANDRIYANTO', '-', '59047000.00', '0.00', '2021-03-01 08:56:34', 5, '2021-03-01 08:22:46', 5),
(52, 'AKUB', '-', '0.00', '0.00', NULL, NULL, '2021-03-01 08:30:02', 5),
(53, 'ARSADI', '-', '4000000.00', '0.00', '2021-03-02 04:55:58', 5, '2021-03-01 08:58:14', 5),
(55, 'AKUB', '-', '0.00', '0.00', '2021-03-02 03:08:37', 5, '2021-03-01 09:00:52', 5),
(56, 'BAHOD', '-', '17000000.00', '0.00', '2021-03-01 09:05:14', 5, '2021-03-01 09:04:51', 5),
(57, 'BAKRI ATO AISYAH', '-', '4500000.00', '0.00', '2021-03-01 09:06:22', 5, '2021-03-01 09:05:58', 5),
(58, 'DAMAR', '-', '6800000.00', '0.00', '2021-03-01 09:07:33', 5, '2021-03-01 09:07:09', 5),
(59, 'DANI PADEGLANG', '-', '6000000.00', '0.00', '2021-03-01 09:08:21', 5, '2021-03-01 09:08:02', 5),
(60, 'DEDI', '-', '20500000.00', '0.00', '2021-03-02 03:09:29', 5, '2021-03-01 09:09:35', 5),
(61, 'DEWI', '-', '839000000.00', '0.00', '2021-03-02 03:18:15', 5, '2021-03-01 09:10:28', 5),
(62, 'EKA', '-', '15000000.00', '0.00', '2021-03-02 03:22:39', 5, '2021-03-01 09:12:26', 5),
(63, 'ENDI', '-', '10000000.00', '0.00', '2021-03-02 05:00:14', 5, '2021-03-01 09:13:06', 5),
(64, 'ERIK', '-', '5000000.00', '0.00', '2021-03-01 09:14:00', 5, '2021-03-01 09:13:43', 5),
(65, 'H ZAZI', '-', '23500000.00', '0.00', '2021-03-01 09:15:04', 5, '2021-03-01 09:14:43', 5),
(66, 'H AAN ATO RIFI', '-', '63209461.00', '0.00', '2021-03-02 03:24:02', 5, '2021-03-01 09:16:04', 5),
(67, 'H BANDI', '-', '50000000.00', '0.00', '2021-03-02 03:24:39', 5, '2021-03-01 09:17:18', 5),
(68, 'H MANSUR', '-', '10000000.00', '0.00', '2021-03-02 03:25:19', 5, '2021-03-01 09:18:17', 5),
(69, 'H NURJANA ATO AMID', '-', '5500000.00', '0.00', '2021-03-01 09:19:44', 5, '2021-03-01 09:19:28', 5),
(70, 'HAMBALI', '-', '10000000.00', '0.00', '2021-03-01 09:21:01', 5, '2021-03-01 09:20:23', 5),
(71, 'HARRY S ATO BERTON', '-', '36000000.00', '0.00', '2021-03-02 03:27:54', 5, '2021-03-01 09:36:00', 5),
(72, 'HENDRI', '-', '1000000.00', '0.00', '2021-03-18 02:27:36', 5, '2021-03-01 09:37:02', 5),
(73, 'HERMANSYAH', '-', '1000000.00', '0.00', '2021-03-02 05:18:39', 5, '2021-03-01 09:38:13', 5),
(74, 'HUSEN ATO M IMRON ROSADI', '-', '47000000.00', '0.00', '2021-03-02 05:20:02', 5, '2021-03-01 09:40:23', 5),
(76, 'JALI', '-', '15000000.00', '0.00', '2021-03-01 09:44:33', 5, '2021-03-01 09:44:19', 5),
(77, 'JOHAN', '-', '0.00', '0.00', NULL, NULL, '2021-03-01 09:45:20', 5),
(78, 'JOY ATO MOH ZAENUDIN', '-', '17000000.00', '0.00', '2021-03-02 05:21:51', 5, '2021-03-01 09:46:08', 5),
(79, 'JUDI', '-', '5000000.00', '0.00', '2021-03-01 09:49:03', 5, '2021-03-01 09:48:41', 5),
(80, 'KADIRI', '-', '3000000.00', '0.00', '2021-03-17 03:59:13', 5, '2021-03-01 09:50:05', 5),
(81, 'KARMA', '-', '250000000.00', '0.00', '2021-03-01 09:52:09', 5, '2021-03-01 09:51:28', 5),
(82, 'KASIM KARTADI', '-', '8000000.00', '0.00', '2021-03-02 05:24:44', 5, '2021-03-01 09:52:56', 5),
(83, 'KASWAN', '-', '4600000.00', '0.00', '2021-03-17 02:36:05', 5, '2021-03-01 09:54:15', 5),
(84, 'KUSNADI', '-', '19500000.00', '0.00', '2021-03-02 04:33:06', 5, '2021-03-01 09:55:04', 5),
(85, 'LIHAN', '-', '45000000.00', '0.00', '2021-03-02 05:27:23', 5, '2021-03-01 09:55:56', 5),
(86, 'MARSAIT', '-', '4000000.00', '0.00', '2021-03-01 09:57:22', 5, '2021-03-01 09:57:03', 5),
(87, 'MIS BAROS ATO AHMAD MUKHLISIN', '-', '16000000.00', '0.00', '2021-03-02 04:34:38', 5, '2021-03-01 09:58:22', 5),
(88, 'MUKMIN ATO MAD HADI', '-', '29500000.00', '0.00', '2021-03-02 05:29:52', 5, '2021-03-01 09:59:12', 5),
(89, 'MUS', '-', '10000000.00', '0.00', '2021-03-02 05:33:41', 5, '2021-03-01 10:01:02', 5),
(90, 'PRIYANTO', '-', '4500000.00', '0.00', '2021-03-01 10:02:01', 5, '2021-03-01 10:01:47', 5),
(91, 'RABID', '-', '1800000.00', '0.00', '2021-03-01 10:02:43', 5, '2021-03-01 10:02:27', 5),
(92, 'RISJON ATO DINAR M', '-', '4500000.00', '0.00', '2021-03-02 05:35:05', 5, '2021-03-01 10:03:37', 5),
(94, 'SAINO', '-', '200000000.00', '0.00', '2021-03-01 10:05:39', 5, '2021-03-01 10:05:17', 5),
(95, 'SAIPUL ATO M KURTUBI', '-', '1500000.00', '0.00', '2021-03-01 10:06:28', 5, '2021-03-01 10:06:10', 5),
(96, 'SAMLAWI', '-', '48000000.00', '0.00', '2021-03-02 05:36:18', 5, '2021-03-01 10:07:07', 5),
(97, 'SARIF CILEGON', '-', '14000000.00', '0.00', '2021-03-02 05:36:56', 5, '2021-03-01 10:07:46', 5),
(98, 'SELAMET CURUG', '-', '13000000.00', '0.00', '2021-03-01 10:08:59', 5, '2021-03-01 10:08:37', 5),
(99, 'SITI NUR AENI', '-', '27000000.00', '0.00', '2021-03-02 05:37:41', 5, '2021-03-01 10:09:25', 5),
(100, 'SITI SAROH ATO MUNAWAROH ATO SODIKIN', '-', '30000000.00', '0.00', '2021-03-02 04:47:21', 5, '2021-03-01 10:10:31', 5),
(101, 'SLAMET RAMLI', '-', '22000000.00', '0.00', '2021-03-09 04:21:23', 5, '2021-03-02 02:52:26', 5),
(102, 'SOBIRIN', '-', '13000000.00', '0.00', '2021-03-17 06:34:32', 5, '2021-03-02 02:54:41', 5),
(103, 'SULISTIYO', '-', '15000000.00', '0.00', '2021-03-02 03:02:14', 5, '2021-03-02 03:01:27', 5),
(104, 'SURYADI BUBULAK', '-', '20000000.00', '0.00', '2021-03-02 03:03:57', 5, '2021-03-02 03:03:40', 5),
(105, 'SURYANA', '-', '0.00', '0.00', NULL, NULL, '2021-03-02 03:04:30', 5),
(106, 'UMAR', '-', '2500000.00', '0.00', '2021-03-02 03:05:42', 5, '2021-03-02 03:05:29', 5),
(107, 'ABDUL WAHAB', '-', '24000000.00', '0.00', '2021-03-06 02:44:19', 1, '2021-03-02 03:07:56', 5),
(108, 'MASDAR', '-', '1000000.00', '0.00', '2021-03-02 05:28:43', 5, '2021-03-02 05:28:26', 5),
(109, 'ARIL', '', '0.00', '0.00', NULL, NULL, '2021-03-04 04:34:27', 5),
(110, 'NANO', '', '0.00', '0.00', NULL, NULL, '2021-03-04 04:39:46', 5),
(111, 'H MUANAM', '', '0.00', '0.00', NULL, NULL, '2021-03-04 04:45:15', 5),
(112, 'CHAIRUL ANWAR', '', '0.00', '0.00', NULL, NULL, '2021-03-04 04:55:53', 5),
(113, 'IBNU GUNAWAN', '', '0.00', '0.00', NULL, NULL, '2021-03-04 05:01:35', 5),
(114, 'MOH DWI ARIFIYANTO', '', '0.00', '0.00', NULL, NULL, '2021-03-04 06:26:16', 5),
(115, 'JAJA', '', '0.00', '0.00', NULL, NULL, '2021-03-04 06:28:25', 5),
(116, 'JOKO KLENDER', '', '0.00', '0.00', NULL, NULL, '2021-03-04 06:30:13', 5),
(117, 'SITI SAROH', '', '0.00', '0.00', NULL, NULL, '2021-03-04 06:48:56', 5),
(118, 'RIFI', '', '0.00', '0.00', NULL, NULL, '2021-03-04 06:50:25', 5),
(119, 'ARSOMA', '', '0.00', '0.00', NULL, NULL, '2021-03-04 06:54:48', 5),
(120, 'WAWAN DADAP', '', '0.00', '0.00', NULL, NULL, '2021-03-04 07:01:24', 5),
(121, 'WAWAN BANDUNG', '', '0.00', '0.00', NULL, NULL, '2021-03-04 07:03:17', 5),
(122, 'HENDRIK', '', '0.00', '0.00', NULL, NULL, '2021-03-04 07:26:41', 5),
(123, 'ANTO KUDUS', '', '0.00', '0.00', NULL, NULL, '2021-03-04 07:32:35', 5),
(124, 'WIWI WIATI', '', '0.00', '0.00', NULL, NULL, '2021-03-04 07:34:39', 5),
(125, 'ABDULLAH', '', '0.00', '0.00', NULL, NULL, '2021-03-04 07:42:17', 5),
(126, 'SUHENDAR', '', '0.00', '0.00', NULL, NULL, '2021-03-04 07:46:37', 5),
(127, 'ESTHER A', '', '0.00', '0.00', NULL, NULL, '2021-03-04 07:58:11', 5),
(128, 'SAMHANI', '', '0.00', '0.00', NULL, NULL, '2021-03-04 08:04:59', 5),
(129, 'SARIPAH', '', '0.00', '0.00', NULL, NULL, '2021-03-04 08:15:32', 5),
(130, 'IWAN', '', '0.00', '0.00', NULL, NULL, '2021-03-04 08:38:20', 5),
(131, 'JOKO', '', '0.00', '0.00', NULL, NULL, '2021-03-04 09:00:04', 5),
(132, 'SUYATNO', '', '0.00', '0.00', NULL, NULL, '2021-03-05 02:20:30', 5),
(133, 'KARTIAH', '', '0.00', '0.00', NULL, NULL, '2021-03-05 02:22:16', 5),
(134, 'SUDIONO', '', '0.00', '0.00', NULL, NULL, '2021-03-05 03:14:02', 5),
(135, 'STB CIBITUNG', '', '0.00', '0.00', NULL, NULL, '2021-03-05 03:15:12', 5),
(136, 'SAIDI', '', '0.00', '0.00', NULL, NULL, '2021-03-05 03:18:20', 5),
(137, 'HARYADI', '', '0.00', '0.00', NULL, NULL, '2021-03-05 03:35:21', 5),
(138, 'ROBET', '', '0.00', '0.00', NULL, NULL, '2021-03-05 06:05:21', 5),
(139, 'RASITO', '', '0.00', '0.00', NULL, NULL, '2021-03-05 06:14:21', 5),
(140, 'UDIN', '', '0.00', '0.00', NULL, NULL, '2021-03-05 06:16:26', 5),
(141, 'ILYAS', '', '0.00', '0.00', NULL, NULL, '2021-03-05 06:19:43', 5),
(142, 'TOTO SUYATNO', '', '0.00', '0.00', NULL, NULL, '2021-03-05 06:47:22', 5),
(143, 'RIAN NURDIANSYAH', '-', '0.00', '0.00', NULL, NULL, '2021-03-05 07:44:15', 5),
(144, 'AGUS', '', '0.00', '0.00', NULL, NULL, '2021-03-05 08:30:37', 5),
(145, 'SURYADI', '', '0.00', '0.00', NULL, NULL, '2021-03-05 08:34:53', 5),
(146, 'SUNARDI', '', '0.00', '0.00', NULL, NULL, '2021-03-05 08:44:18', 5),
(147, 'MOCHAMMAD SURYADI', '', '0.00', '0.00', NULL, NULL, '2021-03-09 02:52:00', 5),
(148, 'WASMO', '', '0.00', '0.00', NULL, NULL, '2021-03-09 06:52:17', 5),
(149, 'SURATMI', '', '0.00', '0.00', NULL, NULL, '2021-03-09 07:25:36', 5),
(150, 'NOPLES', '', '0.00', '0.00', NULL, NULL, '2021-03-09 07:43:19', 5),
(151, 'TUTI ERNAWATI', '', '0.00', '0.00', NULL, NULL, '2021-03-16 03:26:57', 5),
(152, 'SYAFRINAL ST', '', '0.00', '0.00', NULL, NULL, '2021-03-16 03:29:16', 5),
(153, 'ARIS HARTANTO', '', '0.00', '0.00', NULL, NULL, '2021-03-16 06:40:49', 5),
(154, 'YULIONO', '', '0.00', '0.00', NULL, NULL, '2021-03-17 03:30:10', 5),
(155, 'ROBYCOOLZ', '', '0.00', '0.00', '2021-03-17 10:25:20', 1, '2021-03-17 10:14:16', 1);

-- --------------------------------------------------------

--
-- Table structure for table `roles`
--

CREATE TABLE `roles` (
  `id` int(11) NOT NULL,
  `roles` varchar(50) NOT NULL
) ENGINE=InnoDB DEFAULT CHARSET=utf8mb4;

--
-- Dumping data for table `roles`
--

INSERT INTO `roles` (`id`, `roles`) VALUES
(1, 'ADMIN'),
(2, 'SALES'),
(3, 'ADMIN SJ');

-- --------------------------------------------------------

--
-- Table structure for table `sj`
--

CREATE TABLE `sj` (
  `id` int(11) NOT NULL,
  `no_surat_jalan` varchar(100) NOT NULL,
  `nilai` decimal(14,2) NOT NULL DEFAULT 0.00,
  `nilai_deposit` decimal(14,2) NOT NULL DEFAULT 0.00,
  `tanggal` date NOT NULL,
  `status` int(1) NOT NULL,
  `flag` int(1) NOT NULL,
  `nama_supplier` varchar(75) DEFAULT NULL,
  `id_customer` int(4) NOT NULL DEFAULT 0,
  `id_group_supplier` int(11) NOT NULL DEFAULT 0,
  `no_tbt` varchar(50) DEFAULT NULL,
  `jenis_kendaraan` varchar(50) NOT NULL,
  `no_kendaraan` varchar(15) NOT NULL,
  `bonus` decimal(14,2) NOT NULL DEFAULT 0.00,
  `denda` decimal(14,2) NOT NULL,
  `denda_1` decimal(14,2) NOT NULL DEFAULT 0.00,
  `denda_2` decimal(14,2) NOT NULL DEFAULT 0.00,
  `ppn` tinyint(1) NOT NULL DEFAULT 0,
  `id_obm` int(3) NOT NULL DEFAULT 0,
  `obm` int(5) NOT NULL DEFAULT 0,
  `tiket` decimal(14,2) NOT NULL DEFAULT 0.00,
  `nilai_tiket` decimal(14,2) NOT NULL DEFAULT 0.00,
  `bb_cash` decimal(14,2) NOT NULL DEFAULT 0.00,
  `keterangan` text NOT NULL,
  `flag_denda` tinyint(1) NOT NULL DEFAULT 0,
  `flag_denda_2` tinyint(1) NOT NULL DEFAULT 0,
  `modified_at` datetime DEFAULT NULL,
  `modified_by` int(3) DEFAULT NULL,
  `created_at` datetime DEFAULT NULL,
  `created_by` int(3) DEFAULT NULL
) ENGINE=InnoDB DEFAULT CHARSET=utf8mb4;

--
-- Dumping data for table `sj`
--

INSERT INTO `sj` (`id`, `no_surat_jalan`, `nilai`, `nilai_deposit`, `tanggal`, `status`, `flag`, `nama_supplier`, `id_customer`, `id_group_supplier`, `no_tbt`, `jenis_kendaraan`, `no_kendaraan`, `bonus`, `denda`, `denda_1`, `denda_2`, `ppn`, `id_obm`, `obm`, `tiket`, `nilai_tiket`, `bb_cash`, `keterangan`, `flag_denda`, `flag_denda_2`, `modified_at`, `modified_by`, `created_at`, `created_by`) VALUES
(1, 'SJ.202105.00002', '1447644575.00', '750000.00', '2021-05-18', 1, 0, 'BELLO', 5, 0, NULL, 'TRUK', 'B 188 CE', '0.00', '105000.00', '25000.00', '80000.00', 0, 2, 0, '255000.00', '0.00', '75000.00', '', 0, 0, '2021-05-27 11:49:02', 6, '2021-05-27 11:13:26', 6),
(2, 'SJ.202105.00003', '33847550.00', '50000.00', '2021-05-10', 1, 0, 'BELLOON', 5, 0, NULL, 'TRUK', 'B 188 CE', '0.00', '0.00', '0.00', '0.00', 1, 0, 0, '0.00', '0.00', '0.00', '', 0, 0, '2021-05-27 11:49:38', 6, '2021-05-27 11:49:21', 6),
(3, 'SJ.202106.00001', '0.00', '0.00', '2021-06-05', 0, 0, 'USAHA SARANA ELECTRICAL', 5, 0, NULL, 'TRUK', 'B 1845 GE', '0.00', '0.00', '0.00', '0.00', 0, 0, 0, '0.00', '0.00', '0.00', '', 0, 0, NULL, NULL, '2021-06-05 08:39:56', 6);

-- --------------------------------------------------------

--
-- Table structure for table `sj_details`
--

CREATE TABLE `sj_details` (
  `id` int(11) NOT NULL,
  `id_sj` int(11) NOT NULL,
  `id_jb` int(11) NOT NULL,
  `bruto` decimal(14,2) NOT NULL,
  `potongan` decimal(14,2) NOT NULL,
  `netto` decimal(14,2) NOT NULL,
  `id_harga` int(11) NOT NULL,
  `harga` decimal(14,2) NOT NULL,
  `bonus` decimal(14,2) NOT NULL,
  `total` decimal(14,2) NOT NULL
) ENGINE=InnoDB DEFAULT CHARSET=utf8mb4;

--
-- Dumping data for table `sj_details`
--

INSERT INTO `sj_details` (`id`, `id_sj`, `id_jb`, `bruto`, `potongan`, `netto`, `id_harga`, `harga`, `bonus`, `total`) VALUES
(1, 1, 10, '5600.00', '11.00', '5589.00', 127, '4075.00', '0.00', '22775175.00'),
(2, 2, 9, '7809.00', '19.00', '7790.00', 68, '3950.00', '0.00', '30770500.00');

-- --------------------------------------------------------

--
-- Table structure for table `t_sj`
--

CREATE TABLE `t_sj` (
  `id` int(11) NOT NULL,
  `no_surat_jalan` varchar(100) NOT NULL,
  `nilai` decimal(14,2) NOT NULL DEFAULT 0.00,
  `nilai_bayar` decimal(14,2) NOT NULL DEFAULT 0.00,
  `nilai_potong` decimal(14,2) NOT NULL DEFAULT 0.00,
  `tanggal` date NOT NULL,
  `tanggal_lunas` date NOT NULL,
  `tanggal_harga` date NOT NULL,
  `status` int(1) NOT NULL,
  `flag` int(1) NOT NULL,
  `id_invoice` int(11) NOT NULL,
  `id_supplier` int(11) NOT NULL DEFAULT 0,
  `id_customer` int(4) NOT NULL DEFAULT 0,
  `id_group_supplier` int(11) NOT NULL DEFAULT 0,
  `no_tbt` varchar(50) DEFAULT NULL,
  `jenis_kendaraan` varchar(50) NOT NULL,
  `no_kendaraan` varchar(15) NOT NULL,
  `bonus` decimal(14,2) NOT NULL DEFAULT 0.00,
  `denda` decimal(14,2) NOT NULL,
  `denda_1` decimal(14,2) NOT NULL DEFAULT 0.00,
  `denda_2` decimal(14,2) NOT NULL DEFAULT 0.00,
  `ppn` tinyint(1) NOT NULL DEFAULT 0,
  `id_obm` int(3) NOT NULL DEFAULT 0,
  `obm` int(5) NOT NULL DEFAULT 0,
  `tiket` decimal(14,2) NOT NULL DEFAULT 0.00,
  `nilai_tiket` decimal(14,2) NOT NULL DEFAULT 0.00,
  `bb_cash` decimal(14,2) NOT NULL DEFAULT 0.00,
  `keterangan` text NOT NULL,
  `flag_denda` tinyint(1) NOT NULL DEFAULT 0,
  `flag_denda_2` tinyint(1) NOT NULL DEFAULT 0,
  `del` tinyint(1) NOT NULL DEFAULT 0,
  `modified_at` datetime DEFAULT NULL,
  `modified_by` int(3) DEFAULT NULL,
  `created_at` datetime DEFAULT NULL,
  `created_by` int(3) DEFAULT NULL
) ENGINE=InnoDB DEFAULT CHARSET=utf8mb4;

--
-- Dumping data for table `t_sj`
--

INSERT INTO `t_sj` (`id`, `no_surat_jalan`, `nilai`, `nilai_bayar`, `nilai_potong`, `tanggal`, `tanggal_lunas`, `tanggal_harga`, `status`, `flag`, `id_invoice`, `id_supplier`, `id_customer`, `id_group_supplier`, `no_tbt`, `jenis_kendaraan`, `no_kendaraan`, `bonus`, `denda`, `denda_1`, `denda_2`, `ppn`, `id_obm`, `obm`, `tiket`, `nilai_tiket`, `bb_cash`, `keterangan`, `flag_denda`, `flag_denda_2`, `del`, `modified_at`, `modified_by`, `created_at`, `created_by`) VALUES
(5, 'SJ-YAP.202101.0018', '40881092.00', '40881092.00', '0.00', '2021-01-02', '2021-01-02', '2021-01-02', 1, 1, 11, 40, 6, 12, NULL, 'FUSO', 'B 9156 NI', '0.00', '0.00', '0.00', '0.00', 0, 1, 0, '0.00', '0.00', '0.00', '', 1, 1, 0, '2021-04-27 05:58:15', 1, '2021-03-04 04:22:45', 5),
(8, 'SJ-YAP.202101.0021', '25264122.00', '25264122.00', '0.00', '2021-01-02', '2021-01-02', '2021-01-02', 1, 1, 11, 109, 6, 12, NULL, 'CD', 'B 9486 KQB', '0.00', '0.00', '0.00', '0.00', 0, 1, 0, '0.00', '0.00', '0.00', '', 1, 1, 0, '2021-04-27 05:57:59', 1, '2021-03-04 04:34:27', 5),
(9, 'SJ-YAP.202101.0022', '40010560.80', '40010560.80', '0.00', '2021-01-04', '2021-01-04', '2021-01-04', 1, 1, 11, 40, 6, 12, NULL, 'FUSO', 'B 9156 NI', '0.00', '0.00', '0.00', '0.00', 0, 1, 0, '0.00', '0.00', '0.00', '', 1, 1, 0, '2021-04-08 10:50:59', 1, '2021-03-04 04:37:49', 5),
(10, 'SJ-YAP.202101.0023', '12317977.00', '0.00', '0.00', '2021-01-04', '0000-00-00', '2021-01-04', 1, 0, 0, 110, 6, 12, NULL, 'CD', 'F 9096 WA', '0.00', '0.00', '0.00', '0.00', 0, 1, 0, '0.00', '0.00', '0.00', '', 1, 1, 0, '2021-03-04 04:40:30', 5, '2021-03-04 04:39:46', 5),
(11, 'SJ-YAP.202101.0024', '12328306.00', '12328306.00', '0.00', '2021-01-04', '2021-01-04', '2021-01-04', 1, 1, 0, 110, 6, 12, NULL, 'CD', 'B 9902 PT', '0.00', '0.00', '0.00', '0.00', 0, 1, 0, '0.00', '0.00', '0.00', '', 1, 1, 0, '2021-03-04 04:43:45', 5, '2021-03-04 04:41:52', 5),
(12, 'SJ-YAP.202101.0025', '15086620.00', '15086620.00', '0.00', '2021-01-04', '2021-01-04', '2021-01-04', 1, 1, 0, 111, 6, 12, NULL, 'CD', 'B 9995 VX', '0.00', '0.00', '0.00', '0.00', 0, 0, 0, '0.00', '0.00', '0.00', '', 1, 1, 0, '2021-04-27 05:58:15', 1, '2021-03-04 04:45:15', 5),
(14, 'SJ-YAP.202101.0027', '27513850.00', '27513850.00', '0.00', '2021-01-02', '2021-01-02', '2021-01-02', 1, 1, 0, 112, 6, 12, NULL, 'LOSBAK', 'D 9706 AD', '0.00', '0.00', '0.00', '0.00', 0, 1, 0, '0.00', '0.00', '0.00', '', 1, 1, 0, '2021-04-27 05:57:59', 1, '2021-03-04 04:58:47', 5),
(15, 'SJ-YAP.202101.0028', '26708919.50', '26708919.50', '0.00', '2021-01-02', '2021-01-02', '2021-01-02', 1, 1, 11, 113, 6, 12, NULL, 'LOSBAK', 'D 9706 AD', '0.00', '0.00', '0.00', '0.00', 0, 1, 0, '0.00', '0.00', '0.00', '', 1, 1, 0, '2021-04-08 10:50:59', 1, '2021-03-04 05:01:35', 5),
(16, 'SJ-YAP.202101.0029', '26471484.00', '26471484.00', '0.00', '2021-01-02', '2021-01-02', '2021-01-02', 1, 1, 11, 113, 6, 12, NULL, 'LOSBAK', 'B 9137 KQB', '0.00', '0.00', '0.00', '0.00', 0, 1, 0, '0.00', '0.00', '0.00', '', 1, 1, 0, '2021-03-04 05:05:15', 5, '2021-03-04 05:04:49', 5),
(17, 'SJ-YAP.202101.0030', '33223606.00', '33223606.00', '0.00', '2021-01-04', '2021-01-04', '2021-01-04', 1, 1, 0, 114, 6, 12, NULL, 'LOSBAK', 'B 9139 UY', '0.00', '0.00', '0.00', '0.00', 0, 1, 0, '0.00', '0.00', '0.00', '', 1, 1, 0, '2021-04-27 05:57:59', 1, '2021-03-04 06:26:16', 5),
(18, 'SJ-YAP.202101.0031', '7543356.00', '7543356.00', '0.00', '2021-01-04', '2021-01-04', '2021-01-04', 1, 1, 0, 115, 6, 12, NULL, 'CD', 'B 9255 FYX', '0.00', '0.00', '0.00', '0.00', 0, 0, 0, '0.00', '0.00', '0.00', '', 1, 1, 0, '2021-04-27 05:58:15', 1, '2021-03-04 06:28:25', 5),
(19, 'SJ-YAP.202101.0032', '30825639.00', '30825639.00', '0.00', '2021-01-04', '2021-01-04', '2021-01-04', 1, 1, 0, 116, 6, 12, NULL, 'CD', 'B 9672 TDD', '0.00', '0.00', '0.00', '0.00', 0, 1, 0, '0.00', '0.00', '0.00', '', 1, 1, 0, '2021-04-27 05:57:59', 1, '2021-03-04 06:30:13', 5),
(20, 'SJ-YAP.202101.0033', '12702118.00', '12702118.00', '0.00', '2021-01-04', '2021-01-04', '2021-01-04', 1, 1, 0, 110, 6, 12, NULL, 'CD', 'T 8838 EL', '0.00', '0.00', '0.00', '0.00', 0, 0, 0, '0.00', '0.00', '0.00', '', 1, 1, 0, '2021-04-27 05:58:15', 1, '2021-03-04 06:31:52', 5),
(21, 'SJ-YAP.202101.0034', '12468531.00', '0.00', '0.00', '2021-01-04', '0000-00-00', '2021-01-04', 1, 0, 0, 110, 6, 12, NULL, 'LOSBAK', 'B 9902 PT', '0.00', '0.00', '0.00', '0.00', 0, 1, 0, '0.00', '0.00', '0.00', '', 1, 1, 0, '2021-03-04 06:46:17', 5, '2021-03-04 06:45:45', 5),
(22, 'SJ-YAP.202101.0035', '11938920.00', '11938920.00', '0.00', '2021-01-04', '2021-01-04', '2021-01-04', 1, 1, 0, 110, 6, 12, NULL, 'LOSBAK', 'F 9096 WA', '0.00', '0.00', '0.00', '0.00', 0, 1, 0, '0.00', '0.00', '0.00', '', 1, 1, 0, '2021-03-04 06:47:55', 5, '2021-03-04 06:47:33', 5),
(23, 'SJ-YAP.202101.0036', '8326000.00', '8326000.00', '0.00', '2021-01-04', '2021-01-05', '2021-01-04', 1, 1, 0, 117, 6, 12, NULL, 'LOSBAK', 'B 9791 BQA', '0.00', '0.00', '0.00', '0.00', 0, 0, 0, '0.00', '0.00', '0.00', '', 1, 1, 0, '2021-03-04 06:49:18', 5, '2021-03-04 06:48:56', 5),
(24, 'SJ-YAP.202101.0037', '22614593.50', '22614593.50', '0.00', '2021-01-05', '2021-01-05', '2021-01-05', 1, 1, 11, 118, 6, 0, NULL, 'LOSBAK', 'B 9139 UY', '0.00', '0.00', '0.00', '0.00', 0, 1, 0, '0.00', '0.00', '0.00', '', 1, 1, 0, '2021-03-04 06:50:47', 5, '2021-03-04 06:50:25', 5),
(25, 'SJ-YAP.202101.0038', '19338090.00', '19338090.00', '500000.00', '2021-01-05', '2021-01-05', '2021-01-05', 1, 1, 0, 37, 6, 12, NULL, 'CD', 'B 9847 KI', '0.00', '0.00', '0.00', '0.00', 0, 1, 0, '0.00', '0.00', '0.00', '', 1, 1, 0, '2021-03-08 04:07:30', 5, '2021-03-04 06:51:40', 5),
(26, 'SJ-YAP.202101.0039', '48115068.60', '48115068.60', '0.00', '2021-01-05', '2021-01-05', '2021-01-05', 1, 1, 0, 119, 6, 4, NULL, 'LOSBAK', 'B 9484 WYT', '0.00', '0.00', '0.00', '0.00', 0, 1, 0, '0.00', '0.00', '0.00', '', 1, 1, 0, '2021-03-04 06:55:13', 5, '2021-03-04 06:54:48', 5),
(27, 'SJ-YAP.202101.0040', '22978969.00', '22978969.00', '0.00', '2021-01-05', '2021-01-05', '2021-01-05', 1, 1, 0, 110, 6, 12, NULL, 'LOSBAK', 'T 8053 TI', '0.00', '0.00', '0.00', '0.00', 0, 1, 0, '0.00', '0.00', '0.00', '', 1, 1, 0, '2021-03-04 06:58:48', 5, '2021-03-04 06:58:17', 5),
(28, 'SJ-YAP.202101.0041', '6754985.00', '6754985.00', '0.00', '2021-01-05', '2021-01-05', '2021-01-05', 1, 1, 0, 115, 6, 12, NULL, 'CD', 'B 9255 FYX', '0.00', '0.00', '0.00', '0.00', 0, 0, 0, '0.00', '0.00', '0.00', '', 1, 1, 0, '2021-03-04 07:00:32', 5, '2021-03-04 06:59:50', 5),
(29, 'SJ-YAP.202101.0042', '69661462.00', '69661462.00', '0.00', '2021-01-05', '2021-01-05', '2021-01-05', 1, 1, 0, 120, 6, 12, NULL, 'CD', 'B 9350 BDI', '0.00', '0.00', '0.00', '0.00', 0, 1, 0, '0.00', '0.00', '0.00', '', 1, 1, 0, '2021-03-04 07:01:52', 5, '2021-03-04 07:01:24', 5),
(31, 'SJ-YAP.202101.0044', '27801520.00', '27801520.00', '0.00', '2021-01-05', '2021-01-05', '2021-01-05', 1, 1, 0, 121, 6, 12, NULL, 'LOSBAK', 'D 8197 YK', '0.00', '0.00', '0.00', '0.00', 0, 1, 0, '0.00', '0.00', '0.00', '', 1, 1, 0, '2021-03-04 07:19:55', 5, '2021-03-04 07:19:22', 5),
(32, 'SJ-YAP.202101.0045', '44100572.00', '44100572.00', '0.00', '2021-01-05', '2021-01-05', '2021-01-05', 1, 1, 0, 121, 6, 12, NULL, 'CD', 'D 8142 XM', '0.00', '0.00', '0.00', '0.00', 0, 1, 0, '0.00', '0.00', '0.00', '', 1, 1, 0, '2021-03-04 07:21:52', 5, '2021-03-04 07:20:56', 5),
(33, 'SJ-YAP.202101.0046', '11189546.00', '11189546.00', '0.00', '2021-01-05', '2021-01-05', '2021-01-05', 1, 1, 0, 113, 6, 12, NULL, 'LOSBAK', 'D 9706 AD', '0.00', '0.00', '0.00', '0.00', 0, 0, 0, '0.00', '0.00', '0.00', '', 1, 1, 0, '2021-03-04 07:24:17', 5, '2021-03-04 07:23:39', 5),
(34, 'SJ-YAP.202101.0047', '12300743.00', '12300743.00', '0.00', '2021-01-05', '2021-01-05', '2021-01-05', 1, 1, 0, 110, 6, 12, NULL, 'TRUCK', 'F 9096 WA', '0.00', '0.00', '0.00', '0.00', 0, 1, 0, '0.00', '0.00', '0.00', '', 1, 1, 0, '2021-03-04 07:25:45', 5, '2021-03-04 07:25:15', 5),
(35, 'SJ-YAP.202101.0048', '30113808.00', '30113808.00', '500000.00', '2021-01-06', '2021-01-06', '2021-01-06', 1, 1, 0, 72, 6, 12, NULL, 'LOSBAK', 'E 9569 HB', '0.00', '0.00', '0.00', '0.00', 0, 0, 0, '0.00', '0.00', '0.00', '', 1, 1, 0, '2021-03-18 02:27:36', 5, '2021-03-04 07:26:41', 5),
(36, 'SJ-YAP.202101.0049', '44185397.40', '44185397.40', '0.00', '2021-01-06', '2021-01-06', '2021-01-06', 1, 1, 0, 40, 6, 12, NULL, 'LOSBAK', 'B 9156 NI', '0.00', '0.00', '0.00', '0.00', 0, 1, 0, '0.00', '0.00', '0.00', '', 1, 1, 0, '2021-03-04 07:28:56', 5, '2021-03-04 07:28:27', 5),
(37, 'SJ-YAP.202101.0050', '20146128.00', '20146128.00', '0.00', '2021-01-06', '2021-01-06', '2021-01-06', 1, 1, 0, 111, 6, 12, NULL, 'CD', 'B 9886 HY', '0.00', '0.00', '0.00', '0.00', 0, 1, 0, '0.00', '0.00', '0.00', '', 1, 1, 0, '2021-03-04 07:31:35', 5, '2021-03-04 07:31:02', 5),
(38, 'SJ-YAP.202101.0051', '36976924.00', '36976924.00', '0.00', '2021-01-06', '2021-01-06', '2021-01-06', 1, 1, 0, 123, 6, 12, NULL, 'CD', 'K 1492 LK', '0.00', '0.00', '0.00', '0.00', 0, 1, 0, '0.00', '0.00', '0.00', '', 1, 1, 0, '2021-04-27 05:57:59', 1, '2021-03-04 07:32:35', 5),
(39, 'SJ-YAP.202101.0052', '30004195.50', '30004195.50', '0.00', '2021-01-06', '2021-01-06', '2021-01-06', 1, 1, 0, 124, 6, 12, NULL, 'CD', 'E 9045 V', '0.00', '0.00', '0.00', '0.00', 0, 1, 0, '0.00', '0.00', '0.00', '', 1, 1, 0, '2021-04-27 05:57:59', 1, '2021-03-04 07:34:39', 5),
(41, 'SJ-YAP.202101.0054', '70148514.40', '70148514.40', '0.00', '2021-01-06', '2021-01-06', '2021-01-06', 1, 1, 0, 18, 6, 12, NULL, 'TRUCK', 'B 9763 BDF', '0.00', '0.00', '0.00', '0.00', 0, 1, 0, '0.00', '0.00', '0.00', '', 1, 1, 0, '2021-03-04 07:38:21', 5, '2021-03-04 07:37:56', 5),
(42, 'SJ-YAP.202101.0055', '73552206.00', '73552206.00', '0.00', '2021-01-06', '2021-01-06', '2021-01-06', 1, 1, 0, 120, 6, 12, NULL, '', 'B 9350 BDI', '0.00', '0.00', '0.00', '0.00', 0, 1, 0, '0.00', '0.00', '0.00', '', 1, 1, 0, '2021-03-04 07:40:28', 5, '2021-03-04 07:39:54', 5),
(43, 'SJ-YAP.202101.0056', '28356042.00', '28356042.00', '0.00', '2021-01-06', '2021-01-06', '2021-01-06', 1, 1, 0, 125, 6, 12, NULL, 'CD', 'T 8215 GL', '0.00', '0.00', '0.00', '0.00', 0, 1, 0, '0.00', '0.00', '0.00', '', 1, 1, 0, '2021-03-04 07:43:35', 5, '2021-03-04 07:42:17', 5),
(44, 'SJ-YAP.202101.0057', '30325724.00', '30325724.00', '0.00', '2021-01-06', '2021-01-06', '2021-01-06', 1, 1, 0, 116, 6, 12, NULL, 'CD', 'B 9672 TDD', '0.00', '0.00', '0.00', '0.00', 0, 1, 0, '0.00', '0.00', '0.00', '', 1, 1, 0, '2021-03-04 07:45:15', 5, '2021-03-04 07:44:46', 5),
(45, 'SJ-YAP.202101.0058', '10651212.00', '10651212.00', '0.00', '2021-01-06', '2021-01-06', '2021-01-06', 1, 1, 0, 126, 6, 5, NULL, 'CD', 'B 9426 BDC', '0.00', '0.00', '0.00', '0.00', 0, 0, 0, '0.00', '0.00', '0.00', '', 1, 1, 0, '2021-03-04 07:48:23', 5, '2021-03-04 07:46:37', 5),
(46, 'SJ-YAP.202101.0059', '41393012.50', '41393012.50', '0.00', '2021-01-07', '2021-01-07', '2021-01-07', 1, 1, 0, 121, 6, 12, NULL, '', 'D 8197 YK', '0.00', '0.00', '0.00', '0.00', 0, 1, 0, '0.00', '0.00', '0.00', '', 1, 1, 0, '2021-03-04 07:50:39', 5, '2021-03-04 07:49:12', 5),
(47, 'SJ-YAP.202101.0060', '20691892.00', '20691892.00', '500000.00', '2021-01-07', '2021-01-07', '2021-01-07', 1, 1, 0, 37, 6, 12, NULL, '', 'B 9847 KI', '0.00', '0.00', '0.00', '0.00', 0, 1, 0, '0.00', '0.00', '0.00', '', 1, 1, 0, '2021-03-18 02:33:26', 5, '2021-03-04 07:53:15', 5),
(48, 'SJ-YAP.202101.0061', '40585167.60', '40585167.60', '0.00', '2021-01-07', '2021-01-07', '2021-01-07', 1, 1, 0, 40, 6, 12, NULL, '', 'B 9156 NI', '0.00', '0.00', '0.00', '0.00', 0, 1, 0, '0.00', '0.00', '0.00', '', 1, 1, 0, '2021-03-04 07:56:04', 5, '2021-03-04 07:55:19', 5),
(49, 'SJ-YAP.202101.0062', '26484626.00', '26484626.00', '0.00', '2021-01-07', '2021-01-07', '2021-01-07', 1, 1, 0, 127, 6, 12, NULL, '', 'B 9882 KDD', '0.00', '0.00', '0.00', '0.00', 0, 1, 0, '0.00', '0.00', '0.00', '', 1, 1, 0, '2021-03-04 07:58:41', 5, '2021-03-04 07:58:11', 5),
(50, 'SJ-YAP.202101.0063', '28480502.50', '28480502.50', '0.00', '2021-01-07', '2021-01-07', '2021-01-07', 1, 1, 0, 115, 6, 12, NULL, '', 'D 8924 ZG', '0.00', '0.00', '0.00', '0.00', 0, 1, 0, '0.00', '0.00', '0.00', '', 1, 1, 0, '2021-03-04 08:00:40', 5, '2021-03-04 08:00:03', 5),
(51, 'SJ-YAP.202101.0064', '26899609.00', '0.00', '0.00', '2021-01-07', '0000-00-00', '2021-01-07', 1, 0, 0, 19, 6, 12, NULL, '', 'K 1440 ZC', '0.00', '0.00', '0.00', '0.00', 0, 1, 0, '0.00', '0.00', '0.00', '', 1, 1, 0, '2021-03-04 08:01:48', 5, '2021-03-04 08:01:25', 5),
(52, 'SJ-YAP.202101.0065', '25957494.50', '0.00', '0.00', '2021-01-07', '0000-00-00', '2021-01-07', 1, 0, 0, 19, 6, 12, NULL, '', 'B 9938 QD', '0.00', '0.00', '0.00', '0.00', 0, 1, 0, '0.00', '0.00', '0.00', '', 1, 1, 0, '2021-03-04 08:03:19', 5, '2021-03-04 08:02:41', 5),
(53, 'SJ-YAP.202101.0066', '10899392.40', '10899392.40', '0.00', '2021-01-07', '2021-01-07', '2021-01-07', 1, 1, 0, 128, 6, 5, NULL, '', 'B 9957 BDC', '0.00', '0.00', '0.00', '0.00', 0, 0, 0, '0.00', '0.00', '0.00', '', 1, 1, 0, '2021-03-04 08:05:51', 5, '2021-03-04 08:04:59', 5),
(54, 'SJ-YAP.202101.0067', '7887850.00', '7887850.00', '0.00', '2021-01-07', '2021-01-07', '2021-01-07', 1, 1, 0, 115, 6, 12, NULL, '', 'B 9255 FYX', '0.00', '0.00', '0.00', '0.00', 0, 0, 0, '0.00', '0.00', '0.00', '', 1, 1, 0, '2021-03-04 08:07:05', 5, '2021-03-04 08:06:40', 5),
(55, 'SJ-YAP.202101.0068', '32378731.00', '32378731.00', '0.00', '2021-01-07', '2021-01-07', '2021-01-07', 1, 1, 0, 125, 6, 12, NULL, '', 'AE 8651 NJ', '0.00', '0.00', '0.00', '0.00', 0, 1, 0, '0.00', '0.00', '0.00', '', 1, 1, 0, '2021-03-04 08:08:21', 5, '2021-03-04 08:07:49', 5),
(56, 'SJ-YAP.202101.0069', '38487005.00', '38487005.00', '0.00', '2021-01-07', '2021-01-07', '2021-01-07', 1, 1, 0, 19, 6, 12, NULL, '', 'M 8331 UG', '0.00', '0.00', '0.00', '0.00', 0, 1, 0, '0.00', '0.00', '0.00', '', 1, 1, 0, '2021-03-04 08:10:54', 5, '2021-03-04 08:10:17', 5),
(57, 'SJ-YAP.202101.0070', '21379371.00', '21379371.00', '0.00', '2021-01-07', '2021-01-07', '2021-01-07', 1, 1, 0, 120, 6, 12, NULL, '', 'B 9922 Y', '0.00', '0.00', '0.00', '0.00', 0, 1, 0, '0.00', '0.00', '0.00', '', 1, 1, 0, '2021-03-04 08:13:35', 5, '2021-03-04 08:13:11', 5),
(58, 'SJ-YAP.202101.0071', '21264035.00', '21264035.00', '0.00', '2021-01-07', '2021-01-07', '2021-01-07', 1, 1, 0, 129, 6, 12, NULL, '', 'B 9183 FJ', '0.00', '0.00', '0.00', '0.00', 0, 1, 0, '0.00', '0.00', '0.00', '', 1, 1, 0, '2021-03-04 08:16:01', 5, '2021-03-04 08:15:32', 5),
(59, 'SJ-YAP.202101.0072', '56155774.00', '56155774.00', '0.00', '2021-01-07', '2021-01-07', '2021-01-07', 1, 1, 0, 120, 6, 12, NULL, '', 'B 9350 BDI', '0.00', '0.00', '0.00', '0.00', 0, 1, 0, '0.00', '0.00', '0.00', '', 1, 1, 0, '2021-03-04 08:17:07', 5, '2021-03-04 08:16:35', 5),
(60, 'SJ-YAP.202101.0073', '21181722.00', '21181722.00', '0.00', '2021-01-08', '2021-01-07', '2021-01-08', 1, 1, 0, 110, 6, 12, NULL, '', 'T 8053 TI', '0.00', '0.00', '0.00', '0.00', 0, 1, 0, '0.00', '0.00', '0.00', '', 1, 1, 0, '2021-03-04 08:20:26', 5, '2021-03-04 08:19:32', 5),
(61, 'SJ-YAP.202101.0074', '6924978.00', '6924978.00', '0.00', '2021-01-08', '2021-01-08', '2021-01-08', 1, 1, 0, 120, 6, 12, NULL, '', 'B 9922 DJ', '0.00', '0.00', '0.00', '0.00', 0, 0, 0, '0.00', '0.00', '0.00', '', 1, 1, 0, '2021-03-04 08:21:32', 5, '2021-03-04 08:21:10', 5),
(62, 'SJ-YAP.202101.0075', '7887459.00', '7887459.00', '0.00', '2021-01-08', '2021-01-08', '2021-01-08', 1, 1, 0, 115, 6, 12, NULL, '', 'B 9255 FYX', '0.00', '0.00', '0.00', '0.00', 0, 0, 0, '0.00', '0.00', '0.00', '', 1, 1, 0, '2021-03-04 08:23:28', 5, '2021-03-04 08:23:02', 5),
(63, 'SJ-YAP.202101.0076', '23923484.00', '23923484.00', '0.00', '2021-01-08', '2021-01-08', '2021-01-08', 1, 1, 0, 122, 6, 12, NULL, '', 'T 8721 TG', '0.00', '0.00', '0.00', '0.00', 0, 1, 0, '0.00', '0.00', '0.00', '', 1, 1, 0, '2021-03-04 08:25:21', 5, '2021-03-04 08:24:54', 5),
(64, 'SJ-YAP.202101.0077', '42838536.00', '42838536.00', '0.00', '2021-01-08', '2021-01-08', '2021-01-08', 1, 1, 0, 36, 6, 12, NULL, '', 'B 9311 KDE', '0.00', '0.00', '0.00', '0.00', 0, 1, 0, '0.00', '0.00', '0.00', '', 1, 1, 0, '2021-03-04 08:26:50', 5, '2021-03-04 08:26:22', 5),
(65, 'SJ-YAP.202101.0078', '17612044.00', '17612044.00', '0.00', '2021-01-08', '2021-01-08', '2021-01-08', 1, 1, 0, 120, 6, 12, NULL, '', 'B 9922 Y', '0.00', '0.00', '0.00', '0.00', 0, 1, 0, '0.00', '0.00', '0.00', '', 1, 1, 0, '2021-03-04 08:28:54', 5, '2021-03-04 08:28:05', 5),
(66, 'SJ-YAP.202101.0079', '13292440.20', '13292440.20', '0.00', '2021-01-08', '2021-01-08', '2021-01-08', 1, 1, 0, 128, 6, 12, NULL, '', 'B 9957 BDC', '0.00', '0.00', '0.00', '0.00', 0, 0, 0, '0.00', '0.00', '0.00', '', 1, 1, 0, '2021-03-04 08:30:03', 5, '2021-03-04 08:29:32', 5),
(67, 'SJ-YAP.202101.0080', '31422651.00', '31422651.00', '0.00', '2021-01-08', '2021-01-08', '2021-01-08', 1, 1, 0, 116, 6, 12, NULL, '', 'B 9672 TDD', '0.00', '0.00', '0.00', '0.00', 0, 1, 0, '0.00', '0.00', '0.00', '', 1, 1, 0, '2021-03-04 08:31:20', 5, '2021-03-04 08:30:47', 5),
(68, 'SJ-YAP.202101.0081', '43348809.00', '0.00', '0.00', '2021-01-08', '0000-00-00', '2021-01-08', 1, 0, 0, 77, 6, 12, NULL, '', 'B 9813 QU', '0.00', '0.00', '0.00', '0.00', 0, 2, 0, '0.00', '0.00', '0.00', '', 1, 1, 0, '2021-03-18 02:41:04', 5, '2021-03-04 08:32:18', 5),
(69, 'SJ-YAP.202101.0082', '4987435.00', '4987435.00', '0.00', '2021-01-08', '2021-01-09', '2021-01-08', 1, 1, 0, 115, 6, 12, NULL, '', 'T 8085 GL', '0.00', '0.00', '0.00', '0.00', 0, 0, 0, '0.00', '0.00', '0.00', '', 1, 1, 0, '2021-03-04 08:34:14', 5, '2021-03-04 08:33:50', 5),
(70, 'SJ-YAP.202101.0083', '7707898.00', '7707898.00', '0.00', '2021-01-09', '2021-01-09', '2021-01-09', 1, 1, 0, 83, 6, 12, NULL, '', 'A 8223 GL', '0.00', '0.00', '0.00', '0.00', 0, 0, 0, '0.00', '0.00', '0.00', '', 1, 1, 0, '2021-03-04 08:36:16', 5, '2021-03-04 08:35:53', 5),
(71, 'SJ-YAP.202101.0084', '12980097.00', '12980097.00', '0.00', '2021-01-09', '2021-01-09', '2021-01-09', 1, 1, 0, 96, 6, 12, NULL, '', 'B 9836 NQB', '0.00', '0.00', '0.00', '0.00', 0, 1, 0, '0.00', '0.00', '0.00', '', 1, 1, 0, '2021-03-04 08:37:25', 5, '2021-03-04 08:36:59', 5),
(72, 'SJ-YAP.202101.0085', '75505421.90', '75505421.90', '0.00', '2021-01-09', '2021-01-09', '2021-01-09', 1, 1, 0, 130, 6, 6, NULL, '', 'B 9318 GQB', '0.00', '0.00', '0.00', '0.00', 0, 1, 0, '0.00', '0.00', '0.00', '', 1, 1, 0, '2021-03-04 08:59:06', 5, '2021-03-04 08:38:20', 5),
(73, 'SJ-YAP.202101.0086', '81509651.70', '81509651.70', '0.00', '2021-01-09', '2021-01-09', '2021-01-09', 1, 1, 0, 131, 6, 12, NULL, '', 'A 9298 ZY', '0.00', '0.00', '0.00', '0.00', 0, 1, 0, '0.00', '0.00', '0.00', '', 1, 1, 0, '2021-03-04 09:00:54', 5, '2021-03-04 09:00:04', 5),
(74, 'SJ-YAP.202101.0087', '61718177.40', '61718177.40', '0.00', '2021-01-09', '2021-01-09', '2021-01-09', 1, 1, 0, 132, 6, 4, NULL, 'FUSO', 'B 9334 UIT', '0.00', '0.00', '0.00', '0.00', 0, 1, 0, '0.00', '0.00', '0.00', '', 1, 1, 0, '2021-03-05 02:21:18', 5, '2021-03-05 02:20:30', 5),
(75, 'SJ-YAP.202101.0088', '9241063.00', '0.00', '0.00', '2021-01-09', '0000-00-00', '2021-01-09', 1, 0, 0, 133, 6, 12, NULL, 'CD', 'B 9194 ZQO', '0.00', '0.00', '0.00', '0.00', 0, 1, 0, '0.00', '0.00', '0.00', '', 1, 1, 0, '2021-03-05 02:22:51', 5, '2021-03-05 02:22:16', 5),
(76, 'SJ-YAP.202101.0089', '45381905.00', '45381905.00', '0.00', '2021-01-09', '2021-01-09', '2021-01-09', 1, 1, 0, 40, 6, 12, NULL, 'FUSO', 'B 9156 NI', '0.00', '0.00', '0.00', '0.00', 0, 1, 0, '0.00', '0.00', '0.00', '', 1, 1, 0, '2021-03-05 02:24:15', 5, '2021-03-05 02:23:44', 5),
(77, 'SJ-YAP.202101.0090', '48885637.60', '48885637.60', '0.00', '2021-01-09', '2021-01-09', '2021-01-09', 1, 1, 0, 134, 6, 4, NULL, 'FUSO', 'B 9497 NI', '0.00', '0.00', '0.00', '0.00', 0, 1, 0, '0.00', '0.00', '0.00', '', 1, 1, 0, '2021-03-09 06:32:10', 5, '2021-03-05 03:14:02', 5),
(78, 'SJ-YAP.202101.0091', '52470069.00', '0.00', '0.00', '2021-01-09', '0000-00-00', '2021-01-09', 1, 0, 0, 135, 6, 12, NULL, 'FUSO', 'B 9687 FQA', '0.00', '0.00', '0.00', '0.00', 0, 1, 0, '0.00', '0.00', '0.00', '', 1, 1, 0, '2021-03-05 03:15:47', 5, '2021-03-05 03:15:12', 5),
(79, 'SJ-YAP.202101.0092', '45497928.50', '45497928.50', '0.00', '2021-01-09', '2021-01-09', '2021-01-09', 1, 1, 0, 121, 6, 12, NULL, 'FUSO', 'D 8197 YK', '0.00', '0.00', '0.00', '0.00', 0, 1, 0, '0.00', '0.00', '0.00', '', 1, 1, 0, '2021-03-05 03:16:51', 5, '2021-03-05 03:16:24', 5),
(80, 'SJ-YAP.202101.0093', '86493572.50', '86493572.50', '0.00', '2021-01-09', '2021-01-09', '2021-01-09', 1, 1, 0, 136, 6, 4, NULL, 'TRONTON', 'B 9901 TYY', '0.00', '0.00', '0.00', '0.00', 0, 1, 0, '0.00', '0.00', '0.00', '', 1, 1, 0, '2021-03-05 03:19:21', 5, '2021-03-05 03:18:20', 5),
(81, 'SJ-YAP.202101.0094', '11665347.00', '11665347.00', '0.00', '2021-01-09', '2021-01-09', '2021-01-09', 1, 1, 0, 111, 6, 12, NULL, 'CD', 'B 9886 HY', '0.00', '0.00', '0.00', '0.00', 0, 0, 0, '0.00', '0.00', '0.00', '', 1, 1, 0, '2021-03-05 03:23:59', 5, '2021-03-05 03:22:13', 5),
(82, 'SJ-YAP.202101.0095', '37863993.50', '37863993.50', '0.00', '2021-01-09', '2021-01-09', '2021-01-09', 1, 1, 0, 123, 6, 12, NULL, '', 'K 1492 LK', '0.00', '0.00', '0.00', '0.00', 0, 1, 0, '0.00', '0.00', '0.00', '', 1, 1, 0, '2021-03-05 03:26:53', 5, '2021-03-05 03:26:19', 5),
(83, 'SJ-YAP.202101.0096', '30904588.00', '30904588.00', '0.00', '2021-01-09', '2021-01-09', '2021-01-09', 1, 1, 0, 121, 6, 12, NULL, '', 'D 8142 XM', '0.00', '0.00', '0.00', '0.00', 0, 1, 0, '0.00', '0.00', '0.00', '', 1, 1, 0, '2021-03-05 03:34:05', 5, '2021-03-05 03:33:35', 5),
(84, 'SJ-YAP.202101.0097', '23314479.00', '23314479.00', '0.00', '2021-01-09', '2021-01-09', '2021-01-09', 1, 1, 0, 110, 6, 12, NULL, '', 'B 9016 JR', '0.00', '0.00', '0.00', '0.00', 0, 0, 0, '0.00', '0.00', '0.00', '', 1, 1, 0, '2021-03-08 08:19:40', 5, '2021-03-05 03:35:21', 5),
(85, 'SJ-YAP.202101.0098', '63707839.20', '63707839.20', '0.00', '2021-01-09', '2021-01-09', '2021-01-09', 1, 1, 0, 138, 6, 12, NULL, 'FUSO', 'B 9697 PDE', '0.00', '0.00', '0.00', '0.00', 0, 1, 0, '0.00', '0.00', '0.00', '', 1, 1, 0, '2021-03-16 06:24:33', 5, '2021-03-05 06:05:21', 5),
(86, 'SJ-YAP.202101.0099', '31767023.50', '31767023.50', '0.00', '2021-01-09', '2021-01-09', '2021-01-09', 1, 1, 0, 116, 6, 12, NULL, '', 'B 9672 TDD', '0.00', '0.00', '0.00', '0.00', 0, 1, 0, '0.00', '0.00', '0.00', '', 1, 1, 0, '2021-03-08 08:18:43', 5, '2021-03-05 06:06:35', 5),
(87, 'SJ-YAP.202101.0100', '44496822.40', '0.00', '0.00', '2021-01-09', '0000-00-00', '2021-01-09', 1, 0, 0, 40, 6, 12, NULL, '', 'B 9940 QF', '0.00', '0.00', '0.00', '0.00', 0, 1, 0, '0.00', '0.00', '0.00', '', 1, 1, 0, '2021-03-05 06:08:55', 5, '2021-03-05 06:08:19', 5),
(88, 'SJ-YAP.202101.0101', '49905306.70', '49905306.70', '0.00', '2021-01-09', '2021-01-09', '2021-01-09', 1, 1, 0, 119, 6, 4, NULL, '', 'B 9484 WYT', '0.00', '0.00', '0.00', '0.00', 0, 1, 0, '0.00', '0.00', '0.00', '', 1, 1, 0, '2021-03-05 06:10:33', 5, '2021-03-05 06:10:03', 5),
(89, 'SJ-YAP.202101.0102', '78868842.40', '0.00', '0.00', '2021-01-09', '0000-00-00', '2021-01-09', 1, 0, 0, 33, 6, 12, NULL, '', 'B 9360 BDH', '0.00', '0.00', '0.00', '0.00', 0, 1, 0, '0.00', '0.00', '0.00', '', 1, 1, 0, '2021-03-05 06:12:00', 5, '2021-03-05 06:11:23', 5),
(90, 'SJ-YAP.202101.0103', '19810270.00', '19810270.00', '0.00', '2021-01-09', '2021-01-09', '2021-01-09', 1, 1, 0, 109, 6, 12, NULL, '', 'B 9486 KQB', '0.00', '0.00', '0.00', '0.00', 0, 1, 0, '0.00', '0.00', '0.00', '', 1, 1, 0, '2021-03-05 06:13:25', 5, '2021-03-05 06:13:04', 5),
(91, 'SJ-YAP.202103.0001', '77032077.10', '77032077.10', '0.00', '2021-01-11', '2021-01-11', '2021-01-11', 1, 1, 0, 139, 6, 6, NULL, '', 'B 9180 CQB', '0.00', '0.00', '0.00', '0.00', 0, 1, 0, '0.00', '0.00', '0.00', '', 1, 1, 0, '2021-03-05 07:08:02', 5, '2021-03-05 06:14:21', 5),
(92, 'SJ-YAP.202103.0002', '75053217.50', '75053217.50', '0.00', '2021-01-11', '2021-01-11', '2021-01-11', 1, 1, 0, 140, 6, 6, NULL, '', 'B 9530 MC', '0.00', '0.00', '0.00', '0.00', 0, 1, 0, '0.00', '0.00', '0.00', '', 1, 1, 0, '2021-03-05 07:08:41', 5, '2021-03-05 06:16:26', 5),
(93, 'SJ-YAP.202103.0003', '31828017.00', '31828017.00', '0.00', '2021-01-11', '2021-01-11', '2021-01-11', 1, 1, 0, 118, 6, 12, NULL, '', 'B 9139 UY', '0.00', '0.00', '0.00', '0.00', 0, 1, 0, '0.00', '0.00', '0.00', '', 1, 1, 0, '2021-03-05 07:09:26', 5, '2021-03-05 06:18:05', 5),
(94, 'SJ-YAP.202103.0004', '75759245.60', '75759245.60', '0.00', '2021-01-11', '2021-01-11', '2021-01-11', 1, 1, 0, 141, 6, 6, NULL, '', 'B 9094 CPA', '0.00', '0.00', '0.00', '0.00', 0, 1, 0, '0.00', '0.00', '0.00', '', 1, 1, 0, '2021-03-05 07:10:14', 5, '2021-03-05 06:19:43', 5),
(95, 'SJ-YAP.202103.0005', '50276182.30', '50276182.30', '0.00', '2021-01-11', '2021-01-11', '2021-01-11', 1, 1, 0, 134, 6, 4, NULL, '', 'B 9497 NI', '0.00', '0.00', '0.00', '0.00', 0, 1, 0, '0.00', '0.00', '0.00', '', 1, 1, 0, '2021-03-05 07:10:32', 5, '2021-03-05 06:20:51', 5),
(96, 'SJ-YAP.202103.0006', '81549229.80', '81549229.80', '0.00', '2021-01-11', '2021-01-11', '2021-01-11', 1, 1, 0, 136, 6, 4, NULL, '', 'B 9901 TYY', '0.00', '0.00', '0.00', '0.00', 0, 1, 0, '0.00', '0.00', '0.00', '', 1, 1, 0, '2021-03-05 07:11:00', 5, '2021-03-05 06:22:01', 5),
(97, 'SJ-YAP.202103.0007', '52551672.00', '52551672.00', '0.00', '2021-01-11', '2021-01-11', '2021-01-11', 1, 1, 0, 119, 6, 4, NULL, '', 'B 9484 WYT', '0.00', '0.00', '0.00', '0.00', 0, 1, 0, '0.00', '0.00', '0.00', '', 1, 1, 0, '2021-03-05 07:11:17', 5, '2021-03-05 06:23:24', 5),
(98, 'SJ-YAP.202103.0008', '36855163.50', '0.00', '0.00', '2021-01-11', '0000-00-00', '2021-01-11', 1, 0, 0, 118, 6, 12, NULL, '', 'B 9171 KQB', '0.00', '0.00', '0.00', '0.00', 0, 1, 0, '0.00', '0.00', '0.00', '', 1, 1, 0, '2021-03-17 10:11:19', 1, '2021-03-05 06:25:30', 5),
(99, 'SJ-YAP.202103.0009', '64992871.40', '64992871.40', '0.00', '2021-01-11', '2021-01-11', '2021-01-11', 1, 1, 0, 142, 6, 4, NULL, '', 'B 9334 UIT', '0.00', '0.00', '0.00', '0.00', 0, 1, 0, '0.00', '0.00', '0.00', '', 1, 1, 0, '2021-03-05 07:12:03', 5, '2021-03-05 06:47:22', 5),
(100, 'SJ-YAP.202101.0104', '49263734.40', '49263734.40', '0.00', '2021-01-11', '2021-01-11', '2021-01-11', 1, 1, 0, 40, 6, 12, NULL, '', 'B 9156 NI', '0.00', '0.00', '0.00', '0.00', 0, 1, 0, '0.00', '0.00', '0.00', '', 1, 1, 0, '2021-03-05 07:14:01', 5, '2021-03-05 07:13:29', 5),
(101, 'SJ-YAP.202101.0105', '46157578.80', '46157578.80', '0.00', '2021-01-11', '2021-01-13', '2021-01-11', 1, 1, 0, 40, 6, 12, NULL, '', 'B 9673 ZI', '0.00', '0.00', '0.00', '0.00', 0, 1, 0, '0.00', '0.00', '0.00', '', 1, 1, 0, '2021-03-05 07:15:20', 5, '2021-03-05 07:14:56', 5),
(102, 'SJ-YAP.202101.0106', '69628981.40', '0.00', '0.00', '2021-01-11', '0000-00-00', '2021-01-11', 1, 0, 0, 33, 6, 12, NULL, '', 'B 9116 BDH', '0.00', '0.00', '0.00', '0.00', 0, 1, 0, '0.00', '0.00', '0.00', '', 1, 1, 0, '2021-03-05 07:16:42', 5, '2021-03-05 07:16:02', 5),
(103, 'SJ-YAP.202101.0107', '24350404.00', '0.00', '0.00', '2021-01-11', '0000-00-00', '2021-01-11', 1, 0, 0, 80, 6, 12, NULL, '', 'F 8048 AZ', '0.00', '0.00', '0.00', '0.00', 0, 1, 0, '0.00', '0.00', '0.00', '', 1, 1, 0, '2021-03-05 07:18:28', 5, '2021-03-05 07:18:06', 5),
(104, 'SJ-YAP.202101.0108', '32387757.00', '32387757.00', '0.00', '2021-01-11', '2021-01-11', '2021-01-11', 1, 1, 0, 125, 6, 12, NULL, '', 'F 8977 UO', '0.00', '0.00', '0.00', '0.00', 0, 1, 0, '0.00', '0.00', '0.00', '', 1, 1, 0, '2021-03-05 07:20:18', 5, '2021-03-05 07:19:51', 5),
(105, 'SJ-YAP.202101.0109', '68072346.00', '68072346.00', '0.00', '2021-01-11', '2021-01-11', '2021-01-11', 1, 1, 0, 143, 6, 12, NULL, '', 'B 9510 TIS', '0.00', '0.00', '0.00', '0.00', 0, 1, 0, '0.00', '0.00', '0.00', '', 1, 1, 0, '2021-03-05 07:44:26', 5, '2021-03-05 07:42:46', 5),
(106, 'SJ-YAP.202101.0110', '48004481.40', '0.00', '0.00', '2021-01-11', '0000-00-00', '2021-01-11', 1, 0, 0, 40, 6, 12, NULL, '', 'B 9940 QF', '0.00', '0.00', '0.00', '0.00', 0, 1, 0, '0.00', '0.00', '0.00', '', 1, 1, 0, '2021-03-05 07:46:10', 5, '2021-03-05 07:45:06', 5),
(107, 'SJ-YAP.202101.0111', '38342603.00', '38342603.00', '0.00', '2021-01-11', '2021-01-11', '2021-01-11', 1, 1, 0, 143, 6, 12, NULL, '', 'B 9281 KDC', '0.00', '0.00', '0.00', '0.00', 0, 1, 0, '0.00', '0.00', '0.00', '', 1, 1, 0, '2021-03-05 07:47:33', 5, '2021-03-05 07:47:14', 5),
(108, 'SJ-YAP.202101.0112', '19985108.00', '0.00', '0.00', '2021-01-11', '0000-00-00', '2021-01-11', 1, 0, 0, 117, 6, 12, NULL, '', 'B 9791 BQA', '0.00', '0.00', '0.00', '0.00', 0, 1, 0, '0.00', '0.00', '0.00', '', 1, 1, 0, '2021-03-05 07:53:21', 5, '2021-03-05 07:52:32', 5),
(109, 'SJ-YAP.202101.0113', '20745127.00', '0.00', '0.00', '2021-01-11', '0000-00-00', '2021-01-11', 1, 0, 0, 117, 6, 12, NULL, '', 'B 9938 QD', '0.00', '0.00', '0.00', '0.00', 0, 1, 0, '0.00', '0.00', '0.00', '', 1, 1, 0, '2021-03-05 07:55:18', 5, '2021-03-05 07:54:53', 5),
(110, 'SJ-YAP.202101.0114', '47001268.00', '0.00', '0.00', '2021-01-11', '0000-00-00', '2021-01-11', 1, 0, 0, 19, 6, 12, NULL, '', 'BD 8664 KF', '0.00', '0.00', '0.00', '0.00', 0, 1, 0, '0.00', '0.00', '0.00', '', 1, 1, 0, '2021-03-05 07:57:21', 5, '2021-03-05 07:56:46', 5),
(111, 'SJ-YAP.202101.0115', '42863130.50', '42863130.50', '0.00', '2021-01-11', '2021-01-11', '2021-01-11', 1, 1, 0, 116, 6, 12, NULL, '', 'B 9672 TDD', '0.00', '0.00', '0.00', '0.00', 0, 1, 0, '0.00', '0.00', '0.00', '', 1, 1, 0, '2021-03-05 08:00:03', 5, '2021-03-05 07:59:33', 5),
(112, 'SJ-YAP.202101.0116', '61997438.30', '61997438.30', '0.00', '2021-01-12', '2021-01-12', '2021-01-12', 1, 1, 0, 132, 6, 12, NULL, '', 'B 9334 UIT', '0.00', '0.00', '0.00', '0.00', 0, 1, 0, '0.00', '0.00', '0.00', '', 1, 1, 0, '2021-03-05 08:13:25', 5, '2021-03-05 08:12:11', 5),
(113, 'SJ-YAP.202101.0117', '36121668.00', '36121668.00', '0.00', '2021-01-12', '2021-01-12', '2021-01-12', 1, 1, 0, 118, 6, 12, NULL, '', 'B 9171 KQB', '0.00', '0.00', '0.00', '0.00', 0, 1, 0, '0.00', '0.00', '0.00', '', 1, 1, 0, '2021-03-05 08:15:52', 5, '2021-03-05 08:14:42', 5),
(114, 'SJ-YAP.202101.0118', '76474486.30', '76474486.30', '0.00', '2021-01-12', '2021-01-12', '2021-01-12', 1, 1, 0, 139, 6, 12, NULL, '', 'B 9180 CQB', '0.00', '0.00', '0.00', '0.00', 0, 1, 0, '0.00', '0.00', '0.00', '', 1, 1, 0, '2021-03-05 08:18:09', 5, '2021-03-05 08:17:40', 5),
(115, 'SJ-YAP.202101.0119', '74163961.50', '74163961.50', '0.00', '2021-01-12', '2021-01-12', '2021-01-12', 1, 1, 0, 141, 6, 12, NULL, '', 'B 9094 CPA', '0.00', '0.00', '0.00', '0.00', 0, 1, 0, '0.00', '0.00', '0.00', '', 1, 1, 0, '2021-03-05 08:20:12', 5, '2021-03-05 08:19:36', 5),
(116, 'SJ-YAP.202101.0120', '75660826.50', '75660826.50', '0.00', '2021-01-12', '2021-01-12', '2021-01-12', 1, 1, 0, 140, 6, 12, NULL, '', 'B 9530 MC', '0.00', '0.00', '0.00', '0.00', 0, 1, 0, '0.00', '0.00', '0.00', '', 1, 1, 0, '2021-03-05 08:21:22', 5, '2021-03-05 08:20:49', 5),
(117, 'SJ-YAP.202101.0121', '46003946.50', '46003946.50', '0.00', '2021-01-12', '2021-01-12', '2021-01-12', 1, 1, 0, 121, 6, 12, NULL, '', 'D 8197 YK', '0.00', '0.00', '0.00', '0.00', 0, 1, 0, '0.00', '0.00', '0.00', '', 1, 1, 0, '2021-03-05 08:22:55', 5, '2021-03-05 08:22:06', 5),
(118, 'SJ-YAP.202101.0122', '44706241.40', '0.00', '0.00', '2021-01-12', '0000-00-00', '2021-01-12', 1, 0, 0, 40, 6, 12, NULL, '', 'B 9673 ZI', '0.00', '0.00', '0.00', '0.00', 0, 1, 0, '0.00', '0.00', '0.00', '', 1, 1, 0, '2021-03-05 08:25:54', 5, '2021-03-05 08:24:43', 5),
(119, 'SJ-YAP.202101.0123', '7862573.00', '7862573.00', '0.00', '2021-01-12', '2021-01-12', '2021-01-12', 1, 1, 0, 115, 6, 12, NULL, '', 'B 9255 FYX', '0.00', '0.00', '0.00', '0.00', 0, 0, 0, '0.00', '0.00', '0.00', '', 1, 1, 0, '2021-03-05 08:27:19', 5, '2021-03-05 08:26:53', 5),
(120, 'SJ-YAP.202101.0124', '33383005.00', '33383005.00', '0.00', '2021-01-12', '2021-01-12', '2021-01-12', 1, 1, 0, 125, 6, 12, NULL, '', 'D 8371 XR', '0.00', '0.00', '0.00', '0.00', 0, 2, 0, '0.00', '0.00', '0.00', '', 1, 1, 0, '2021-03-05 08:28:55', 5, '2021-03-05 08:28:20', 5),
(121, 'SJ-YAP.202101.0125', '44471483.80', '44471483.80', '0.00', '2021-01-12', '2021-01-12', '2021-01-12', 1, 1, 0, 40, 6, 12, NULL, '', 'B 9940 QF', '0.00', '0.00', '0.00', '0.00', 0, 1, 0, '0.00', '0.00', '0.00', '', 1, 1, 0, '2021-03-05 08:29:59', 5, '2021-03-05 08:29:31', 5),
(122, 'SJ-YAP.202101.0126', '70384512.50', '70384512.50', '0.00', '2021-01-12', '2021-01-12', '2021-01-12', 1, 1, 0, 144, 6, 6, NULL, '', 'B 9545 BYZ', '0.00', '0.00', '0.00', '0.00', 0, 1, 0, '0.00', '0.00', '0.00', '', 1, 1, 0, '2021-03-05 08:30:58', 5, '2021-03-05 08:30:37', 5),
(123, 'SJ-YAP.202101.0127', '68209475.20', '0.00', '0.00', '2021-01-12', '0000-00-00', '2021-01-12', 1, 0, 0, 33, 6, 12, NULL, '', 'B 9360 BDH', '0.00', '0.00', '0.00', '0.00', 0, 1, 0, '0.00', '0.00', '0.00', '', 1, 1, 0, '2021-03-05 08:34:08', 5, '2021-03-05 08:33:38', 5),
(124, 'SJ-YAP.202101.0128', '26968006.00', '26968006.00', '0.00', '2021-01-12', '2021-01-12', '2021-01-12', 1, 1, 0, 145, 6, 12, NULL, '', 'B 9845 DF', '0.00', '0.00', '0.00', '0.00', 0, 1, 0, '0.00', '0.00', '0.00', '', 1, 1, 0, '2021-03-05 08:35:17', 5, '2021-03-05 08:34:53', 5),
(125, 'SJ-YAP.202101.0129', '19127654.00', '0.00', '0.00', '2021-01-12', '0000-00-00', '2021-01-12', 1, 0, 0, 120, 6, 12, NULL, '', 'B 9922 DJ', '0.00', '0.00', '0.00', '0.00', 0, 1, 0, '0.00', '0.00', '0.00', '', 1, 1, 0, '2021-03-05 08:36:11', 5, '2021-03-05 08:35:50', 5),
(126, 'SJ-YAP.202101.0130', '64985446.50', '64985446.50', '0.00', '2021-01-12', '2021-01-12', '2021-01-12', 1, 1, 0, 143, 6, 12, NULL, '', 'B 9144 TYY', '0.00', '0.00', '0.00', '0.00', 0, 1, 0, '0.00', '0.00', '0.00', '', 1, 1, 0, '2021-03-08 08:56:01', 5, '2021-03-05 08:36:42', 5),
(127, 'SJ-YAP.202101.0131', '13397672.00', '13397672.00', '0.00', '2021-01-12', '2021-01-12', '2021-01-12', 1, 1, 0, 115, 6, 12, NULL, '', 'B 9194 ZQO', '0.00', '0.00', '0.00', '0.00', 0, 1, 0, '0.00', '0.00', '0.00', '', 1, 1, 0, '2021-03-05 08:38:11', 5, '2021-03-05 08:37:43', 5),
(128, 'SJ-YAP.202101.0132', '36802155.00', '36802155.00', '0.00', '2021-01-12', '2021-01-13', '2021-01-12', 1, 1, 0, 116, 6, 12, NULL, '', 'B 9672 TDD', '0.00', '0.00', '0.00', '0.00', 0, 1, 0, '0.00', '0.00', '0.00', '', 1, 1, 0, '2021-03-05 08:39:25', 5, '2021-03-05 08:38:44', 5),
(129, 'SJ-YAP.202101.0133', '22071244.00', '22071244.00', '0.00', '2021-01-12', '2021-01-13', '2021-01-12', 1, 1, 0, 19, 6, 12, NULL, '', 'B 9318 HG', '0.00', '0.00', '0.00', '0.00', 0, 1, 0, '0.00', '0.00', '0.00', '', 1, 1, 0, '2021-03-05 08:40:27', 5, '2021-03-05 08:40:02', 5),
(130, 'SJ-YAP.202101.0134', '9938471.40', '9938471.40', '0.00', '2021-01-12', '2021-01-12', '2021-01-12', 1, 1, 0, 126, 6, 5, NULL, '', 'B 9426 BDC', '0.00', '0.00', '0.00', '0.00', 0, 0, 0, '0.00', '0.00', '0.00', '', 1, 1, 0, '2021-03-05 08:43:09', 5, '2021-03-05 08:41:22', 5),
(131, 'SJ-YAP.202101.0135', '37093535.00', '37093535.00', '0.00', '2021-01-12', '2021-01-13', '2021-01-12', 1, 1, 0, 146, 6, 12, NULL, '', 'BE 8182 YU', '0.00', '0.00', '0.00', '0.00', 0, 2, 0, '0.00', '0.00', '2000000.00', '', 1, 1, 0, '2021-03-05 08:44:57', 5, '2021-03-05 08:44:18', 5),
(132, 'SJ-YAP.202101.0136', '12891592.00', '12891592.00', '0.00', '2021-01-13', '2021-01-13', '2021-01-13', 1, 1, 0, 110, 6, 12, NULL, '', 'T 8206 EL', '0.00', '0.00', '0.00', '0.00', 0, 0, 0, '0.00', '0.00', '0.00', '', 1, 1, 0, '2021-03-05 08:47:28', 5, '2021-03-05 08:46:55', 5),
(133, 'SJ-YAP.202101.0137', '69921332.40', '69921332.40', '0.00', '2021-01-13', '2021-01-13', '2021-01-13', 1, 1, 0, 142, 6, 4, NULL, '', 'B 9334 UIT', '0.00', '0.00', '0.00', '0.00', 0, 1, 0, '0.00', '0.00', '0.00', '', 1, 1, 0, '2021-03-05 08:48:50', 5, '2021-03-05 08:48:23', 5),
(134, 'SJ-YAP.202101.0138', '1297192.00', '0.00', '0.00', '2021-01-13', '0000-00-00', '2021-01-13', 1, 0, 0, 122, 6, 12, NULL, '', 'Z 8660 AB', '0.00', '0.00', '0.00', '0.00', 0, 2, 0, '0.00', '0.00', '0.00', '', 1, 1, 0, '2021-03-05 09:02:48', 5, '2021-03-05 08:50:01', 5),
(135, 'SJ-YAP.202101.0139', '2890698.00', '0.00', '0.00', '2021-01-13', '0000-00-00', '2021-01-13', 1, 0, 0, 122, 6, 12, NULL, '', 'E 8425 VZ', '0.00', '0.00', '0.00', '0.00', 0, 2, 0, '0.00', '0.00', '0.00', '', 1, 1, 0, '2021-03-05 09:11:36', 5, '2021-03-05 09:10:35', 5),
(136, 'SJ-YAP.202101.0140', '23440586.00', '23440586.00', '0.00', '2021-01-13', '2021-01-13', '2021-01-13', 1, 1, 0, 109, 6, 12, NULL, '', 'B 9486 KQB', '0.00', '0.00', '0.00', '0.00', 0, 1, 0, '0.00', '0.00', '0.00', '', 1, 1, 0, '2021-03-05 09:13:25', 5, '2021-03-05 09:12:55', 5),
(137, 'SJ-YAP.202101.0141', '67933610.40', '0.00', '0.00', '2021-01-13', '0000-00-00', '2021-01-13', 1, 0, 0, 18, 6, 12, NULL, 'FUSO', 'B 9763 BDF', '0.00', '0.00', '0.00', '0.00', 0, 1, 0, '0.00', '0.00', '0.00', '', 1, 1, 0, '2021-03-09 02:31:53', 5, '2021-03-09 02:30:57', 5),
(138, 'SJ-YAP.202101.0142', '74289406.50', '0.00', '0.00', '2021-01-13', '0000-00-00', '2021-01-13', 1, 0, 0, 18, 6, 12, NULL, 'TRONTON', 'B 9360 BDH', '0.00', '0.00', '0.00', '0.00', 0, 1, 0, '0.00', '0.00', '0.00', '', 1, 1, 0, '2021-03-09 02:33:07', 5, '2021-03-09 02:32:33', 5),
(139, 'SJ-YAP.202101.0143', '50507028.00', '0.00', '0.00', '2021-01-13', '0000-00-00', '2021-01-13', 1, 0, 0, 143, 6, 12, NULL, 'CD', 'B 9540 KDD', '0.00', '0.00', '0.00', '0.00', 0, 1, 0, '0.00', '0.00', '0.00', '', 1, 1, 0, '2021-03-09 02:34:56', 5, '2021-03-09 02:34:09', 5),
(140, 'SJ-YAP.202101.0144', '34372232.00', '0.00', '0.00', '2021-01-13', '0000-00-00', '2021-01-13', 1, 0, 0, 77, 6, 12, NULL, 'CD', 'D 8108 UB', '0.00', '0.00', '0.00', '0.00', 0, 1, 0, '0.00', '0.00', '0.00', '', 1, 1, 0, '2021-03-09 02:39:04', 5, '2021-03-09 02:37:57', 5),
(141, 'SJ-YAP.202101.0145', '24553269.00', '0.00', '0.00', '2021-01-13', '0000-00-00', '2021-01-13', 1, 0, 0, 117, 6, 12, NULL, 'CD', 'B 9791 BQA', '0.00', '0.00', '0.00', '0.00', 0, 1, 0, '0.00', '0.00', '0.00', '', 1, 1, 0, '2021-03-09 02:40:24', 5, '2021-03-09 02:39:57', 5),
(142, 'SJ-YAP.202101.0146', '24680370.00', '0.00', '0.00', '2021-01-13', '0000-00-00', '2021-01-13', 1, 0, 0, 96, 6, 12, NULL, 'CD', 'B 9836 NQB', '0.00', '0.00', '0.00', '0.00', 0, 1, 0, '0.00', '0.00', '0.00', '', 1, 1, 0, '2021-03-09 02:43:51', 5, '2021-03-09 02:43:26', 5),
(143, 'SJ-YAP.202101.0147', '11133577.00', '0.00', '0.00', '2021-01-13', '0000-00-00', '2021-01-13', 1, 0, 0, 96, 6, 12, NULL, '', 'G 1791 NJ', '0.00', '0.00', '0.00', '0.00', 0, 1, 0, '0.00', '0.00', '0.00', '', 1, 1, 0, '2021-03-09 02:47:36', 5, '2021-03-09 02:46:34', 5),
(144, 'SJ-YAP.202101.0148', '25157116.00', '0.00', '0.00', '2021-01-13', '0000-00-00', '2021-01-13', 1, 0, 0, 147, 6, 12, NULL, '', 'AD 8257 AA', '0.00', '0.00', '0.00', '0.00', 0, 1, 0, '0.00', '0.00', '0.00', '', 1, 1, 0, '2021-03-09 02:55:11', 5, '2021-03-09 02:52:00', 5),
(145, 'SJ-YAP.202101.0149', '37095472.50', '0.00', '0.00', '2021-01-13', '0000-00-00', '2021-01-13', 1, 0, 0, 147, 6, 12, NULL, 'CD', 'K 1492 LK', '0.00', '0.00', '0.00', '0.00', 0, 1, 0, '0.00', '0.00', '0.00', '', 1, 1, 0, '2021-03-09 02:57:03', 5, '2021-03-09 02:56:36', 5),
(146, 'SJ-YAP.202101.0150', '10435468.00', '0.00', '0.00', '2021-01-14', '0000-00-00', '2021-01-14', 1, 0, 0, 109, 6, 12, NULL, 'CD', 'B 9486 KQB', '0.00', '0.00', '0.00', '0.00', 0, 0, 0, '0.00', '0.00', '0.00', '', 1, 1, 0, '2021-03-09 03:00:41', 5, '2021-03-09 02:58:52', 5),
(147, 'SJ-YAP.202101.0151', '25954356.50', '0.00', '0.00', '2021-01-14', '0000-00-00', '2021-01-14', 1, 0, 0, 125, 6, 12, NULL, 'CD', 'G 1608 UU', '0.00', '0.00', '0.00', '0.00', 0, 1, 0, '0.00', '0.00', '0.00', '', 1, 1, 0, '2021-03-09 03:03:38', 5, '2021-03-09 03:03:15', 5),
(148, 'SJ-YAP.202101.0152', '37159731.50', '0.00', '0.00', '2021-01-14', '0000-00-00', '2021-01-14', 1, 0, 0, 125, 6, 12, NULL, 'CD', 'T 8693 TR', '0.00', '0.00', '0.00', '0.00', 0, 1, 0, '0.00', '0.00', '0.00', '', 1, 1, 0, '2021-03-09 04:15:33', 5, '2021-03-09 04:14:42', 5),
(149, 'SJ-YAP.202101.0153', '11128455.00', '11128455.00', '0.00', '2021-01-14', '2021-01-14', '2021-01-14', 1, 1, 0, 128, 6, 5, NULL, '', 'B 9957 BDC', '0.00', '0.00', '0.00', '0.00', 0, 0, 0, '0.00', '0.00', '0.00', '', 1, 1, 0, '2021-03-09 04:18:38', 5, '2021-03-09 04:17:22', 5),
(150, 'SJ-YAP.202101.0154', '26647477.00', '0.00', '1000000.00', '2021-01-14', '0000-00-00', '2021-01-14', 1, 0, 0, 101, 6, 12, NULL, 'CD', 'B 9797 MG', '0.00', '0.00', '0.00', '0.00', 0, 1, 0, '0.00', '0.00', '350000.00', '', 1, 1, 0, '2021-03-09 04:21:23', 5, '2021-03-09 04:20:51', 5),
(151, 'SJ-YAP.202101.0155', '21080670.00', '0.00', '0.00', '2021-01-14', '0000-00-00', '2021-01-14', 1, 0, 0, 12, 6, 12, NULL, 'CD', 'B 9922 DJ', '0.00', '0.00', '0.00', '0.00', 0, 1, 0, '0.00', '0.00', '0.00', '', 1, 1, 0, '2021-03-09 04:25:49', 5, '2021-03-09 04:25:00', 5),
(152, 'SJ-YAP.202101.0156', '33860068.50', '0.00', '0.00', '2021-01-14', '0000-00-00', '2021-01-14', 1, 0, 0, 116, 6, 12, NULL, 'CD', 'B 9672 TDD', '0.00', '0.00', '0.00', '0.00', 0, 1, 0, '0.00', '0.00', '0.00', '', 1, 1, 0, '2021-03-09 04:29:19', 5, '2021-03-09 04:28:56', 5),
(153, 'SJ-YAP.202101.0157', '12447370.00', '0.00', '0.00', '2021-01-15', '0000-00-00', '2021-01-15', 1, 0, 0, 110, 6, 12, NULL, 'FUSO', 'T 8891 DE', '0.00', '0.00', '0.00', '0.00', 0, 0, 0, '0.00', '0.00', '0.00', '', 1, 1, 0, '2021-03-09 04:32:21', 5, '2021-03-09 04:32:00', 5),
(154, 'SJ-YAP.202101.0158', '17854980.00', '0.00', '0.00', '2021-01-15', '0000-00-00', '2021-01-15', 1, 0, 0, 19, 6, 12, NULL, 'CD', 'B 9978 YI', '0.00', '0.00', '0.00', '0.00', 0, 1, 0, '0.00', '0.00', '0.00', '', 1, 1, 0, '2021-03-09 04:35:41', 5, '2021-03-09 04:34:07', 5),
(155, 'SJ-YAP.202101.0159', '48177597.00', '0.00', '0.00', '2021-01-15', '0000-00-00', '2021-01-15', 1, 0, 0, 30, 6, 12, NULL, 'FUSO', 'B 9545 FQA', '0.00', '0.00', '0.00', '0.00', 0, 1, 0, '0.00', '0.00', '0.00', '', 1, 1, 0, '2021-03-09 04:37:59', 5, '2021-03-09 04:37:16', 5),
(156, 'SJ-YAP.202101.0160', '15848599.00', '0.00', '0.00', '2021-01-15', '0000-00-00', '2021-01-15', 1, 0, 0, 19, 6, 12, NULL, 'CD', 'T 8723 DI', '0.00', '0.00', '0.00', '0.00', 0, 1, 0, '0.00', '0.00', '0.00', '', 1, 1, 0, '2021-03-09 04:41:28', 5, '2021-03-09 04:39:07', 5),
(157, 'SJ-YAP.202101.0161', '8321009.00', '0.00', '0.00', '2021-01-15', '0000-00-00', '2021-01-15', 1, 0, 0, 115, 6, 12, NULL, 'CD', 'B 9255 FYX', '0.00', '0.00', '0.00', '0.00', 0, 0, 0, '0.00', '0.00', '0.00', '', 1, 1, 0, '2021-03-09 04:56:12', 5, '2021-03-09 04:55:45', 5),
(158, 'SJ-YAP.202101.0162', '33687777.50', '0.00', '0.00', '2021-01-15', '0000-00-00', '2021-01-15', 1, 0, 0, 125, 6, 12, NULL, 'CD', 'F 8977 UO', '0.00', '0.00', '0.00', '0.00', 0, 1, 0, '0.00', '0.00', '0.00', '', 1, 1, 0, '2021-03-09 04:57:27', 5, '2021-03-09 04:57:05', 5),
(159, 'SJ-YAP.202101.0163', '42668093.00', '0.00', '0.00', '2021-01-15', '0000-00-00', '2021-01-15', 1, 0, 0, 113, 6, 12, NULL, 'CD', 'D 9706 AD', '0.00', '0.00', '0.00', '0.00', 0, 1, 0, '0.00', '0.00', '0.00', '', 1, 1, 0, '2021-03-09 05:01:14', 5, '2021-03-09 05:00:44', 5),
(160, 'SJ-YAP.202101.0164', '24734272.50', '0.00', '0.00', '2021-01-15', '0000-00-00', '2021-01-15', 1, 0, 0, 147, 6, 12, NULL, 'CD', 'AD 8257 AA', '0.00', '0.00', '0.00', '0.00', 0, 1, 0, '0.00', '0.00', '0.00', '', 1, 1, 0, '2021-03-09 05:02:37', 5, '2021-03-09 05:02:04', 5),
(161, 'SJ-YAP.202101.0165', '32931351.00', '0.00', '0.00', '2021-01-15', '0000-00-00', '2021-01-15', 1, 0, 0, 115, 6, 12, NULL, 'FUSO', 'B 9697 WV', '0.00', '0.00', '0.00', '0.00', 0, 1, 0, '0.00', '0.00', '0.00', '', 1, 1, 0, '2021-03-09 05:09:45', 5, '2021-03-09 05:09:20', 5),
(162, 'SJ-YAP.202101.0166', '36055305.00', '0.00', '0.00', '2021-01-15', '0000-00-00', '2021-01-15', 1, 0, 0, 143, 6, 12, NULL, 'CD', 'B 9939 KDC', '0.00', '0.00', '0.00', '0.00', 0, 1, 0, '0.00', '0.00', '0.00', '', 1, 1, 0, '2021-03-09 05:11:12', 5, '2021-03-09 05:10:46', 5),
(163, 'SJ-YAP.202101.0167', '31367518.00', '0.00', '0.00', '2021-01-15', '0000-00-00', '2021-01-15', 1, 0, 0, 116, 6, 12, NULL, 'CD', 'B 9672 TDD', '0.00', '0.00', '0.00', '0.00', 0, 1, 0, '0.00', '0.00', '0.00', '', 1, 1, 0, '2021-03-09 05:13:08', 5, '2021-03-09 05:12:39', 5),
(164, 'SJ-YAP.202101.0168', '22572836.00', '0.00', '0.00', '2021-01-15', '0000-00-00', '2021-01-15', 1, 0, 0, 133, 6, 12, NULL, 'CD', 'B 9194 ZQO', '0.00', '0.00', '0.00', '0.00', 0, 1, 0, '0.00', '0.00', '0.00', '', 1, 1, 0, '2021-03-09 05:14:36', 5, '2021-03-09 05:14:08', 5),
(165, 'SJ-YAP.202101.0169', '19322472.00', '0.00', '0.00', '2021-01-16', '0000-00-00', '2021-01-16', 1, 0, 0, 117, 6, 12, NULL, 'CD', 'B 9791 BQA', '0.00', '0.00', '0.00', '0.00', 0, 1, 0, '0.00', '0.00', '0.00', '', 1, 1, 0, '2021-03-09 05:16:45', 5, '2021-03-09 05:16:21', 5),
(166, 'SJ-YAP.202101.0170', '15607462.00', '0.00', '0.00', '2021-01-16', '0000-00-00', '2021-01-16', 1, 0, 0, 19, 6, 12, NULL, 'CD', 'B 9694 PDE', '0.00', '0.00', '0.00', '0.00', 0, 1, 0, '0.00', '0.00', '0.00', '', 1, 1, 0, '2021-03-09 06:03:10', 5, '2021-03-09 06:02:30', 5),
(167, 'SJ-YAP.202101.0171', '25068212.00', '0.00', '0.00', '2021-01-16', '0000-00-00', '2021-01-16', 1, 0, 0, 145, 6, 12, NULL, 'CD', 'F 8354 AZ', '0.00', '0.00', '0.00', '0.00', 0, 1, 0, '0.00', '0.00', '0.00', '', 1, 1, 0, '2021-03-09 06:12:57', 5, '2021-03-09 06:12:34', 5),
(168, 'SJ-YAP.202101.0172', '34599409.00', '0.00', '0.00', '2021-01-16', '0000-00-00', '2021-01-16', 1, 0, 0, 19, 6, 12, NULL, 'CD', 'D 8108 UB', '0.00', '0.00', '0.00', '0.00', 0, 1, 0, '0.00', '0.00', '0.00', '', 1, 1, 0, '2021-03-09 06:14:59', 5, '2021-03-09 06:14:35', 5),
(169, 'SJ-YAP.202101.0173', '29922255.00', '0.00', '0.00', '2021-01-16', '0000-00-00', '2021-01-16', 1, 0, 0, 115, 6, 12, NULL, '', 'K 1326 K', '0.00', '0.00', '0.00', '0.00', 0, 1, 0, '0.00', '0.00', '0.00', '', 1, 1, 0, '2021-03-09 06:47:22', 5, '2021-03-09 06:46:56', 5),
(170, 'SJ-YAP.202101.0174', '1515102.00', '0.00', '0.00', '2021-01-16', '0000-00-00', '2021-01-16', 1, 0, 0, 115, 6, 12, NULL, '', 'T 8593 DS', '0.00', '0.00', '0.00', '0.00', 0, 0, 0, '0.00', '0.00', '0.00', '', 1, 1, 0, '2021-03-09 06:50:01', 5, '2021-03-09 06:49:32', 5),
(171, 'SJ-YAP.202101.0175', '3113280.00', '0.00', '0.00', '2021-01-16', '0000-00-00', '2021-01-16', 1, 0, 0, 115, 6, 12, NULL, '', 'B 9916 FAV', '0.00', '0.00', '0.00', '0.00', 0, 0, 0, '0.00', '0.00', '0.00', '', 1, 1, 0, '2021-03-09 06:51:13', 5, '2021-03-09 06:50:50', 5),
(172, 'SJ-YAP.202101.0176', '13480454.00', '0.00', '0.00', '2021-01-16', '0000-00-00', '2021-01-16', 1, 0, 0, 148, 6, 5, NULL, 'CD', 'F 8045 G', '0.00', '0.00', '0.00', '0.00', 0, 1, 0, '0.00', '0.00', '0.00', '', 1, 1, 0, '2021-03-09 06:52:51', 5, '2021-03-09 06:52:17', 5),
(173, 'SJ-YAP.202101.0177', '24634012.00', '0.00', '0.00', '2021-01-16', '0000-00-00', '2021-01-16', 1, 0, 0, 109, 6, 12, NULL, 'CD', 'B 9486 KQB', '0.00', '0.00', '0.00', '0.00', 0, 1, 0, '0.00', '0.00', '0.00', '', 1, 1, 0, '2021-03-09 06:54:12', 5, '2021-03-09 06:53:40', 5),
(174, 'SJ-YAP.202101.0178', '44011482.50', '0.00', '0.00', '2021-01-16', '0000-00-00', '2021-01-16', 1, 0, 0, 147, 6, 12, NULL, 'CD', 'K 1492 LK', '0.00', '0.00', '0.00', '0.00', 0, 1, 0, '0.00', '0.00', '0.00', '', 1, 1, 0, '2021-03-09 06:55:58', 5, '2021-03-09 06:55:27', 5),
(175, 'SJ-YAP.202101.0179', '68063528.00', '0.00', '0.00', '2021-01-16', '0000-00-00', '2021-01-16', 1, 0, 0, 18, 6, 12, NULL, 'TRONTON', 'B 9360 BDH', '0.00', '0.00', '0.00', '0.00', 0, 1, 0, '0.00', '0.00', '0.00', '', 1, 1, 0, '2021-03-09 07:17:09', 5, '2021-03-09 07:16:26', 5),
(176, 'SJ-YAP.202101.0180', '69701316.00', '0.00', '0.00', '2021-01-16', '0000-00-00', '2021-01-16', 1, 0, 0, 18, 6, 12, NULL, '', 'B 9116 BDH', '0.00', '0.00', '0.00', '0.00', 0, 1, 0, '0.00', '0.00', '0.00', '', 1, 1, 0, '2021-03-09 07:23:23', 5, '2021-03-09 07:22:50', 5),
(177, 'SJ-YAP.202101.0181', '22586408.00', '0.00', '0.00', '2021-01-16', '0000-00-00', '2021-01-16', 1, 0, 0, 149, 6, 12, NULL, 'CD', 'B 9845 DF', '0.00', '0.00', '0.00', '0.00', 0, 1, 0, '0.00', '0.00', '0.00', '', 1, 1, 0, '2021-03-09 07:25:59', 5, '2021-03-09 07:25:36', 5),
(178, 'SJ-YAP.202101.0182', '2947152.00', '0.00', '0.00', '2021-01-16', '0000-00-00', '2021-01-16', 1, 0, 0, 115, 6, 12, NULL, '', 'T 8835 DT', '0.00', '0.00', '0.00', '0.00', 0, 1, 0, '0.00', '0.00', '0.00', '', 1, 1, 0, '2021-03-09 07:27:51', 5, '2021-03-09 07:27:25', 5),
(179, 'SJ-YAP.202101.0183', '9797678.00', '0.00', '0.00', '2021-01-18', '0000-00-00', '2021-01-18', 1, 0, 0, 117, 6, 12, NULL, 'CD', 'B 9791 BQA', '0.00', '0.00', '0.00', '0.00', 0, 0, 0, '0.00', '0.00', '0.00', '', 1, 1, 0, '2021-03-09 07:33:49', 5, '2021-03-09 07:33:20', 5),
(180, 'SJ-YAP.202101.0184', '11148215.00', '0.00', '0.00', '2021-01-18', '0000-00-00', '2021-01-18', 1, 0, 0, 109, 6, 12, NULL, 'CD', 'B 9486 KQB', '0.00', '0.00', '0.00', '0.00', 0, 0, 0, '0.00', '0.00', '0.00', '', 1, 1, 0, '2021-03-09 07:35:30', 5, '2021-03-09 07:35:10', 5),
(181, 'SJ-YAP.202101.0185', '27660555.00', '0.00', '0.00', '2021-01-18', '0000-00-00', '2021-01-18', 1, 0, 0, 118, 6, 12, NULL, 'CD', 'B 9139 UY', '0.00', '0.00', '0.00', '0.00', 0, 1, 0, '0.00', '0.00', '0.00', '', 1, 1, 0, '2021-03-09 07:38:53', 5, '2021-03-09 07:38:33', 5),
(182, 'SJ-YAP.202101.0186', '16073863.00', '0.00', '500000.00', '2021-01-18', '0000-00-00', '2021-01-18', 1, 0, 0, 83, 6, 12, NULL, 'CD', 'A 8223 GL', '0.00', '0.00', '0.00', '0.00', 0, 1, 0, '0.00', '0.00', '0.00', '', 1, 1, 0, '2021-03-09 07:40:33', 5, '2021-03-09 07:40:03', 5),
(183, 'SJ-YAP.202101.0187', '33480626.50', '0.00', '0.00', '2021-01-18', '0000-00-00', '2021-01-18', 1, 0, 0, 125, 6, 12, NULL, 'CD', 'F 8977 UO', '0.00', '0.00', '0.00', '0.00', 0, 1, 0, '0.00', '0.00', '0.00', '', 1, 1, 0, '2021-03-09 07:42:20', 5, '2021-03-09 07:41:59', 5),
(184, 'SJ-YAP.202101.0188', '42505359.00', '0.00', '0.00', '2021-01-18', '0000-00-00', '2021-01-18', 1, 0, 0, 150, 6, 12, NULL, '', 'B 9665 UXT', '0.00', '0.00', '0.00', '0.00', 0, 2, 0, '0.00', '0.00', '0.00', '', 1, 1, 0, '2021-03-09 07:43:44', 5, '2021-03-09 07:43:19', 5),
(185, 'SJ-YAP.202101.0189', '37447475.00', '0.00', '0.00', '2021-01-18', '0000-00-00', '2021-01-18', 1, 0, 0, 143, 6, 12, NULL, 'CD', 'B 9095 KDA', '0.00', '0.00', '0.00', '0.00', 0, 1, 0, '0.00', '0.00', '0.00', '', 1, 1, 0, '2021-03-09 07:52:42', 5, '2021-03-09 07:52:12', 5),
(186, 'SJ-YAP.202101.0190', '41858335.00', '0.00', '0.00', '2021-01-18', '0000-00-00', '2021-01-18', 1, 0, 0, 116, 6, 12, NULL, 'CD', 'B 9672 TDD', '0.00', '0.00', '0.00', '0.00', 0, 1, 0, '0.00', '0.00', '0.00', '', 1, 1, 0, '2021-03-09 07:54:10', 5, '2021-03-09 07:53:46', 5);
INSERT INTO `t_sj` (`id`, `no_surat_jalan`, `nilai`, `nilai_bayar`, `nilai_potong`, `tanggal`, `tanggal_lunas`, `tanggal_harga`, `status`, `flag`, `id_invoice`, `id_supplier`, `id_customer`, `id_group_supplier`, `no_tbt`, `jenis_kendaraan`, `no_kendaraan`, `bonus`, `denda`, `denda_1`, `denda_2`, `ppn`, `id_obm`, `obm`, `tiket`, `nilai_tiket`, `bb_cash`, `keterangan`, `flag_denda`, `flag_denda_2`, `del`, `modified_at`, `modified_by`, `created_at`, `created_by`) VALUES
(187, 'SJ-YAP.202101.0191', '38636767.00', '0.00', '0.00', '2021-01-18', '0000-00-00', '2021-01-18', 1, 0, 0, 150, 6, 12, NULL, '', 'BE 8475 AT', '0.00', '0.00', '0.00', '0.00', 0, 2, 0, '0.00', '0.00', '650000.00', '', 1, 1, 0, '2021-03-09 07:57:41', 5, '2021-03-09 07:56:39', 5),
(188, 'SJ-YAP.202101.0192', '20309590.50', '20309590.50', '500000.00', '2021-01-19', '0000-00-00', '2021-01-19', 1, 1, 0, 37, 6, 12, NULL, 'CD', 'B 9847 KI', '0.00', '0.00', '0.00', '0.00', 0, 1, 0, '0.00', '0.00', '0.00', '', 1, 1, 0, '2021-03-18 02:41:04', 5, '2021-03-09 07:58:53', 5),
(189, 'SJ-YAP.202101.0193', '12068169.00', '0.00', '0.00', '2021-01-19', '0000-00-00', '2021-01-19', 1, 0, 0, 110, 6, 12, NULL, 'FUSO', 'T 8891 DE', '0.00', '0.00', '0.00', '0.00', 0, 0, 0, '0.00', '0.00', '0.00', '', 1, 1, 0, '2021-03-09 08:05:41', 5, '2021-03-09 08:05:18', 5),
(190, 'SJ-YAP.202101.0194', '21349029.00', '0.00', '0.00', '2021-01-19', '0000-00-00', '2021-01-19', 1, 0, 0, 117, 6, 12, NULL, 'CD', 'B 9938 QD', '0.00', '0.00', '0.00', '0.00', 0, 1, 0, '0.00', '0.00', '0.00', '', 1, 1, 0, '2021-03-09 08:41:52', 5, '2021-03-09 08:41:06', 5),
(191, 'SJ-YAP.202101.0195', '20391306.00', '0.00', '0.00', '2021-01-19', '0000-00-00', '2021-01-19', 1, 0, 0, 117, 6, 12, NULL, '', 'B 9623 VQA', '0.00', '0.00', '0.00', '0.00', 0, 1, 0, '0.00', '0.00', '0.00', '', 1, 1, 0, '2021-03-09 08:43:31', 5, '2021-03-09 08:42:42', 5),
(192, 'SJ-YAP.202101.0196', '37294390.00', '0.00', '0.00', '2021-01-19', '0000-00-00', '2021-01-19', 1, 0, 0, 147, 6, 12, NULL, 'CD', 'K 1420 KK', '0.00', '0.00', '0.00', '0.00', 0, 1, 0, '0.00', '0.00', '0.00', '', 1, 1, 0, '2021-03-09 08:45:33', 5, '2021-03-09 08:45:08', 5),
(193, 'SJ-YAP.202101.0197', '6397704.00', '0.00', '0.00', '2021-01-19', '0000-00-00', '2021-01-19', 1, 0, 0, 19, 6, 12, NULL, 'CD', 'B 9318 HG', '0.00', '0.00', '0.00', '0.00', 0, 1, 0, '0.00', '0.00', '0.00', '', 1, 1, 0, '2021-03-09 08:49:36', 5, '2021-03-09 08:49:15', 5),
(194, 'SJ-YAP.202101.0198', '8396455.00', '0.00', '0.00', '2021-01-19', '0000-00-00', '2021-01-19', 1, 0, 0, 19, 6, 12, NULL, 'FUSO', 'B 9454 JQO', '0.00', '0.00', '0.00', '0.00', 0, 1, 0, '0.00', '0.00', '0.00', '', 1, 1, 0, '2021-03-09 08:58:18', 5, '2021-03-09 08:57:53', 5),
(195, 'SJ-YAP.202101.0199', '34068138.00', '0.00', '0.00', '2021-01-19', '0000-00-00', '2021-01-19', 1, 0, 0, 116, 6, 12, NULL, 'CD', 'B 9672 TDD', '0.00', '0.00', '0.00', '0.00', 0, 1, 0, '0.00', '0.00', '0.00', '', 1, 1, 0, '2021-03-09 09:00:43', 5, '2021-03-09 09:00:00', 5),
(196, 'SJ-YAP.202101.0200', '22769396.00', '0.00', '0.00', '2021-01-19', '0000-00-00', '2021-01-19', 1, 0, 0, 109, 6, 12, NULL, 'CD', 'B 9486 KQB', '0.00', '0.00', '0.00', '0.00', 0, 1, 0, '0.00', '0.00', '0.00', '', 1, 1, 0, '2021-03-09 09:02:24', 5, '2021-03-09 09:02:01', 5),
(197, 'SJ-YAP.202101.0201', '33072559.00', '0.00', '0.00', '2021-01-19', '0000-00-00', '2021-01-19', 1, 0, 0, 143, 6, 12, NULL, 'CD', 'B 9095 KDA', '0.00', '0.00', '0.00', '0.00', 0, 1, 0, '0.00', '0.00', '0.00', '', 1, 1, 0, '2021-03-09 09:11:07', 5, '2021-03-09 09:10:29', 5),
(198, 'SJ-YAP.202101.0202', '11048941.80', '0.00', '0.00', '2021-01-19', '0000-00-00', '2021-01-19', 1, 0, 0, 128, 6, 5, NULL, '', 'B 9957 BDC', '0.00', '0.00', '0.00', '0.00', 0, 0, 0, '0.00', '0.00', '0.00', '', 1, 1, 0, '2021-03-09 09:26:23', 5, '2021-03-09 09:12:20', 5),
(199, 'SJ-YAP.202101.0203', '7474885.00', '0.00', '0.00', '2021-01-20', '0000-00-00', '2021-01-20', 1, 0, 0, 124, 6, 12, NULL, 'CD', 'B 9905 FYW', '0.00', '0.00', '0.00', '0.00', 0, 0, 0, '0.00', '0.00', '0.00', '', 1, 1, 0, '2021-03-09 09:29:27', 5, '2021-03-09 09:29:02', 5),
(200, 'SJ-YAP.202101.0204', '85059679.80', '0.00', '0.00', '2021-01-20', '0000-00-00', '2021-01-20', 1, 0, 0, 136, 6, 5, NULL, 'TRONTON', 'B 9901 TYY', '0.00', '0.00', '0.00', '0.00', 0, 1, 0, '0.00', '0.00', '0.00', '', 1, 1, 0, '2021-03-09 09:31:43', 5, '2021-03-09 09:30:58', 5),
(201, 'SJ-YAP.202101.0205', '38100485.00', '0.00', '0.00', '2021-01-20', '0000-00-00', '2021-01-20', 1, 0, 0, 123, 6, 12, NULL, 'CD', 'K 1492 LK', '0.00', '0.00', '0.00', '0.00', 0, 1, 0, '0.00', '0.00', '0.00', '', 1, 1, 0, '2021-03-09 09:33:40', 5, '2021-03-09 09:33:12', 5),
(202, 'SJ-YAP.202101.0206', '87152863.70', '0.00', '0.00', '2021-01-20', '0000-00-00', '2021-01-20', 1, 0, 0, 18, 6, 12, NULL, '', 'B 9383 BDI', '0.00', '0.00', '0.00', '0.00', 0, 1, 0, '0.00', '0.00', '0.00', '', 1, 1, 0, '2021-03-16 02:49:50', 5, '2021-03-16 02:49:13', 5),
(203, 'SJ-YAP.202101.0207', '40917062.50', '0.00', '0.00', '2021-01-20', '0000-00-00', '2021-01-20', 1, 0, 0, 19, 6, 12, NULL, '', 'R 1416 TD', '0.00', '0.00', '0.00', '0.00', 0, 1, 0, '0.00', '0.00', '0.00', '', 1, 1, 0, '2021-03-16 02:53:00', 5, '2021-03-16 02:52:23', 5),
(204, 'SJ-YAP.202101.0208', '29170518.00', '0.00', '0.00', '2021-01-20', '0000-00-00', '2021-01-20', 1, 0, 0, 113, 6, 12, NULL, '', 'B 9137 KQB', '0.00', '0.00', '0.00', '0.00', 0, 1, 0, '0.00', '0.00', '0.00', '', 1, 1, 0, '2021-03-16 02:55:41', 5, '2021-03-16 02:55:01', 5),
(205, 'SJ-YAP.202101.0209', '14263243.00', '0.00', '0.00', '2021-01-20', '0000-00-00', '2021-01-20', 1, 0, 0, 110, 6, 12, NULL, '', 'T 8891 DE', '0.00', '0.00', '0.00', '0.00', 0, 0, 0, '0.00', '0.00', '0.00', '', 1, 1, 0, '2021-03-16 02:58:35', 5, '2021-03-16 02:57:15', 5),
(206, 'SJ-YAP.202101.0210', '32184061.00', '0.00', '0.00', '2021-01-20', '0000-00-00', '2021-01-20', 1, 0, 0, 116, 6, 12, NULL, '', 'B 9672 TDD', '0.00', '0.00', '0.00', '0.00', 0, 1, 0, '0.00', '0.00', '0.00', '', 1, 1, 0, '2021-03-16 03:01:08', 5, '2021-03-16 02:59:56', 5),
(207, 'SJ-YAP.202101.0211', '10773570.60', '0.00', '0.00', '2021-01-20', '0000-00-00', '2021-01-20', 1, 0, 0, 128, 6, 5, NULL, '', 'B 9957 BDC', '0.00', '0.00', '0.00', '0.00', 0, 0, 0, '0.00', '0.00', '0.00', '', 1, 1, 0, '2021-03-16 03:11:36', 5, '2021-03-16 03:04:19', 5),
(208, 'SJ-YAP.202101.0212', '11580964.20', '0.00', '0.00', '2021-01-21', '0000-00-00', '2021-01-21', 1, 0, 0, 126, 6, 6, NULL, '', 'B 9426 BDC', '0.00', '0.00', '0.00', '0.00', 0, 0, 0, '0.00', '0.00', '0.00', '', 1, 1, 0, '2021-03-16 03:17:06', 5, '2021-03-16 03:16:32', 5),
(209, 'SJ-YAP.202101.0213', '14900704.00', '0.00', '0.00', '2021-01-21', '0000-00-00', '2021-01-21', 1, 0, 0, 151, 6, 12, NULL, '', 'A 8607 ZY', '0.00', '0.00', '0.00', '0.00', 0, 1, 0, '0.00', '0.00', '0.00', '', 1, 1, 0, '2021-03-16 03:27:22', 5, '2021-03-16 03:26:57', 5),
(210, 'SJ-YAP.202101.0214', '16051945.00', '0.00', '0.00', '2021-01-21', '0000-00-00', '2021-01-21', 1, 0, 0, 152, 6, 12, NULL, '', 'BA 9334 BU', '0.00', '0.00', '0.00', '0.00', 0, 2, 0, '0.00', '0.00', '0.00', '', 1, 1, 0, '2021-03-16 03:29:44', 5, '2021-03-16 03:29:16', 5),
(211, 'SJ-YAP.202101.0215', '32465121.00', '0.00', '0.00', '2021-01-21', '0000-00-00', '2021-01-21', 1, 0, 0, 116, 6, 12, NULL, '', 'B 9672 TDD', '0.00', '0.00', '0.00', '0.00', 0, 1, 0, '0.00', '0.00', '0.00', '', 1, 1, 0, '2021-03-16 03:32:25', 5, '2021-03-16 03:32:00', 5),
(212, 'SJ-YAP.202101.0216', '37146811.00', '0.00', '0.00', '2021-01-21', '0000-00-00', '2021-01-21', 1, 0, 0, 143, 6, 12, NULL, '', 'B 9984 KDB', '0.00', '0.00', '0.00', '0.00', 0, 1, 0, '0.00', '0.00', '0.00', '', 1, 1, 0, '2021-03-16 03:38:57', 5, '2021-03-16 03:38:37', 5),
(213, 'SJ-YAP.202101.0217', '86911440.60', '0.00', '0.00', '2021-01-22', '0000-00-00', '2021-01-22', 1, 0, 0, 136, 6, 12, NULL, '', 'B 9901 TYY', '0.00', '0.00', '0.00', '0.00', 0, 1, 0, '0.00', '0.00', '0.00', '', 1, 1, 0, '2021-03-16 03:49:13', 5, '2021-03-16 03:48:46', 5),
(214, 'SJ-YAP.202101.0218', '32782854.00', '0.00', '0.00', '2021-01-22', '0000-00-00', '2021-01-22', 1, 0, 0, 118, 6, 12, NULL, '', 'B 9139 UY', '0.00', '0.00', '0.00', '0.00', 0, 1, 0, '0.00', '0.00', '0.00', '', 1, 1, 0, '2021-03-16 03:52:09', 5, '2021-03-16 03:50:50', 5),
(215, 'SJ-YAP.202101.0219', '34554138.50', '0.00', '0.00', '2021-01-22', '0000-00-00', '2021-01-22', 1, 0, 0, 125, 6, 12, NULL, '', 'F 8977 UO', '0.00', '0.00', '0.00', '0.00', 0, 1, 0, '0.00', '0.00', '0.00', '', 1, 1, 0, '2021-03-16 03:53:44', 5, '2021-03-16 03:52:54', 5),
(216, 'SJ-YAP.202101.0220', '47908012.00', '0.00', '0.00', '2021-01-22', '0000-00-00', '2021-01-22', 1, 0, 0, 150, 6, 12, NULL, '', 'BE 9535 AJ', '0.00', '0.00', '0.00', '0.00', 0, 2, 0, '0.00', '0.00', '100000.00', '', 1, 1, 0, '2021-03-16 06:28:35', 5, '2021-03-16 06:28:01', 5),
(217, 'SJ-YAP.202101.0221', '2889260.00', '0.00', '0.00', '2021-01-22', '0000-00-00', '2021-01-22', 1, 0, 0, 124, 6, 12, NULL, '', 'T 8593 DS', '0.00', '0.00', '0.00', '0.00', 0, 0, 0, '0.00', '0.00', '0.00', '', 1, 1, 0, '2021-03-16 06:29:55', 5, '2021-03-16 06:29:35', 5),
(218, 'SJ-YAP.202101.0222', '31039060.00', '0.00', '0.00', '2021-01-22', '0000-00-00', '2021-01-22', 1, 0, 0, 116, 6, 12, NULL, '', 'B 9672 TDD', '0.00', '0.00', '0.00', '0.00', 0, 1, 0, '0.00', '0.00', '0.00', '', 1, 1, 0, '2021-03-16 06:31:17', 5, '2021-03-16 06:30:55', 5),
(219, 'SJ-YAP.202101.0223', '16308760.00', '0.00', '0.00', '2021-01-22', '0000-00-00', '2021-01-22', 1, 0, 0, 129, 6, 12, NULL, '', 'B 9183 FJ', '0.00', '0.00', '0.00', '0.00', 0, 1, 0, '0.00', '0.00', '0.00', '', 1, 1, 0, '2021-03-16 06:32:46', 5, '2021-03-16 06:32:20', 5),
(220, 'SJ-YAP.202101.0224', '2616445.00', '0.00', '0.00', '2021-01-22', '0000-00-00', '2021-01-22', 1, 0, 0, 124, 6, 12, NULL, '', 'B 9916 FAV', '0.00', '0.00', '0.00', '0.00', 0, 1, 0, '0.00', '0.00', '0.00', '', 1, 1, 0, '2021-03-16 06:34:35', 5, '2021-03-16 06:34:15', 5),
(221, 'SJ-YAP.202101.0225', '37090404.00', '0.00', '0.00', '2021-01-22', '0000-00-00', '2021-01-22', 1, 0, 0, 143, 6, 12, NULL, '', 'B 9095 KDA', '0.00', '0.00', '0.00', '0.00', 0, 1, 0, '0.00', '0.00', '0.00', '', 1, 1, 0, '2021-03-16 06:39:07', 5, '2021-03-16 06:37:12', 5),
(222, 'SJ-YAP.202101.0226', '37813389.00', '0.00', '0.00', '2021-01-22', '0000-00-00', '2021-01-22', 1, 0, 0, 153, 6, 12, NULL, '', 'K 1492 LK', '0.00', '0.00', '0.00', '0.00', 0, 1, 0, '0.00', '0.00', '2600000.00', '', 1, 1, 0, '2021-03-16 06:42:36', 5, '2021-03-16 06:40:49', 5),
(223, 'SJ-YAP.202101.0227', '27891916.00', '0.00', '0.00', '2021-01-22', '0000-00-00', '2021-01-22', 1, 0, 0, 125, 6, 12, NULL, '', 'T 9889 C', '0.00', '0.00', '0.00', '0.00', 0, 1, 0, '0.00', '0.00', '0.00', '', 1, 1, 0, '2021-03-16 06:46:40', 5, '2021-03-16 06:46:15', 5),
(224, 'SJ-YAP.202101.0228', '37286232.00', '0.00', '0.00', '2021-01-23', '0000-00-00', '2021-01-23', 1, 0, 0, 124, 6, 12, NULL, '', 'E 9045 V', '0.00', '0.00', '0.00', '0.00', 0, 1, 0, '0.00', '0.00', '0.00', '', 1, 1, 0, '2021-03-16 06:47:59', 5, '2021-03-16 06:47:32', 5),
(225, 'SJ-YAP.202101.0229', '36575283.50', '0.00', '0.00', '2021-01-23', '0000-00-00', '2021-01-23', 1, 0, 0, 125, 6, 12, NULL, '', 'Z 9608 TB', '0.00', '0.00', '0.00', '0.00', 0, 1, 0, '0.00', '0.00', '0.00', '', 1, 1, 0, '2021-03-16 06:49:02', 5, '2021-03-16 06:48:37', 5),
(226, 'SJ-YAP.202101.0230', '30240249.00', '0.00', '0.00', '2021-01-23', '0000-00-00', '2021-01-23', 1, 0, 0, 143, 6, 12, NULL, '', 'B 9281 KDC', '0.00', '0.00', '0.00', '0.00', 0, 1, 0, '0.00', '0.00', '0.00', '', 1, 1, 0, '2021-03-16 06:51:06', 5, '2021-03-16 06:50:47', 5),
(227, 'SJ-YAP.202101.0231', '75424644.20', '0.00', '0.00', '2021-01-23', '0000-00-00', '2021-01-23', 1, 0, 0, 18, 6, 12, NULL, '', 'B 9383 BDI', '0.00', '0.00', '0.00', '0.00', 0, 1, 0, '0.00', '0.00', '0.00', '', 1, 1, 0, '2021-03-16 06:55:05', 5, '2021-03-16 06:53:57', 5),
(228, 'SJ-YAP.202101.0232', '25242854.00', '0.00', '0.00', '2021-01-23', '0000-00-00', '2021-01-23', 1, 0, 0, 149, 6, 12, NULL, '', 'B 9845 DF', '0.00', '0.00', '0.00', '0.00', 0, 1, 0, '0.00', '0.00', '0.00', '', 1, 1, 0, '2021-03-16 06:56:20', 5, '2021-03-16 06:56:01', 5),
(229, 'SJ-YAP.202101.0233', '31851899.50', '0.00', '0.00', '2021-01-23', '0000-00-00', '2021-01-23', 1, 0, 0, 19, 6, 12, NULL, '', 'R 1416 TD', '0.00', '0.00', '0.00', '0.00', 0, 1, 0, '0.00', '0.00', '0.00', '', 1, 1, 0, '2021-03-16 06:57:29', 5, '2021-03-16 06:57:04', 5),
(230, 'SJ-YAP.202101.0234', '11503089.00', '0.00', '0.00', '2021-01-23', '0000-00-00', '2021-01-23', 1, 0, 0, 133, 6, 12, NULL, '', 'B 9194 ZQO', '0.00', '0.00', '0.00', '0.00', 0, 1, 0, '0.00', '0.00', '0.00', '', 1, 1, 0, '2021-03-16 07:02:55', 5, '2021-03-16 07:02:32', 5),
(231, 'SJ-YAP.202101.0235', '21012606.00', '0.00', '0.00', '2021-01-23', '0000-00-00', '2021-01-23', 1, 0, 0, 102, 6, 12, NULL, '', 'B 9317 CPA', '0.00', '0.00', '0.00', '0.00', 0, 1, 0, '0.00', '0.00', '550000.00', '', 1, 1, 0, '2021-03-16 07:11:32', 5, '2021-03-16 07:08:27', 5),
(232, 'SJ-YAP.202101.0236', '11615370.00', '0.00', '0.00', '2021-01-23', '0000-00-00', '2021-01-23', 1, 0, 0, 19, 6, 12, NULL, '', 'B 9694 PDE', '0.00', '0.00', '0.00', '0.00', 0, 1, 0, '0.00', '0.00', '0.00', '', 1, 1, 0, '2021-03-16 07:12:57', 5, '2021-03-16 07:12:38', 5),
(233, 'SJ-YAP.202101.0237', '8163229.00', '0.00', '0.00', '2021-01-25', '0000-00-00', '2021-01-25', 1, 0, 0, 124, 6, 12, NULL, '', 'B 9905 FYW', '0.00', '0.00', '0.00', '0.00', 0, 0, 0, '0.00', '0.00', '0.00', '', 1, 1, 0, '2021-03-16 07:16:36', 5, '2021-03-16 07:16:16', 5),
(234, 'SJ-YAP.202101.0238', '18076071.00', '0.00', '0.00', '2021-01-25', '0000-00-00', '2021-01-25', 1, 0, 0, 117, 6, 12, NULL, '', 'B 9791 BQA', '0.00', '0.00', '0.00', '0.00', 0, 1, 0, '0.00', '0.00', '0.00', '', 1, 1, 0, '2021-03-16 07:23:48', 5, '2021-03-16 07:17:21', 5),
(235, 'SJ-YAP.202101.0239', '19211049.00', '0.00', '0.00', '2021-01-25', '0000-00-00', '2021-01-25', 1, 0, 0, 117, 6, 12, NULL, '', 'B 9938 QD', '0.00', '0.00', '0.00', '0.00', 0, 1, 0, '0.00', '0.00', '0.00', '', 1, 1, 0, '2021-03-16 07:32:58', 5, '2021-03-16 07:32:14', 5),
(236, 'SJ-YAP.202101.0240', '85135304.20', '0.00', '0.00', '2021-01-25', '0000-00-00', '2021-01-25', 1, 0, 0, 136, 6, 12, NULL, '', 'B 9901 TYY', '0.00', '0.00', '0.00', '0.00', 0, 1, 0, '0.00', '0.00', '0.00', '', 1, 1, 0, '2021-03-16 07:34:17', 5, '2021-03-16 07:33:51', 5),
(237, 'SJ-YAP.202101.0241', '26902772.00', '0.00', '0.00', '2021-01-25', '0000-00-00', '2021-01-25', 1, 0, 0, 145, 6, 12, NULL, '', 'F 8354 AZ', '0.00', '0.00', '0.00', '0.00', 0, 1, 0, '0.00', '0.00', '0.00', '', 1, 1, 0, '2021-03-16 07:35:44', 5, '2021-03-16 07:35:23', 5),
(238, 'SJ-YAP.202101.0242', '24842636.00', '0.00', '0.00', '2021-01-25', '0000-00-00', '2021-01-25', 1, 0, 0, 118, 6, 12, NULL, '', 'B 9139 UY', '0.00', '0.00', '0.00', '0.00', 0, 1, 0, '0.00', '0.00', '0.00', '', 1, 1, 0, '2021-03-16 07:39:01', 5, '2021-03-16 07:38:38', 5),
(239, 'SJ-YAP.202101.0243', '45960421.00', '0.00', '0.00', '2021-01-25', '0000-00-00', '2021-01-25', 1, 0, 0, 40, 6, 12, NULL, '', 'B 9673 ZI', '0.00', '0.00', '0.00', '0.00', 0, 1, 0, '0.00', '0.00', '0.00', '', 1, 1, 0, '2021-03-16 07:40:19', 5, '2021-03-16 07:39:54', 5),
(240, 'SJ-YAP.202101.0244', '35537541.00', '0.00', '0.00', '2021-01-25', '0000-00-00', '2021-01-25', 1, 0, 0, 143, 6, 12, NULL, '', 'B 9095 KDA', '0.00', '0.00', '0.00', '0.00', 0, 1, 0, '0.00', '0.00', '0.00', '', 1, 1, 0, '2021-03-16 07:41:37', 5, '2021-03-16 07:41:13', 5),
(241, 'SJ-YAP.202101.0245', '20696676.00', '0.00', '0.00', '2021-01-25', '0000-00-00', '2021-01-25', 1, 0, 0, 120, 6, 12, NULL, '', 'B 9922 DJ', '0.00', '0.00', '0.00', '0.00', 0, 1, 0, '0.00', '0.00', '0.00', '', 1, 1, 0, '2021-03-16 07:43:23', 5, '2021-03-16 07:43:01', 5),
(242, 'SJ-YAP.202101.0246', '38534206.50', '0.00', '0.00', '2021-01-25', '0000-00-00', '2021-01-25', 1, 0, 0, 116, 6, 12, NULL, '', 'B 9672 TDD', '0.00', '0.00', '0.00', '0.00', 0, 1, 0, '0.00', '0.00', '0.00', '', 1, 1, 0, '2021-03-16 07:45:27', 5, '2021-03-16 07:44:58', 5),
(243, 'SJ-YAP.202101.0247', '37198955.00', '0.00', '0.00', '2021-01-26', '0000-00-00', '2021-01-26', 1, 0, 0, 125, 6, 12, NULL, '', 'AE 8651 NJ', '0.00', '0.00', '0.00', '0.00', 0, 1, 0, '0.00', '0.00', '0.00', '', 1, 1, 0, '2021-03-16 07:46:49', 5, '2021-03-16 07:46:17', 5),
(244, 'SJ-YAP.202101.0248', '18376605.00', '0.00', '0.00', '2021-01-26', '0000-00-00', '2021-01-26', 1, 0, 0, 109, 6, 12, NULL, '', 'B 9486 KQB', '0.00', '0.00', '0.00', '0.00', 0, 1, 0, '0.00', '0.00', '0.00', '', 1, 1, 0, '2021-03-16 07:50:02', 5, '2021-03-16 07:49:15', 5),
(245, 'SJ-YAP.202101.0249', '22526556.00', '0.00', '0.00', '2021-01-26', '0000-00-00', '2021-01-26', 1, 0, 0, 19, 6, 12, NULL, '', 'B 9694 PDE', '0.00', '0.00', '0.00', '0.00', 0, 1, 0, '0.00', '0.00', '0.00', '', 1, 1, 0, '2021-03-16 07:51:29', 5, '2021-03-16 07:50:59', 5),
(246, 'SJ-YAP.202101.0250', '28236640.00', '0.00', '0.00', '2021-01-26', '0000-00-00', '2021-01-26', 1, 0, 0, 116, 6, 12, NULL, '', 'B 9367 TYU', '0.00', '0.00', '0.00', '0.00', 0, 1, 0, '0.00', '0.00', '0.00', '', 1, 1, 0, '2021-03-16 07:55:42', 5, '2021-03-16 07:52:58', 5),
(247, 'SJ-YAP.202101.0251', '83797156.00', '0.00', '0.00', '2021-01-27', '0000-00-00', '2021-01-27', 1, 0, 0, 136, 6, 12, NULL, '', 'B 9901 TYY', '0.00', '0.00', '0.00', '0.00', 0, 1, 0, '0.00', '0.00', '0.00', '', 1, 1, 0, '2021-03-16 07:58:49', 5, '2021-03-16 07:58:06', 5),
(248, 'SJ-YAP.202101.0252', '11372741.00', '0.00', '0.00', '2021-01-27', '0000-00-00', '2021-01-27', 1, 0, 0, 109, 6, 12, NULL, '', 'B 9486 KQB', '0.00', '0.00', '0.00', '0.00', 0, 0, 0, '0.00', '0.00', '0.00', '', 1, 1, 0, '2021-03-16 08:03:07', 5, '2021-03-16 08:02:20', 5),
(249, 'SJ-YAP.202101.0253', '20109089.00', '0.00', '0.00', '2021-01-27', '0000-00-00', '2021-01-27', 1, 0, 0, 133, 6, 12, NULL, '', 'B 9194 ZQO', '0.00', '0.00', '0.00', '0.00', 0, 1, 0, '0.00', '0.00', '0.00', '', 1, 1, 0, '2021-03-16 08:04:07', 5, '2021-03-16 08:03:48', 5),
(250, 'SJ-YAP.202101.0254', '17548323.00', '0.00', '0.00', '2021-01-27', '0000-00-00', '2021-01-27', 1, 0, 0, 96, 6, 12, NULL, '', 'B 9836 NQB', '0.00', '0.00', '0.00', '0.00', 0, 1, 0, '0.00', '0.00', '0.00', '', 1, 1, 0, '2021-03-16 08:07:30', 5, '2021-03-16 08:07:11', 5),
(251, 'SJ-YAP.202101.0255', '48122580.50', '0.00', '0.00', '2021-01-27', '0000-00-00', '2021-01-27', 1, 0, 0, 121, 6, 12, NULL, '', 'D 8197 YK', '0.00', '0.00', '0.00', '0.00', 0, 1, 0, '0.00', '0.00', '0.00', '', 1, 1, 0, '2021-03-16 08:09:15', 5, '2021-03-16 08:08:48', 5),
(252, 'SJ-YAP.202101.0256', '36176428.50', '0.00', '0.00', '2021-01-27', '0000-00-00', '2021-01-27', 1, 0, 0, 153, 6, 12, NULL, '', 'K 1862 GB', '0.00', '0.00', '0.00', '0.00', 0, 1, 0, '0.00', '0.00', '600000.00', '', 1, 1, 0, '2021-03-16 08:11:21', 5, '2021-03-16 08:10:49', 5),
(253, 'SJ-YAP.202101.0257', '11645335.00', '0.00', '0.00', '2021-01-27', '0000-00-00', '2021-01-27', 1, 0, 0, 96, 6, 12, NULL, '', 'G 1791 NJ', '0.00', '0.00', '0.00', '0.00', 0, 1, 0, '0.00', '0.00', '0.00', '', 1, 1, 0, '2021-03-16 08:15:07', 5, '2021-03-16 08:14:47', 5),
(254, 'SJ-YAP.202101.0258', '24415992.00', '0.00', '0.00', '2021-01-27', '0000-00-00', '2021-01-27', 1, 0, 0, 19, 6, 12, NULL, '', 'R 1416 TD', '0.00', '0.00', '0.00', '0.00', 0, 1, 0, '0.00', '0.00', '0.00', '', 1, 1, 0, '2021-03-17 02:34:00', 5, '2021-03-17 02:33:30', 5),
(255, 'SJ-YAP.202101.0259', '13643071.00', '0.00', '500000.00', '2021-01-27', '0000-00-00', '2021-01-27', 1, 0, 0, 83, 6, 12, NULL, '', 'A 8223 GL', '0.00', '0.00', '0.00', '0.00', 0, 1, 0, '0.00', '0.00', '0.00', '', 1, 1, 0, '2021-03-17 02:36:05', 5, '2021-03-17 02:35:08', 5),
(256, 'SJ-YAP.202101.0260', '36409685.00', '0.00', '0.00', '2021-01-27', '0000-00-00', '2021-01-27', 1, 0, 0, 143, 6, 12, NULL, '', 'B 9984 KDB', '0.00', '0.00', '0.00', '0.00', 0, 1, 0, '0.00', '0.00', '0.00', '', 1, 1, 0, '2021-03-17 02:37:47', 5, '2021-03-17 02:37:22', 5),
(257, 'SJ-YAP.202101.0261', '31201352.00', '0.00', '0.00', '2021-01-27', '0000-00-00', '2021-01-27', 1, 0, 0, 116, 6, 12, NULL, '', 'B 9672 TDD', '0.00', '0.00', '0.00', '0.00', 0, 1, 0, '0.00', '0.00', '0.00', '', 1, 1, 0, '2021-03-17 02:41:32', 5, '2021-03-17 02:41:07', 5),
(258, 'SJ-YAP.202101.0262', '18015179.00', '0.00', '0.00', '2021-01-27', '0000-00-00', '2021-01-27', 1, 0, 0, 120, 6, 12, NULL, '', 'B 9922 DJ', '0.00', '0.00', '0.00', '0.00', 0, 1, 0, '0.00', '0.00', '0.00', '', 1, 1, 0, '2021-03-17 02:42:35', 5, '2021-03-17 02:42:17', 5),
(259, 'SJ-YAP.202101.0263', '10047000.60', '0.00', '0.00', '2021-01-27', '0000-00-00', '2021-01-27', 1, 0, 0, 126, 6, 12, NULL, '', 'B 9426 BDC', '0.00', '0.00', '0.00', '0.00', 0, 0, 0, '0.00', '0.00', '0.00', '', 1, 1, 0, '2021-03-17 02:51:03', 5, '2021-03-17 02:49:19', 5),
(260, 'SJ-YAP.202101.0264', '61300585.40', '0.00', '0.00', '2021-01-28', '0000-00-00', '2021-01-28', 1, 0, 0, 132, 6, 12, NULL, '', 'B 9334 UIT', '0.00', '0.00', '0.00', '0.00', 0, 1, 0, '0.00', '0.00', '0.00', '', 1, 1, 0, '2021-03-17 03:03:00', 5, '2021-03-17 03:02:26', 5),
(261, 'SJ-YAP.202101.0265', '7475230.00', '0.00', '0.00', '2021-01-28', '0000-00-00', '2021-01-28', 1, 0, 0, 124, 6, 12, NULL, '', 'B 9905 FYW', '0.00', '0.00', '0.00', '0.00', 0, 0, 0, '0.00', '0.00', '0.00', '', 1, 1, 0, '2021-03-17 03:04:54', 5, '2021-03-17 03:04:33', 5),
(262, 'SJ-YAP.202101.0266', '37101164.00', '0.00', '0.00', '2021-01-28', '0000-00-00', '2021-01-28', 1, 0, 0, 125, 6, 12, NULL, '', 'AE 8651 NJ', '0.00', '0.00', '0.00', '0.00', 0, 1, 0, '0.00', '0.00', '0.00', '', 1, 1, 0, '2021-03-17 03:07:10', 5, '2021-03-17 03:06:38', 5),
(263, 'SJ-YAP.202101.0267', '29909183.50', '0.00', '0.00', '2021-01-28', '0000-00-00', '2021-01-28', 1, 0, 0, 125, 6, 12, NULL, '', 'T 8215 GL', '0.00', '0.00', '0.00', '0.00', 0, 1, 0, '0.00', '0.00', '0.00', '', 1, 1, 0, '2021-03-17 03:10:01', 5, '2021-03-17 03:09:39', 5),
(264, 'SJ-YAP.202101.0268', '38820951.00', '0.00', '0.00', '2021-01-28', '0000-00-00', '2021-01-28', 1, 0, 0, 143, 6, 12, NULL, '', 'B 9984 KDB', '0.00', '0.00', '0.00', '0.00', 0, 1, 0, '0.00', '0.00', '0.00', '', 1, 1, 0, '2021-03-17 03:12:25', 5, '2021-03-17 03:12:03', 5),
(265, 'SJ-YAP.202101.0269', '11943594.00', '0.00', '0.00', '2021-01-28', '0000-00-00', '2021-01-28', 1, 0, 0, 128, 6, 12, NULL, '', 'B 9957 BDC', '0.00', '0.00', '0.00', '0.00', 0, 0, 0, '0.00', '0.00', '0.00', '', 1, 1, 0, '2021-03-17 03:14:29', 5, '2021-03-17 03:14:09', 5),
(266, 'SJ-YAP.202101.0270', '73717403.20', '0.00', '0.00', '2021-01-28', '0000-00-00', '2021-01-28', 1, 0, 0, 18, 6, 12, NULL, '', 'B 9360 BDH', '0.00', '0.00', '0.00', '0.00', 0, 1, 0, '0.00', '0.00', '0.00', '', 1, 1, 0, '2021-03-17 03:16:42', 5, '2021-03-17 03:15:35', 5),
(267, 'SJ-YAP.202101.0271', '8867794.00', '0.00', '0.00', '2021-01-28', '0000-00-00', '2021-01-28', 1, 0, 0, 19, 6, 12, NULL, '', 'T 8723 DI', '0.00', '0.00', '0.00', '0.00', 0, 1, 0, '0.00', '0.00', '0.00', '', 1, 1, 0, '2021-03-17 03:18:04', 5, '2021-03-17 03:17:37', 5),
(268, 'SJ-YAP.202101.0272', '9130277.00', '0.00', '0.00', '2021-01-28', '0000-00-00', '2021-01-28', 1, 0, 0, 19, 6, 12, NULL, '', 'B 9978 YI', '0.00', '0.00', '0.00', '0.00', 0, 1, 0, '0.00', '0.00', '0.00', '', 1, 1, 0, '2021-03-17 03:19:41', 5, '2021-03-17 03:19:21', 5),
(269, 'SJ-YAP.202101.0273', '34383193.00', '0.00', '0.00', '2021-01-28', '0000-00-00', '2021-01-28', 1, 0, 0, 143, 6, 12, NULL, '', 'B 9939 KDC', '0.00', '0.00', '0.00', '0.00', 0, 1, 0, '0.00', '0.00', '0.00', '', 1, 1, 0, '2021-03-17 03:24:50', 5, '2021-03-17 03:24:27', 5),
(270, 'SJ-YAP.202101.0274', '35735453.00', '0.00', '0.00', '2021-01-28', '0000-00-00', '2021-01-28', 1, 0, 0, 125, 6, 12, NULL, '', 'D 8371 XR', '0.00', '0.00', '0.00', '0.00', 0, 1, 0, '0.00', '0.00', '0.00', '', 1, 1, 0, '2021-03-17 03:26:05', 5, '2021-03-17 03:25:42', 5),
(271, 'SJ-YAP.202101.0275', '11164867.00', '0.00', '0.00', '2021-01-29', '0000-00-00', '2021-01-29', 1, 0, 0, 109, 6, 12, NULL, '', 'B 9486 KQB', '0.00', '0.00', '0.00', '0.00', 0, 0, 0, '0.00', '0.00', '0.00', '', 1, 1, 0, '2021-03-17 03:28:16', 5, '2021-03-17 03:27:47', 5),
(272, 'SJ-YAP.202101.0276', '51610772.60', '0.00', '0.00', '2021-01-29', '0000-00-00', '2021-01-29', 1, 0, 0, 154, 6, 12, NULL, '', 'B 9331 TDC', '0.00', '0.00', '0.00', '0.00', 0, 1, 0, '0.00', '0.00', '0.00', '', 1, 1, 0, '2021-03-17 03:30:40', 5, '2021-03-17 03:30:10', 5),
(273, 'SJ-YAP.202101.0277', '30522908.00', '0.00', '0.00', '2021-01-29', '0000-00-00', '2021-01-29', 1, 0, 0, 118, 6, 12, NULL, '', 'B 9139 UY', '0.00', '0.00', '0.00', '0.00', 0, 1, 0, '0.00', '0.00', '0.00', '', 1, 1, 0, '2021-03-17 03:32:08', 5, '2021-03-17 03:31:40', 5),
(274, 'SJ-YAP.202101.0278', '47818087.00', '0.00', '0.00', '2021-01-29', '0000-00-00', '2021-01-29', 1, 0, 0, 134, 6, 12, NULL, '', 'B 9497 NI', '0.00', '0.00', '0.00', '0.00', 0, 1, 0, '0.00', '0.00', '0.00', '', 1, 1, 0, '2021-03-17 03:33:15', 5, '2021-03-17 03:32:52', 5),
(275, 'SJ-YAP.202101.0279', '37778975.00', '0.00', '0.00', '2021-01-29', '0000-00-00', '2021-01-29', 1, 0, 0, 113, 6, 12, NULL, '', 'B 9137 KQB', '0.00', '0.00', '0.00', '0.00', 0, 1, 0, '0.00', '0.00', '0.00', '', 1, 1, 0, '2021-03-17 03:34:44', 5, '2021-03-17 03:34:22', 5),
(276, 'SJ-YAP.202101.0280', '37512534.00', '0.00', '0.00', '2021-01-29', '0000-00-00', '2021-01-29', 1, 0, 0, 116, 6, 12, NULL, '', 'B 9672 TDD', '0.00', '0.00', '0.00', '0.00', 0, 1, 0, '0.00', '0.00', '0.00', '', 1, 1, 0, '2021-03-17 03:36:01', 5, '2021-03-17 03:35:42', 5),
(277, 'SJ-YAP.202101.0281', '20152067.00', '0.00', '0.00', '2021-01-29', '0000-00-00', '2021-01-29', 1, 0, 0, 149, 6, 12, NULL, '', 'B 9845 DF', '0.00', '0.00', '0.00', '0.00', 0, 1, 0, '0.00', '0.00', '0.00', '', 1, 1, 0, '2021-03-17 03:37:22', 5, '2021-03-17 03:36:58', 5),
(278, 'SJ-YAP.202101.0282', '20274137.00', '0.00', '0.00', '2021-01-29', '0000-00-00', '2021-01-29', 1, 0, 0, 148, 6, 12, NULL, '', 'B 9484 YR', '0.00', '0.00', '0.00', '0.00', 0, 1, 0, '0.00', '0.00', '0.00', '', 1, 1, 0, '2021-03-17 03:38:56', 5, '2021-03-17 03:38:31', 5),
(279, 'SJ-YAP.202101.0283', '25461879.50', '0.00', '0.00', '2021-01-29', '0000-00-00', '2021-01-29', 1, 0, 0, 19, 6, 12, NULL, '', 'D 8108 UB', '0.00', '0.00', '0.00', '0.00', 0, 1, 0, '0.00', '0.00', '0.00', '', 1, 1, 0, '2021-03-17 03:45:07', 5, '2021-03-17 03:44:42', 5),
(280, 'SJ-YAP.202101.0284', '75032270.30', '0.00', '0.00', '2021-01-29', '0000-00-00', '2021-01-29', 1, 0, 0, 18, 6, 12, NULL, '', 'B 9360 BDH', '0.00', '0.00', '0.00', '0.00', 0, 1, 0, '0.00', '0.00', '0.00', '', 1, 1, 0, '2021-03-17 03:48:25', 5, '2021-03-17 03:46:00', 5),
(281, 'SJ-YAP.202101.0285', '35047812.00', '0.00', '0.00', '2021-01-29', '0000-00-00', '2021-01-29', 1, 0, 0, 143, 6, 12, NULL, '', 'B 9311 KDE', '0.00', '0.00', '0.00', '0.00', 0, 1, 0, '0.00', '0.00', '250000.00', '', 1, 1, 0, '2021-03-17 03:50:01', 5, '2021-03-17 03:49:34', 5),
(282, 'SJ-YAP.202101.0286', '14126866.00', '0.00', '0.00', '2021-01-30', '0000-00-00', '2021-01-30', 1, 0, 0, 145, 6, 12, NULL, '', 'F 8354 AZ', '0.00', '0.00', '0.00', '0.00', 0, 1, 0, '0.00', '0.00', '0.00', '', 1, 1, 0, '2021-03-17 03:51:22', 5, '2021-03-17 03:51:02', 5),
(283, 'SJ-YAP.202101.0287', '52118260.40', '0.00', '0.00', '2021-01-30', '0000-00-00', '2021-01-30', 1, 0, 0, 154, 6, 12, NULL, '', 'B 9331 TDC', '0.00', '0.00', '0.00', '0.00', 0, 1, 0, '0.00', '0.00', '0.00', '', 1, 1, 0, '2021-03-17 03:52:54', 5, '2021-03-17 03:52:32', 5),
(284, 'SJ-YAP.202101.0288', '48352698.00', '0.00', '0.00', '2021-01-30', '0000-00-00', '2021-01-30', 1, 0, 0, 134, 6, 12, NULL, '', 'B 9497 NI', '0.00', '0.00', '0.00', '0.00', 0, 1, 0, '0.00', '0.00', '0.00', '', 1, 1, 0, '2021-03-17 03:54:08', 5, '2021-03-17 03:53:45', 5),
(285, 'SJ-YAP.202101.0289', '8780346.00', '0.00', '0.00', '2021-01-30', '0000-00-00', '2021-01-30', 1, 0, 0, 120, 6, 12, NULL, '', 'B 9922 Y', '0.00', '0.00', '0.00', '0.00', 0, 0, 0, '0.00', '0.00', '0.00', '', 1, 1, 0, '2021-03-17 03:55:36', 5, '2021-03-17 03:55:12', 5),
(286, 'SJ-YAP.202101.0290', '27662895.00', '0.00', '1000000.00', '2021-01-30', '0000-00-00', '2021-01-30', 1, 0, 0, 80, 6, 12, NULL, '', 'F 8048 AZ', '0.00', '0.00', '0.00', '0.00', 0, 1, 0, '0.00', '0.00', '0.00', '', 1, 1, 0, '2021-03-17 03:59:13', 5, '2021-03-17 03:58:35', 5),
(287, 'SJ-YAP.202101.0291', '37651949.50', '0.00', '0.00', '2021-01-30', '0000-00-00', '2021-01-30', 1, 0, 0, 125, 6, 12, NULL, '', 'AE 8651 NJ', '0.00', '0.00', '0.00', '0.00', 0, 1, 0, '0.00', '0.00', '0.00', '', 1, 1, 0, '2021-03-17 06:23:57', 5, '2021-03-17 06:23:28', 5),
(288, 'SJ-YAP.202101.0292', '28050828.00', '0.00', '0.00', '2021-01-30', '0000-00-00', '2021-01-30', 1, 0, 0, 109, 6, 12, NULL, '', 'B 9486 KQB', '0.00', '0.00', '0.00', '0.00', 0, 1, 0, '0.00', '0.00', '0.00', '', 1, 1, 0, '2021-03-17 06:25:21', 5, '2021-03-17 06:24:59', 5),
(289, 'SJ-YAP.202101.0293', '15069040.00', '0.00', '0.00', '2021-01-30', '0000-00-00', '2021-01-30', 1, 0, 0, 19, 6, 12, NULL, '', 'B 9694 PDE', '0.00', '0.00', '0.00', '0.00', 0, 1, 0, '0.00', '0.00', '0.00', '', 1, 1, 0, '2021-03-17 06:27:24', 5, '2021-03-17 06:26:57', 5),
(290, 'SJ-YAP.202101.0294', '64980487.00', '0.00', '0.00', '2021-01-30', '0000-00-00', '2021-01-30', 1, 0, 0, 120, 6, 12, NULL, '', 'B 9350 BDI', '0.00', '0.00', '0.00', '0.00', 0, 1, 0, '0.00', '0.00', '0.00', '', 1, 1, 0, '2021-03-17 06:30:10', 5, '2021-03-17 06:29:18', 5),
(291, 'SJ-YAP.202101.0295', '11498742.00', '0.00', '0.00', '2021-01-30', '0000-00-00', '2021-01-30', 1, 0, 0, 117, 6, 12, NULL, '', 'B 9938 QD', '0.00', '0.00', '0.00', '0.00', 0, 1, 0, '0.00', '0.00', '0.00', '', 1, 1, 0, '2021-03-17 06:33:15', 5, '2021-03-17 06:32:45', 5),
(292, 'SJ-YAP.202101.0296', '22365889.00', '0.00', '3000000.00', '2021-01-30', '0000-00-00', '2021-01-30', 1, 0, 0, 102, 6, 12, NULL, '', 'B 9317 CPA', '0.00', '0.00', '0.00', '0.00', 0, 1, 0, '0.00', '0.00', '650000.00', '', 1, 1, 0, '2021-03-17 06:34:32', 5, '2021-03-17 06:33:50', 5),
(293, 'SJ-YAP.202101.0297', '25945791.50', '0.00', '0.00', '2021-01-30', '0000-00-00', '2021-01-30', 1, 0, 0, 116, 6, 12, NULL, '', 'B 9367 TYU', '0.00', '0.00', '0.00', '0.00', 0, 1, 0, '0.00', '0.00', '0.00', '', 1, 1, 0, '2021-03-17 06:49:57', 5, '2021-03-17 06:49:35', 5),
(294, 'SJ-YAP.202101.0298', '35049997.50', '0.00', '0.00', '2021-01-30', '0000-00-00', '2021-01-30', 1, 0, 0, 125, 6, 12, NULL, '', 'Z 9608 TB', '0.00', '0.00', '0.00', '0.00', 0, 1, 0, '0.00', '0.00', '0.00', '', 1, 1, 0, '2021-03-17 06:50:56', 5, '2021-03-17 06:50:35', 5),
(295, 'SJ-YAP.202101.0299', '17258293.00', '0.00', '0.00', '2021-01-30', '0000-00-00', '2021-01-30', 1, 0, 0, 120, 6, 12, NULL, '', 'B 9922 DJ', '0.00', '0.00', '0.00', '0.00', 0, 1, 0, '0.00', '0.00', '0.00', '', 1, 1, 0, '2021-03-17 06:53:44', 5, '2021-03-17 06:53:21', 5),
(304, 'SJ-YAP.202104.0002', '64957644.50', '64957644.50', '0.00', '2021-04-01', '2021-04-01', '2021-04-01', 1, 1, 0, 43, 6, 4, 'jak-tbt', 'TRUK', 'BE 1948 NE', '0.00', '100000.00', '100000.00', '0.00', 0, 1, 0, '0.00', '0.00', '10000.00', '', 0, 1, 0, '2021-04-27 06:10:07', 1, '2021-04-05 08:19:59', 1),
(305, 'SJ-YAP.202104.0003', '34264806.40', '34264806.40', '0.00', '2021-04-02', '2021-04-02', '2021-04-02', 1, 1, 0, 43, 6, 7, 'jak2-tbt', 'TRUK', 'B 1388 CE', '0.00', '75000.00', '75000.00', '0.00', 0, 2, 0, '0.00', '0.00', '45000.00', '', 1, 1, 0, '2021-04-27 06:09:59', 1, '2021-04-06 09:35:09', 1),
(306, 'SJ-YAP.202104.0004', '50525515.70', '50525515.70', '0.00', '2021-04-01', '2021-04-01', '2021-04-01', 1, 1, 0, 43, 6, 5, 'jak3-tbt', 'TRUK', 'B 188 CE', '0.00', '175000.00', '100000.00', '75000.00', 0, 1, 0, '0.00', '0.00', '0.00', '', 1, 1, 0, '2021-04-27 06:09:53', 1, '2021-04-07 12:25:53', 1),
(307, 'SJ-YAP.202104.0005', '40136800.00', '40136800.00', '0.00', '2021-04-06', '2021-04-06', '2021-04-06', 1, 1, 0, 43, 8, 5, 'tbt1', 'FUSO', 'BE 1948 NE', '0.00', '0.00', '0.00', '0.00', 0, 2, 0, '0.00', '0.00', '75000.00', '', 1, 1, 0, '2021-04-12 11:09:37', 1, '2021-04-12 10:14:33', 1),
(308, 'SJ-YAP.202104.0006', '28647720.00', '28197720.00', '450000.00', '2021-04-02', '2021-04-07', '2021-04-02', 1, 1, 0, 43, 8, 6, 'tbt2', 'TRUK', 'B 188 CE', '0.00', '0.00', '0.00', '0.00', 1, 1, 0, '0.00', '0.00', '0.00', '', 1, 1, 0, '2021-04-27 05:58:07', 1, '2021-04-12 13:55:51', 1),
(309, 'SJ-YAP.202104.0007', '45114210.00', '45114210.00', '0.00', '2021-04-07', '2021-04-07', '2021-04-07', 1, 1, 0, 43, 8, 6, 'tbt3', 'TRUK', 'BE 9835 NE', '0.00', '0.00', '0.00', '0.00', 0, 1, 0, '0.00', '0.00', '0.00', '', 1, 1, 0, '2021-04-27 05:58:07', 1, '2021-04-12 13:58:10', 1),
(310, 'SJ-YAP.202104.0008', '24874200.00', '24874200.00', '0.00', '2021-04-04', '2021-04-08', '2021-04-04', 1, 1, 0, 43, 8, 5, 'tbt5', 'FUSO', 'BE 9835 NE', '0.00', '0.00', '0.00', '0.00', 0, 3, 0, '0.00', '0.00', '0.00', '', 1, 1, 0, '2021-04-27 05:58:07', 1, '2021-04-12 13:59:18', 1),
(311, 'SJ-YAP.202104.0009', '43869500.00', '43869500.00', '0.00', '2021-04-03', '2021-04-08', '2021-04-03', 1, 1, 0, 43, 8, 6, '', 'FUSO', 'B 3457 NEE', '0.00', '0.00', '0.00', '0.00', 0, 2, 0, '0.00', '0.00', '0.00', '', 1, 1, 0, '2021-04-27 05:58:07', 1, '2021-04-12 14:00:25', 1),
(312, 'SJ-YAP.202104.0010', '40284166.00', '40284166.00', '0.00', '2021-04-04', '2021-04-05', '2021-04-04', 1, 1, 0, 43, 8, 5, '', 'FUSO', 'B 7778 TYE', '0.00', '0.00', '0.00', '0.00', 0, 2, 0, '0.00', '0.00', '0.00', '', 1, 1, 0, '2021-04-27 05:58:07', 1, '2021-04-12 14:01:59', 1),
(313, 'SJ-YAP.202104.0011', '28990000.00', '28990000.00', '0.00', '2021-04-03', '2021-04-04', '2021-04-03', 1, 1, 0, 11, 8, 4, '', 'TRUK', 'B 8919 SJP', '0.00', '0.00', '0.00', '0.00', 0, 1, 0, '0.00', '0.00', '0.00', '', 1, 1, 0, '2021-04-27 05:58:07', 1, '2021-04-12 14:03:10', 1),
(314, 'SJ-YAP.202104.0012', '25322590.00', '25322590.00', '0.00', '2021-04-01', '2021-04-02', '2021-04-01', 1, 1, 0, 43, 7, 5, '', 'TRUK', 'B 8891 SJE', '20.00', '0.00', '0.00', '0.00', 0, 1, 0, '0.00', '0.00', '0.00', '', 1, 1, 0, '2021-04-13 09:16:25', 1, '2021-04-13 08:55:46', 1),
(315, 'SJ-YAP.202104.0013', '20124000.00', '20124000.00', '0.00', '2021-04-01', '2021-04-02', '2021-04-01', 1, 1, 0, 43, 7, 7, '', 'FUSO', 'B 1388 CE', '0.00', '0.00', '0.00', '0.00', 0, 0, 0, '0.00', '0.00', '0.00', '', 1, 1, 0, '2021-04-27 05:57:26', 1, '2021-04-13 09:16:39', 1),
(316, 'SJ-YAP.202104.0014', '30273983.00', '30273983.00', '0.00', '2021-04-02', '2021-04-03', '2021-04-02', 1, 1, 0, 43, 7, 7, '', 'TRUK', 'B 188 CE', '0.00', '0.00', '0.00', '0.00', 0, 1, 0, '0.00', '0.00', '0.00', '', 1, 1, 0, '2021-04-27 05:57:26', 1, '2021-04-13 09:17:24', 1),
(317, 'SJ-YAP.202104.0015', '21933341.06', '21933341.06', '0.00', '2021-04-03', '2021-04-04', '2021-04-03', 1, 1, 0, 43, 7, 4, '', 'FUSO', 'BE 9835 NE', '0.00', '0.00', '0.00', '0.00', 0, 2, 0, '0.00', '0.00', '0.00', '', 1, 1, 0, '2021-04-27 05:57:26', 1, '2021-04-13 09:18:32', 1),
(318, 'SJ-YAP.202104.0016', '16777830.00', '16777830.00', '0.00', '2021-04-02', '2021-04-03', '2021-04-02', 1, 1, 0, 43, 7, 5, '', 'TRUK', 'BE 1960 NE', '0.00', '0.00', '0.00', '0.00', 0, 1, 0, '0.00', '0.00', '0.00', '', 1, 1, 0, '2021-04-13 09:19:46', 1, '2021-04-13 09:19:21', 1),
(319, 'SJ-YAP.202104.0017', '20142750.00', '20242750.00', '0.00', '2021-04-02', '2021-04-09', '2021-04-02', 1, 1, 0, 43, 7, 4, '', 'TRUK', 'B 3242 FSS', '0.00', '0.00', '0.00', '0.00', 0, 1, 0, '0.00', '0.00', '0.00', '', 1, 1, 0, '2021-04-13 09:23:47', 1, '2021-04-13 09:19:56', 1),
(320, 'SJ-YAP.202104.0018', '20161314.97', '20161314.97', '0.00', '2021-04-03', '2021-04-09', '2021-04-03', 1, 1, 0, 43, 7, 6, '', 'TRUK', 'B 8989 SAA', '0.00', '0.00', '0.00', '0.00', 0, 1, 0, '0.00', '0.00', '0.00', '', 1, 1, 0, '2021-04-27 05:57:26', 1, '2021-04-13 09:20:30', 1),
(321, 'SJ-YAP.202104.0019', '21791488.75', '21691488.75', '100000.00', '2021-04-05', '2021-04-05', '2021-04-05', 1, 1, 0, 43, 7, 4, '', 'TRUK', 'B 8978 IJK', '25.00', '0.00', '0.00', '0.00', 0, 1, 0, '0.00', '0.00', '0.00', '', 1, 1, 0, '2021-04-27 05:57:26', 1, '2021-04-13 09:33:24', 1),
(322, 'SJ-YAP.202104.0020', '21145949.25', '21145949.25', '0.00', '2021-04-01', '2021-06-07', '2021-04-01', 1, 1, 10, 43, 5, 6, '', 'TRUK', 'B 7878 CKD', '0.00', '0.00', '0.00', '0.00', 0, 0, 0, '0.00', '0.00', '0.00', '', 1, 1, 0, '2021-04-27 05:57:24', 1, '2021-04-13 09:53:33', 1),
(323, 'SJ-YAP.202104.0021', '22168000.00', '0.00', '0.00', '2021-04-02', '0000-00-00', '2021-04-02', 1, 0, 10, 43, 5, 5, '', 'TRUK', 'B 6541 NJK', '0.00', '0.00', '0.00', '0.00', 0, 0, 0, '0.00', '0.00', '0.00', '', 1, 1, 0, '2021-04-27 05:57:24', 1, '2021-04-13 09:55:23', 1),
(324, 'SJ-YAP.202104.0022', '22815904.72', '0.00', '0.00', '2021-04-02', '0000-00-00', '2021-04-02', 1, 0, 10, 43, 5, 5, '', 'FUSO', 'B 7766 NMK', '0.00', '0.00', '0.00', '0.00', 0, 0, 0, '0.00', '0.00', '0.00', '', 1, 1, 0, '2021-04-27 05:57:24', 1, '2021-04-13 09:56:06', 1),
(325, 'SJ-YAP.202104.0023', '18710130.00', '0.00', '0.00', '2021-04-03', '0000-00-00', '2021-04-03', 1, 0, 0, 43, 5, 7, '', 'FUSO', 'B 4545 IOP', '0.00', '0.00', '0.00', '0.00', 0, 1, 0, '150.00', '686700.00', '0.00', '', 1, 1, 0, '2021-04-27 05:57:24', 1, '2021-04-13 09:56:52', 1),
(326, 'SJ-YAP.202104.0024', '20411920.50', '0.00', '0.00', '2021-04-06', '0000-00-00', '2021-04-06', 1, 0, 0, 43, 5, 5, '', 'TRUK', 'B 8998 NHJ', '0.00', '0.00', '0.00', '0.00', 1, 1, 0, '0.00', '0.00', '0.00', '', 1, 1, 0, '2021-04-27 05:57:24', 1, '2021-04-13 09:59:56', 1),
(327, 'SJ-YAP.202104.0025', '20192016.00', '20192016.00', '0.00', '2021-04-04', '2021-04-04', '2021-04-04', 1, 1, 10, 43, 5, 5, '', 'TRUK', 'B 9898 OPP', '0.00', '90000.00', '15000.00', '75000.00', 1, 1, 0, '0.00', '0.00', '0.00', '', 1, 1, 0, '2021-04-27 06:09:46', 1, '2021-04-13 10:00:40', 1),
(328, 'SJ-YAP.202104.0026', '21865966.00', '21865966.00', '0.00', '2021-04-04', '2021-04-04', '2021-04-04', 1, 1, 0, 43, 5, 5, '', 'TRUK', 'B 4567 OPA', '0.00', '50000.00', '50000.00', '0.00', 0, 1, 0, '0.00', '0.00', '0.00', '', 0, 1, 0, '2021-04-27 06:09:39', 1, '2021-04-13 10:01:28', 1),
(329, 'SJ-YAP.202104.0027', '30133336.00', '30133336.00', '0.00', '2021-04-05', '2021-04-05', '2021-04-05', 1, 1, 10, 43, 5, 10, '', 'TRUK', 'B 2435  KLK', '0.00', '45000.00', '0.00', '45000.00', 1, 2, 0, '175.00', '1147125.00', '0.00', '', 1, 0, 0, '2021-04-27 06:09:20', 1, '2021-04-13 10:02:08', 1),
(330, 'SJ-YAP.202104.0028', '18116743.00', '0.00', '0.00', '2021-04-05', '0000-00-00', '2021-04-05', 1, 0, 10, 43, 5, 10, '', 'TRUK', 'B 5185 MHJ', '0.00', '0.00', '0.00', '0.00', 0, 1, 0, '0.00', '0.00', '0.00', '', 1, 1, 0, '2021-04-27 05:57:24', 1, '2021-04-13 10:03:07', 1),
(331, 'SJ-YAP.202104.0029', '17506916.00', '17506916.00', '0.00', '2021-04-05', '2021-04-05', '2021-04-05', 1, 1, 0, 43, 5, 9, '', 'TRUK', 'B 6567 LPO', '0.00', '35000.00', '35000.00', '0.00', 0, 1, 0, '175.00', '774900.00', '0.00', '', 0, 1, 0, '2021-04-27 06:09:10', 1, '2021-04-13 10:03:45', 1),
(332, 'SJ-YAP.202104.0030', '20470890.70', '0.00', '0.00', '2021-04-04', '0000-00-00', '2021-04-04', 1, 0, 0, 43, 5, 5, '', 'TRUK', 'B 9881 NNL', '0.00', '0.00', '0.00', '0.00', 0, 1, 0, '150.00', '751374.00', '0.00', '', 1, 1, 0, '2021-04-27 05:57:24', 1, '2021-04-13 10:04:23', 1),
(333, 'SJ-YAP.202104.0031', '32293800.00', '32293800.00', '0.00', '2021-04-05', '2021-04-03', '2021-04-05', 1, 1, 10, 43, 5, 8, '', 'TRUK', 'B 8671 POL', '0.00', '0.00', '0.00', '0.00', 0, 0, 0, '150.00', '1153350.00', '0.00', '', 1, 1, 0, '2021-04-27 05:57:24', 1, '2021-04-13 10:05:09', 1),
(334, 'SJ-YAP.202104.0032', '21870000.00', '21870000.00', '0.00', '2021-04-05', '2021-04-05', '2021-04-05', 1, 1, 0, 43, 5, 5, 'tbt1', 'FUSO', 'B 1845 GE', '0.00', '135000.00', '75000.00', '60000.00', 0, 0, 0, '0.00', '0.00', '0.00', '', 0, 1, 0, '2021-04-27 06:10:16', 1, '2021-04-26 05:07:06', 1),
(339, 'FT-YAP.202106.0004', '0.00', '0.00', '0.00', '2021-06-02', '0000-00-00', '2021-06-02', 0, 0, 0, 43, 5, 12, '', '', '', '0.00', '0.00', '0.00', '0.00', 0, 0, 0, '0.00', '0.00', '0.00', '', 0, 0, 1, NULL, NULL, '2021-06-08 05:36:54', 6),
(341, 'FT-YAP.202106.0006', '22615200.00', '0.00', '0.00', '2021-06-17', '0000-00-00', '2021-06-17', 1, 0, 0, 43, 5, 5, '', 'TRUK', 'BE 1948 NE', '100.00', '0.00', '0.00', '0.00', 0, 0, 0, '0.00', '0.00', '0.00', '', 1, 1, 0, '2021-06-21 13:24:02', 1, '2021-06-17 10:23:22', 1);

-- --------------------------------------------------------

--
-- Table structure for table `t_sj_details`
--

CREATE TABLE `t_sj_details` (
  `id` int(11) NOT NULL,
  `id_sj` int(11) NOT NULL,
  `id_jb` int(11) NOT NULL,
  `bruto` decimal(14,2) NOT NULL,
  `potongan` decimal(14,2) NOT NULL,
  `netto` decimal(14,2) NOT NULL,
  `id_harga` int(11) NOT NULL,
  `harga` decimal(14,2) NOT NULL,
  `bonus` decimal(14,2) NOT NULL,
  `total` decimal(14,2) NOT NULL
) ENGINE=InnoDB DEFAULT CHARSET=utf8mb4;

--
-- Dumping data for table `t_sj_details`
--

INSERT INTO `t_sj_details` (`id`, `id_sj`, `id_jb`, `bruto`, `potongan`, `netto`, `id_harga`, `harga`, `bonus`, `total`) VALUES
(4, 5, 28, '12460.00', '244.80', '12215.20', 100, '3360.00', '10.00', '41043072.00'),
(7, 8, 31, '6540.00', '40.22', '6499.78', 105, '3900.00', '0.00', '25349142.00'),
(8, 9, 28, '12180.00', '224.97', '11955.03', 100, '3360.00', '10.00', '40168900.80'),
(11, 10, 27, '3800.00', '52.31', '3747.69', 103, '3300.00', '0.00', '12367377.00'),
(13, 11, 27, '3800.00', '49.18', '3750.82', 103, '3300.00', '0.00', '12377706.00'),
(15, 12, 39, '7520.00', '960.60', '6559.40', 104, '2300.00', '0.00', '15086620.00'),
(18, 14, 31, '7100.00', '21.50', '7078.50', 105, '3900.00', '0.00', '27606150.00'),
(19, 15, 28, '9060.00', '1052.03', '8007.97', 100, '3350.00', '0.00', '26826699.50'),
(20, 16, 28, '8840.00', '903.76', '7936.24', 100, '3350.00', '0.00', '26586404.00'),
(21, 17, 31, '8720.00', '172.06', '8547.94', 105, '3900.00', '0.00', '33336966.00'),
(22, 18, 39, '3300.00', '20.28', '3279.72', 104, '2300.00', '0.00', '7543356.00'),
(23, 19, 31, '8160.00', '228.79', '7931.21', 105, '3900.00', '0.00', '30931719.00'),
(24, 20, 39, '5540.00', '17.34', '5522.66', 104, '2300.00', '0.00', '12702118.00'),
(25, 21, 27, '3840.00', '46.53', '3793.47', 103, '3300.00', '0.00', '12518451.00'),
(26, 22, 29, '3800.00', '53.65', '3746.35', 102, '3200.00', '0.00', '11988320.00'),
(27, 23, 39, '3620.00', '0.00', '3620.00', 104, '2300.00', '0.00', '8326000.00'),
(28, 24, 28, '7160.00', '381.59', '6778.41', 100, '3350.00', '0.00', '22707673.50'),
(29, 25, 27, '6060.00', '176.10', '5883.90', 103, '3300.00', '0.00', '19416870.00'),
(30, 26, 31, '12500.00', '246.81', '12253.19', 105, '3940.00', '40.00', '48277568.60'),
(31, 27, 27, '7160.00', '168.47', '6991.53', 103, '3300.00', '0.00', '23072049.00'),
(32, 28, 39, '2960.00', '23.05', '2936.95', 104, '2300.00', '0.00', '6754985.00'),
(33, 29, 31, '18440.00', '516.62', '17923.38', 105, '3900.00', '0.00', '69901182.00'),
(35, 31, 27, '8260.00', '51.50', '8208.50', 116, '3400.00', '0.00', '27908900.00'),
(36, 32, 28, '13000.00', '168.24', '12831.76', 113, '3450.00', '0.00', '44269572.00'),
(37, 33, 39, '4940.00', '74.98', '4865.02', 104, '2300.00', '0.00', '11189546.00'),
(38, 34, 29, '3760.00', '17.69', '3742.31', 115, '3300.00', '0.00', '12349623.00'),
(39, 35, 39, '13560.00', '467.04', '13092.96', 104, '2300.00', '0.00', '30113808.00'),
(40, 36, 28, '13000.00', '180.81', '12819.19', 113, '3460.00', '10.00', '44354397.40'),
(41, 37, 27, '6300.00', '350.58', '5949.42', 116, '3400.00', '0.00', '20228028.00'),
(42, 38, 37, '9340.00', '400.64', '8939.36', 107, '4150.00', '0.00', '37098344.00'),
(43, 39, 37, '7420.00', '166.83', '7253.17', 107, '4150.00', '0.00', '30100655.50'),
(45, 41, 31, '18360.00', '358.16', '18001.84', 105, '3910.00', '10.00', '70387194.40'),
(46, 42, 31, '19140.00', '216.66', '18923.34', 105, '3900.00', '0.00', '73801026.00'),
(47, 43, 31, '7380.00', '84.62', '7295.38', 105, '3900.00', '0.00', '28451982.00'),
(48, 44, 31, '7960.00', '157.64', '7802.36', 105, '3900.00', '0.00', '30429204.00'),
(50, 45, 39, '4580.00', '28.20', '4551.80', 104, '2340.00', '40.00', '10651212.00'),
(52, 46, 28, '12440.00', '395.15', '12044.85', 113, '3450.00', '0.00', '41554732.50'),
(53, 47, 27, '6180.00', '70.52', '6109.48', 116, '3400.00', '0.00', '20772232.00'),
(54, 48, 28, '12840.00', '1061.94', '11778.06', 113, '3460.00', '10.00', '40752087.60'),
(55, 49, 27, '8080.00', '259.51', '7820.49', 116, '3400.00', '0.00', '26589666.00'),
(56, 50, 37, '7080.00', '195.05', '6884.95', 107, '4150.00', '0.00', '28572542.50'),
(57, 51, 37, '6840.00', '336.74', '6503.26', 107, '4150.00', '0.00', '26988529.00'),
(58, 52, 37, '6580.00', '304.57', '6275.43', 107, '4150.00', '0.00', '26043034.50'),
(60, 53, 39, '5120.00', '462.14', '4657.86', 104, '2340.00', '40.00', '10899392.40'),
(61, 54, 39, '3440.00', '10.50', '3429.50', 104, '2300.00', '0.00', '7887850.00'),
(62, 55, 37, '8120.00', '292.46', '7827.54', 107, '4150.00', '0.00', '32484291.00'),
(63, 56, 36, '11340.00', '2030.50', '9309.50', 112, '4150.00', '0.00', '38634425.00'),
(64, 57, 31, '5820.00', '318.71', '5501.29', 105, '3900.00', '0.00', '21455031.00'),
(65, 58, 31, '5740.00', '268.55', '5471.45', 105, '3900.00', '0.00', '21338655.00'),
(66, 59, 32, '17800.00', '2961.27', '14838.73', 109, '3800.00', '0.00', '56387174.00'),
(69, 60, 27, '6960.00', '703.47', '6256.53', 116, '3400.00', '0.00', '21272202.00'),
(70, 61, 39, '3020.00', '9.14', '3010.86', 104, '2300.00', '0.00', '6924978.00'),
(71, 62, 39, '3440.00', '10.67', '3429.33', 104, '2300.00', '0.00', '7887459.00'),
(72, 63, 31, '6280.00', '124.84', '6155.16', 105, '3900.00', '0.00', '24005124.00'),
(73, 64, 31, '11340.00', '317.96', '11022.04', 105, '3900.00', '0.00', '42985956.00'),
(74, 65, 32, '5680.00', '1025.82', '4654.18', 109, '3800.00', '0.00', '17685884.00'),
(75, 66, 39, '5720.00', '39.47', '5680.53', 104, '2340.00', '40.00', '13292440.20'),
(76, 67, 31, '8340.00', '255.11', '8084.89', 105, '3900.00', '0.00', '31531071.00'),
(77, 68, 38, '13080.00', '2292.62', '10787.38', 111, '4050.00', '0.00', '43688889.00'),
(78, 69, 39, '2500.00', '331.55', '2168.45', 104, '2300.00', '0.00', '4987435.00'),
(79, 70, 39, '3460.00', '108.74', '3351.26', 104, '2300.00', '0.00', '7707898.00'),
(80, 71, 31, '3600.00', '259.77', '3340.23', 105, '3900.00', '0.00', '13026897.00'),
(82, 72, 28, '21100.00', '563.49', '20536.51', 126, '3690.00', '40.00', '75779721.90'),
(83, 73, 28, '23160.00', '989.07', '22170.93', 126, '3690.00', '40.00', '81810731.70'),
(84, 74, 28, '17220.00', '433.54', '16786.46', 126, '3690.00', '40.00', '61942037.40'),
(85, 75, 31, '2840.00', '461.03', '2378.97', 105, '3900.00', '0.00', '9277983.00'),
(86, 76, 28, '12760.00', '315.25', '12444.75', 126, '3660.00', '10.00', '45547785.00'),
(87, 77, 28, '13880.00', '582.96', '13297.04', 126, '3690.00', '40.00', '49066077.60'),
(88, 78, 28, '14740.00', '312.14', '14427.86', 126, '3650.00', '0.00', '52661689.00'),
(89, 79, 28, '12720.00', '209.51', '12510.49', 126, '3650.00', '0.00', '45663288.50'),
(90, 80, 28, '24200.00', '674.75', '23525.25', 126, '3690.00', '40.00', '86808172.50'),
(91, 81, 39, '5700.00', '628.11', '5071.89', 104, '2300.00', '0.00', '11665347.00'),
(92, 82, 37, '9780.00', '625.51', '9154.49', 107, '4150.00', '0.00', '37991133.50'),
(93, 83, 31, '8180.00', '228.48', '7951.52', 105, '3900.00', '0.00', '31010928.00'),
(94, 84, 39, '10200.00', '63.27', '10136.73', 104, '2300.00', '0.00', '23314479.00'),
(96, 86, 37, '8040.00', '360.11', '7679.89', 107, '4150.00', '0.00', '31871543.50'),
(97, 87, 28, '12680.00', '477.36', '12202.64', 126, '3660.00', '10.00', '44661662.40'),
(98, 88, 28, '14180.00', '605.57', '13574.43', 126, '3690.00', '40.00', '50089646.70'),
(99, 89, 28, '22460.00', '831.36', '21628.64', 126, '3660.00', '10.00', '79160822.40'),
(100, 90, 28, '5820.00', '371.80', '5448.20', 126, '3650.00', '0.00', '19885930.00'),
(101, 91, 28, '21200.00', '249.41', '20950.59', 126, '3690.00', '40.00', '77307677.10'),
(102, 92, 28, '21040.00', '626.25', '20413.75', 126, '3690.00', '40.00', '75326737.50'),
(103, 93, 31, '8280.00', '91.37', '8188.63', 105, '3900.00', '0.00', '31935657.00'),
(104, 94, 28, '20800.00', '195.76', '20604.24', 126, '3690.00', '40.00', '76029645.60'),
(105, 95, 28, '13820.00', '146.33', '13673.67', 126, '3690.00', '40.00', '50455842.30'),
(106, 96, 28, '25080.00', '2891.58', '22188.42', 126, '3690.00', '40.00', '81875269.80'),
(107, 97, 28, '14520.00', '227.20', '14292.80', 126, '3690.00', '40.00', '52740432.00'),
(108, 98, 28, '10300.00', '166.01', '10133.99', 126, '3650.00', '0.00', '36989063.50'),
(109, 99, 31, '17020.00', '468.19', '16551.81', 105, '3940.00', '40.00', '65214131.40'),
(110, 100, 28, '13740.00', '231.16', '13508.84', 126, '3660.00', '10.00', '49442354.40'),
(111, 101, 28, '12900.00', '242.82', '12657.18', 126, '3660.00', '10.00', '46325278.80'),
(112, 102, 28, '19420.00', '326.71', '19093.29', 126, '3660.00', '10.00', '69881441.40'),
(113, 103, 31, '6440.00', '174.84', '6265.16', 105, '3900.00', '0.00', '24434124.00'),
(114, 104, 37, '8460.00', '629.22', '7830.78', 107, '4150.00', '0.00', '32497737.00'),
(115, 105, 28, '19340.00', '621.16', '18718.84', 126, '3650.00', '0.00', '68323766.00'),
(116, 106, 28, '13320.00', '156.71', '13163.29', 126, '3660.00', '10.00', '48177641.40'),
(117, 107, 31, '10060.00', '195.03', '9864.97', 105, '3900.00', '0.00', '38473383.00'),
(118, 108, 31, '5380.00', '237.68', '5142.32', 105, '3900.00', '0.00', '20055048.00'),
(119, 109, 31, '5540.00', '202.27', '5337.73', 105, '3900.00', '0.00', '20817147.00'),
(120, 110, 37, '11720.00', '357.68', '11362.32', 107, '4150.00', '0.00', '47153628.00'),
(121, 111, 37, '10600.00', '238.33', '10361.67', 107, '4150.00', '0.00', '43000930.50'),
(122, 112, 28, '17200.00', '337.93', '16862.07', 126, '3690.00', '40.00', '62221038.30'),
(123, 113, 28, '11560.00', '1622.48', '9937.52', 126, '3650.00', '0.00', '36271948.00'),
(124, 114, 28, '21140.00', '340.73', '20799.27', 126, '3690.00', '40.00', '76749306.30'),
(125, 115, 28, '20640.00', '468.65', '20171.35', 126, '3690.00', '40.00', '74432281.50'),
(126, 116, 28, '20880.00', '302.15', '20577.85', 126, '3690.00', '40.00', '75932266.50'),
(127, 117, 28, '12800.00', '150.59', '12649.41', 126, '3650.00', '0.00', '46170346.50'),
(129, 118, 28, '12520.00', '260.71', '12259.29', 126, '3660.00', '10.00', '44869001.40'),
(130, 119, 39, '3440.00', '21.49', '3418.51', 104, '2300.00', '0.00', '7862573.00'),
(131, 120, 37, '8460.00', '362.90', '8097.10', 107, '4150.00', '0.00', '33602965.00'),
(132, 121, 28, '12740.00', '544.07', '12195.93', 126, '3660.00', '10.00', '44637103.80'),
(133, 122, 28, '20680.00', '1532.75', '19147.25', 126, '3690.00', '40.00', '70653352.50'),
(134, 123, 28, '20060.00', '1352.28', '18707.72', 126, '3660.00', '10.00', '68470255.20'),
(135, 124, 31, '7040.00', '101.66', '6938.34', 105, '3900.00', '0.00', '27059526.00'),
(136, 125, 31, '5020.00', '98.74', '4921.26', 105, '3900.00', '0.00', '19192914.00'),
(137, 126, 28, '18300.00', '430.59', '17869.41', 126, '3650.00', '0.00', '65223346.50'),
(138, 127, 37, '3360.00', '121.12', '3238.88', 107, '4150.00', '0.00', '13441352.00'),
(139, 128, 31, '9660.00', '191.35', '9468.65', 105, '3900.00', '0.00', '36927735.00'),
(140, 129, 31, '5960.00', '280.84', '5679.16', 105, '3900.00', '0.00', '22148724.00'),
(142, 130, 39, '4260.00', '12.79', '4247.21', 104, '2340.00', '40.00', '9938471.40'),
(143, 131, 31, '10240.00', '147.75', '10092.25', 105, '3900.00', '0.00', '39359775.00'),
(144, 132, 39, '5640.00', '34.96', '5605.04', 104, '2300.00', '0.00', '12891592.00'),
(145, 133, 31, '17860.00', '54.54', '17805.46', 105, '3940.00', '40.00', '70153512.40'),
(146, 134, 29, '400.00', '3.76', '396.24', 115, '3300.00', '0.00', '1307592.00'),
(147, 135, 29, '900.00', '16.94', '883.06', 115, '3300.00', '0.00', '2914098.00'),
(148, 136, 31, '6100.00', '69.26', '6030.74', 105, '3900.00', '0.00', '23519886.00'),
(149, 137, 31, '17780.00', '346.56', '17433.44', 105, '3910.00', '10.00', '68164750.40'),
(150, 138, 31, '19340.00', '275.85', '19064.15', 105, '3910.00', '10.00', '74540826.50'),
(151, 139, 31, '13140.00', '145.68', '12994.32', 105, '3900.00', '0.00', '50677848.00'),
(152, 140, 37, '8560.00', '250.72', '8309.28', 107, '4150.00', '0.00', '34483512.00'),
(153, 141, 31, '6480.00', '162.69', '6317.31', 105, '3900.00', '0.00', '24637509.00'),
(154, 142, 31, '6840.00', '488.90', '6351.10', 105, '3900.00', '0.00', '24769290.00'),
(155, 143, 31, '3020.00', '155.17', '2864.83', 105, '3900.00', '0.00', '11172837.00'),
(156, 144, 37, '6220.00', '138.56', '6081.44', 107, '4150.00', '0.00', '25237976.00'),
(157, 145, 37, '9220.00', '252.45', '8967.55', 107, '4150.00', '0.00', '37215332.50'),
(158, 146, 39, '4580.00', '42.84', '4537.16', 104, '2300.00', '0.00', '10435468.00'),
(159, 147, 37, '6400.00', '125.89', '6274.11', 107, '4150.00', '0.00', '26037556.50'),
(160, 148, 37, '9340.00', '356.59', '8983.41', 107, '4150.00', '0.00', '37281151.50'),
(161, 149, 39, '4800.00', '44.25', '4755.75', 104, '2340.00', '40.00', '11128455.00'),
(162, 150, 31, '7200.00', '253.57', '6946.43', 105, '3900.00', '0.00', '27091077.00'),
(163, 151, 31, '5580.00', '156.10', '5423.90', 105, '3900.00', '0.00', '21153210.00'),
(164, 152, 37, '8280.00', '95.01', '8184.99', 107, '4150.00', '0.00', '33967708.50'),
(165, 153, 39, '5480.00', '68.10', '5411.90', 104, '2300.00', '0.00', '12447370.00'),
(166, 154, 31, '5160.00', '564.60', '4595.40', 105, '3900.00', '0.00', '17922060.00'),
(167, 155, 31, '12540.00', '144.97', '12395.03', 105, '3900.00', '0.00', '48340617.00'),
(168, 156, 31, '4160.00', '82.39', '4077.61', 105, '3900.00', '0.00', '15902679.00'),
(169, 157, 39, '3640.00', '22.17', '3617.83', 104, '2300.00', '0.00', '8321009.00'),
(170, 158, 37, '8400.00', '256.15', '8143.85', 107, '4150.00', '0.00', '33796977.50'),
(171, 159, 31, '11200.00', '222.13', '10977.87', 105, '3900.00', '0.00', '42813693.00'),
(172, 160, 37, '6220.00', '240.45', '5979.55', 107, '4150.00', '0.00', '24815132.50'),
(173, 161, 37, '8260.00', '298.86', '7961.14', 107, '4150.00', '0.00', '33038731.00'),
(174, 162, 31, '9540.00', '263.25', '9276.75', 105, '3900.00', '0.00', '36179325.00'),
(175, 163, 31, '8300.00', '229.38', '8070.62', 105, '3900.00', '0.00', '31475418.00'),
(176, 164, 31, '6580.00', '770.16', '5809.84', 105, '3900.00', '0.00', '22658376.00'),
(177, 165, 31, '5520.00', '547.12', '4972.88', 105, '3900.00', '0.00', '19394232.00'),
(178, 166, 31, '4160.00', '144.22', '4015.78', 105, '3900.00', '0.00', '15661542.00'),
(179, 167, 31, '6580.00', '130.32', '6449.68', 105, '3900.00', '0.00', '25153752.00'),
(180, 168, 37, '8700.00', '335.54', '8364.46', 107, '4150.00', '0.00', '34712509.00'),
(181, 169, 37, '7380.00', '146.70', '7233.30', 107, '4150.00', '0.00', '30018195.00'),
(182, 170, 39, '680.00', '21.26', '658.74', 104, '2300.00', '0.00', '1515102.00'),
(183, 171, 39, '1380.00', '26.40', '1353.60', 104, '2300.00', '0.00', '3113280.00'),
(184, 172, 31, '3580.00', '111.54', '3468.46', 105, '3900.00', '0.00', '13526994.00'),
(185, 173, 31, '6620.00', '281.52', '6338.48', 105, '3900.00', '0.00', '24720072.00'),
(186, 174, 37, '11420.00', '779.05', '10640.95', 107, '4150.00', '0.00', '44159942.50'),
(188, 175, 31, '17820.00', '353.20', '17466.80', 105, '3910.00', '10.00', '68295188.00'),
(189, 176, 31, '18400.00', '512.40', '17887.60', 105, '3910.00', '10.00', '69940516.00'),
(190, 177, 31, '5980.00', '168.68', '5811.32', 105, '3900.00', '0.00', '22664148.00'),
(191, 178, 31, '780.00', '21.72', '758.28', 105, '3900.00', '0.00', '2957292.00'),
(192, 179, 39, '4360.00', '100.14', '4259.86', 104, '2300.00', '0.00', '9797678.00'),
(193, 180, 39, '4900.00', '52.95', '4847.05', 104, '2300.00', '0.00', '11148215.00'),
(194, 181, 31, '7380.00', '262.95', '7117.05', 105, '3900.00', '0.00', '27756495.00'),
(195, 182, 31, '4340.00', '204.03', '4135.97', 105, '3900.00', '0.00', '16130283.00'),
(196, 183, 37, '8520.00', '425.69', '8094.31', 107, '4150.00', '0.00', '33591386.50'),
(197, 184, 31, '11280.00', '305.99', '10974.01', 105, '3900.00', '0.00', '42798639.00'),
(198, 185, 31, '10000.00', '364.75', '9635.25', 105, '3900.00', '0.00', '37577475.00'),
(199, 186, 37, '10520.00', '400.70', '10119.30', 107, '4150.00', '0.00', '41995095.00'),
(200, 187, 31, '10620.00', '475.67', '10144.33', 105, '3900.00', '0.00', '39562887.00'),
(201, 188, 27, '5980.00', '237.09', '5742.91', 118, '3550.00', '0.00', '20387330.50'),
(202, 189, 39, '5280.00', '32.97', '5247.03', 104, '2300.00', '0.00', '12068169.00'),
(203, 190, 31, '6360.00', '864.69', '5495.31', 105, '3900.00', '0.00', '21431709.00'),
(204, 191, 31, '6060.00', '811.26', '5248.74', 105, '3900.00', '0.00', '20470086.00'),
(205, 192, 37, '9960.00', '942.20', '9017.80', 107, '4150.00', '0.00', '37423870.00'),
(206, 193, 32, '4640.00', '2940.52', '1699.48', 109, '3800.00', '0.00', '6458024.00'),
(207, 194, 38, '2960.00', '877.30', '2082.70', 111, '4050.00', '0.00', '8434935.00'),
(208, 195, 31, '9240.00', '473.78', '8766.22', 105, '3900.00', '0.00', '34188258.00'),
(209, 196, 31, '6040.00', '181.56', '5858.44', 105, '3900.00', '0.00', '22847916.00'),
(210, 197, 31, '9200.00', '689.19', '8510.81', 105, '3900.00', '0.00', '33192159.00'),
(211, 198, 39, '4740.00', '18.23', '4721.77', 104, '2340.00', '40.00', '11048941.80'),
(212, 199, 39, '3260.00', '10.05', '3249.95', 104, '2300.00', '0.00', '7474885.00'),
(213, 200, 31, '22100.00', '438.33', '21661.67', 105, '3940.00', '40.00', '85346979.80'),
(214, 201, 37, '9660.00', '448.90', '9211.10', 107, '4150.00', '0.00', '38226065.00'),
(215, 202, 31, '23260.00', '892.93', '22367.07', 105, '3910.00', '10.00', '87455243.70'),
(216, 203, 37, '10540.00', '647.45', '9892.55', 107, '4150.00', '0.00', '41054082.50'),
(217, 204, 31, '7740.00', '234.58', '7505.42', 105, '3900.00', '0.00', '29271138.00'),
(218, 205, 39, '6260.00', '58.59', '6201.41', 104, '2300.00', '0.00', '14263243.00'),
(219, 206, 31, '8540.00', '259.21', '8280.79', 105, '3900.00', '0.00', '32295081.00'),
(220, 207, 39, '4640.00', '35.91', '4604.09', 104, '2340.00', '40.00', '10773570.60'),
(221, 208, 39, '4980.00', '30.87', '4949.13', 104, '2340.00', '40.00', '11580964.20'),
(222, 209, 31, '3920.00', '86.24', '3833.76', 105, '3900.00', '0.00', '14951664.00'),
(223, 210, 31, '4300.00', '155.45', '4144.55', 105, '3900.00', '0.00', '16163745.00'),
(224, 211, 31, '8520.00', '167.21', '8352.79', 105, '3900.00', '0.00', '32575881.00'),
(225, 212, 31, '9860.00', '302.31', '9557.69', 105, '3900.00', '0.00', '37274991.00'),
(226, 213, 31, '22200.00', '68.01', '22131.99', 105, '3940.00', '40.00', '87200040.60'),
(227, 214, 31, '8460.00', '25.94', '8434.06', 105, '3900.00', '0.00', '32892834.00'),
(228, 215, 37, '8840.00', '486.01', '8353.99', 107, '4150.00', '0.00', '34669058.50'),
(229, 85, 28, '18360.00', '1030.32', '17329.68', 126, '3690.00', '40.00', '63946519.20'),
(230, 216, 31, '12740.00', '345.32', '12394.68', 105, '3900.00', '0.00', '48339252.00'),
(231, 217, 39, '1260.00', '3.80', '1256.20', 104, '2300.00', '0.00', '2889260.00'),
(232, 218, 31, '8240.00', '253.80', '7986.20', 105, '3900.00', '0.00', '31146180.00'),
(233, 219, 31, '4280.00', '84.00', '4196.00', 105, '3900.00', '0.00', '16364400.00'),
(234, 220, 31, '740.00', '66.65', '673.35', 105, '3900.00', '0.00', '2626065.00'),
(235, 221, 31, '9840.00', '296.84', '9543.16', 105, '3900.00', '0.00', '37218324.00'),
(236, 222, 37, '10820.00', '1047.94', '9772.06', 107, '4150.00', '0.00', '40554049.00'),
(237, 223, 31, '7400.00', '223.56', '7176.44', 105, '3900.00', '0.00', '27988116.00'),
(238, 224, 37, '9400.00', '385.92', '9014.08', 107, '4150.00', '0.00', '37408432.00'),
(239, 225, 37, '9120.00', '278.11', '8841.89', 107, '4150.00', '0.00', '36693843.50'),
(240, 226, 31, '8160.00', '378.89', '7781.11', 105, '3900.00', '0.00', '30346329.00'),
(242, 227, 31, '19980.00', '623.38', '19356.62', 105, '3910.00', '10.00', '75684384.20'),
(243, 228, 31, '6760.00', '264.94', '6495.06', 105, '3900.00', '0.00', '25330734.00'),
(244, 229, 37, '8100.00', '399.47', '7700.53', 107, '4150.00', '0.00', '31957199.50'),
(245, 230, 31, '3240.00', '279.69', '2960.31', 105, '3900.00', '0.00', '11545209.00'),
(246, 231, 31, '5660.00', '112.26', '5547.74', 105, '3900.00', '0.00', '21636186.00'),
(247, 232, 31, '3120.00', '131.30', '2988.70', 105, '3900.00', '0.00', '11655930.00'),
(248, 233, 39, '3560.00', '10.77', '3549.23', 104, '2300.00', '0.00', '8163229.00'),
(249, 234, 31, '5100.00', '448.11', '4651.89', 105, '3900.00', '0.00', '18142371.00'),
(250, 235, 31, '5100.00', '157.09', '4942.91', 105, '3900.00', '0.00', '19277349.00'),
(251, 236, 31, '22120.00', '439.07', '21680.93', 105, '3940.00', '40.00', '85422864.20'),
(252, 237, 31, '7120.00', '198.12', '6921.88', 105, '3900.00', '0.00', '26995332.00'),
(253, 238, 31, '6520.00', '128.36', '6391.64', 105, '3900.00', '0.00', '24927396.00'),
(254, 239, 31, '12200.00', '374.61', '11825.39', 105, '3900.00', '0.00', '46119021.00'),
(255, 240, 31, '9480.00', '336.21', '9143.79', 105, '3900.00', '0.00', '35660781.00'),
(256, 241, 31, '5700.00', '374.16', '5325.84', 105, '3900.00', '0.00', '20770776.00'),
(257, 242, 37, '9500.00', '184.89', '9315.11', 107, '4150.00', '0.00', '38657706.50'),
(258, 243, 37, '9480.00', '486.70', '8993.30', 107, '4150.00', '0.00', '37322195.00'),
(259, 244, 31, '4920.00', '191.65', '4728.35', 105, '3900.00', '0.00', '18440565.00'),
(260, 245, 31, '6720.00', '921.56', '5798.44', 105, '3900.00', '0.00', '22613916.00'),
(261, 246, 37, '7020.00', '194.00', '6826.00', 107, '4150.00', '0.00', '28327900.00'),
(262, 247, 31, '23060.00', '1715.60', '21344.40', 105, '3940.00', '40.00', '84096936.00'),
(263, 248, 39, '4960.00', '15.33', '4944.67', 104, '2300.00', '0.00', '11372741.00'),
(264, 249, 31, '5380.00', '205.89', '5174.11', 105, '3900.00', '0.00', '20179029.00'),
(265, 250, 31, '4980.00', '463.83', '4516.17', 105, '3900.00', '0.00', '17613063.00'),
(266, 251, 28, '12840.00', '614.81', '12225.19', 123, '3950.00', '0.00', '48289500.50'),
(267, 252, 37, '9960.00', '1067.01', '8892.99', 107, '4150.00', '0.00', '36905908.50'),
(268, 253, 31, '3080.00', '83.75', '2996.25', 105, '3900.00', '0.00', '11685375.00'),
(269, 254, 37, '6100.00', '197.52', '5902.48', 107, '4150.00', '0.00', '24495292.00'),
(270, 255, 31, '3620.00', '109.71', '3510.29', 105, '3900.00', '0.00', '13690131.00'),
(271, 256, 31, '9580.00', '212.25', '9367.75', 105, '3900.00', '0.00', '36534225.00'),
(272, 257, 31, '8260.00', '232.12', '8027.88', 105, '3900.00', '0.00', '31308732.00'),
(273, 258, 31, '4960.00', '324.19', '4635.81', 105, '3900.00', '0.00', '18079659.00'),
(274, 259, 39, '4320.00', '26.41', '4293.59', 104, '2340.00', '40.00', '10047000.60'),
(275, 260, 31, '16180.00', '568.09', '15611.91', 105, '3940.00', '40.00', '61510925.40'),
(276, 261, 39, '3260.00', '9.90', '3250.10', 104, '2300.00', '0.00', '7475230.00'),
(277, 262, 37, '9360.00', '390.64', '8969.36', 107, '4150.00', '0.00', '37222844.00'),
(278, 263, 37, '7680.00', '448.91', '7231.09', 107, '4150.00', '0.00', '30009023.50'),
(279, 264, 31, '10560.00', '570.71', '9989.29', 105, '3900.00', '0.00', '38958231.00'),
(280, 265, 39, '5120.00', '15.90', '5104.10', 104, '2340.00', '40.00', '11943594.00'),
(282, 266, 31, '19840.00', '920.48', '18919.52', 105, '3910.00', '10.00', '73975323.20'),
(283, 267, 31, '2480.00', '197.94', '2282.06', 105, '3900.00', '0.00', '8900034.00'),
(284, 268, 31, '2500.00', '150.57', '2349.43', 105, '3900.00', '0.00', '9162777.00'),
(285, 269, 31, '9560.00', '711.93', '8848.07', 105, '3900.00', '0.00', '34507473.00'),
(286, 270, 37, '8960.00', '320.98', '8639.02', 107, '4150.00', '0.00', '35851933.00'),
(287, 271, 39, '5040.00', '185.71', '4854.29', 104, '2300.00', '0.00', '11164867.00'),
(288, 272, 31, '13520.00', '376.21', '13143.79', 105, '3940.00', '40.00', '51786532.60'),
(289, 273, 31, '8140.00', '286.48', '7853.52', 105, '3900.00', '0.00', '30628728.00'),
(290, 274, 31, '12420.00', '242.45', '12177.55', 105, '3940.00', '40.00', '47979547.00'),
(291, 275, 31, '10000.00', '279.75', '9720.25', 105, '3900.00', '0.00', '37908975.00'),
(292, 276, 37, '9320.00', '251.64', '9068.36', 107, '4150.00', '0.00', '37633694.00'),
(293, 277, 31, '5560.00', '374.27', '5185.73', 105, '3900.00', '0.00', '20224347.00'),
(294, 278, 31, '5560.00', '342.97', '5217.03', 105, '3900.00', '0.00', '20346417.00'),
(295, 279, 37, '6620.00', '463.87', '6156.13', 107, '4150.00', '0.00', '25547939.50'),
(296, 280, 31, '20600.00', '1341.67', '19258.33', 105, '3910.00', '10.00', '75300070.30'),
(297, 281, 32, '11500.00', '2171.76', '9328.24', 109, '3800.00', '0.00', '35447312.00'),
(298, 282, 31, '3740.00', '105.26', '3634.74', 105, '3900.00', '0.00', '14175486.00'),
(299, 283, 31, '13540.00', '267.34', '13272.66', 105, '3940.00', '40.00', '52294280.40'),
(300, 284, 31, '12560.00', '246.30', '12313.70', 105, '3940.00', '40.00', '48515978.00'),
(301, 285, 39, '3300.00', '48.02', '3251.98', 125, '2700.00', '0.00', '8780346.00'),
(302, 286, 31, '7380.00', '262.35', '7117.65', 105, '3900.00', '0.00', '27758835.00'),
(303, 287, 37, '9440.00', '337.67', '9102.33', 107, '4150.00', '0.00', '37774669.50'),
(304, 288, 31, '7380.00', '162.88', '7217.12', 105, '3900.00', '0.00', '28146768.00'),
(305, 289, 32, '4900.00', '917.70', '3982.30', 109, '3800.00', '0.00', '15132740.00'),
(306, 290, 31, '18080.00', '1358.07', '16721.93', 105, '3900.00', '0.00', '65215527.00'),
(307, 291, 32, '3860.00', '820.81', '3039.19', 109, '3800.00', '0.00', '11548922.00'),
(308, 292, 31, '6600.00', '676.49', '5923.51', 105, '3900.00', '0.00', '23101689.00'),
(309, 293, 37, '6580.00', '307.39', '6272.61', 107, '4150.00', '0.00', '26031331.50'),
(310, 294, 37, '8960.00', '486.15', '8473.85', 107, '4150.00', '0.00', '35166477.50'),
(311, 295, 31, '5060.00', '617.93', '4442.07', 105, '3900.00', '0.00', '17324073.00'),
(317, 304, 28, '16860.00', '331.69', '16528.31', 123, '3950.00', '0.00', '65286824.50'),
(318, 305, 39, '12891.10', '31.85', '12859.25', 125, '2700.00', '0.00', '34719975.00'),
(319, 306, 28, '12891.10', '13.10', '12878.00', 123, '3950.00', '0.00', '50868100.00'),
(320, 307, 35, '6800.00', '12.00', '6788.00', 133, '5950.00', '0.00', '40388600.00'),
(321, 308, 37, '5400.00', '72.00', '5328.00', 131, '4900.00', '0.00', '26107200.00'),
(322, 309, 35, '7680.00', '81.00', '7599.00', 133, '5950.00', '0.00', '45214050.00'),
(323, 310, 35, '4500.00', '171.00', '4329.00', 132, '5800.00', '0.00', '25108200.00'),
(324, 311, 35, '7650.00', '52.00', '7598.00', 132, '5800.00', '0.00', '44068400.00'),
(325, 312, 33, '7809.00', '23.00', '7786.00', 130, '5200.00', '0.00', '40487200.00'),
(326, 313, 33, '5600.00', '11.00', '5589.00', 130, '5200.00', '0.00', '29062800.00'),
(327, 314, 30, '6570.00', '170.00', '6400.00', 124, '3950.00', '0.00', '25408000.00'),
(328, 315, 29, '5600.00', '10.00', '5590.00', 121, '3600.00', '0.00', '20124000.00'),
(329, 316, 28, '7809.00', '119.00', '7690.00', 123, '3950.00', '0.00', '30375500.00'),
(330, 317, 28, '5678.19', '88.07', '5590.12', 123, '3950.00', '0.00', '22080974.00'),
(331, 318, 27, '4590.00', '100.00', '4490.00', 122, '3750.00', '0.00', '16837500.00'),
(332, 319, 27, '5400.00', '9.88', '5390.12', 122, '3750.00', '0.00', '20212950.00'),
(333, 320, 28, '5128.81', '7.80', '5121.01', 123, '3950.00', '0.00', '20227989.50'),
(334, 321, 28, '5600.00', '99.55', '5500.45', 123, '3975.00', '25.00', '21864288.75'),
(335, 322, 10, '5245.00', '55.81', '5189.19', 127, '4075.00', '0.00', '21145949.25'),
(336, 323, 10, '5478.19', '38.19', '5440.00', 127, '4075.00', '0.00', '22168000.00'),
(337, 324, 10, '5690.00', '108.81', '5581.19', 128, '4088.00', '0.00', '22815904.72'),
(338, 325, 9, '4590.00', '12.00', '4578.00', 68, '3950.00', '0.00', '18083100.00'),
(339, 326, 10, '4589.00', '22.00', '4567.00', 127, '4075.00', '0.00', '18610525.00'),
(340, 327, 12, '4578.00', '12.00', '4566.00', 74, '4050.00', '0.00', '18492300.00'),
(341, 328, 9, '5668.00', '101.00', '5567.00', 68, '3950.00', '0.00', '21989650.00'),
(342, 329, 12, '6589.00', '34.00', '6555.00', 74, '4050.00', '0.00', '26547750.00'),
(343, 330, 12, '4589.00', '101.00', '4488.00', 74, '4050.00', '0.00', '18176400.00'),
(344, 331, 16, '4568.00', '140.00', '4428.00', 87, '3800.00', '0.00', '16826400.00'),
(345, 332, 9, '5128.10', '118.94', '5009.16', 68, '3950.00', '0.00', '19786182.00'),
(346, 333, 12, '7801.00', '112.00', '7689.00', 74, '4050.00', '0.00', '31140450.00'),
(347, 334, 10, '5600.00', '200.00', '5400.00', 127, '4075.00', '0.00', '22005000.00'),
(351, 341, 10, '5600.00', '200.00', '5400.00', 128, '4188.00', '100.00', '22615200.00');

-- --------------------------------------------------------

--
-- Table structure for table `users`
--

CREATE TABLE `users` (
  `id` int(11) NOT NULL,
  `username` varchar(15) NOT NULL,
  `password` varchar(250) NOT NULL,
  `name` varchar(50) NOT NULL,
  `id_roles` int(2) NOT NULL,
  `last_login` datetime NOT NULL,
  `modified_at` datetime NOT NULL,
  `modified_by` int(3) NOT NULL,
  `created_at` datetime NOT NULL,
  `created_by` int(3) NOT NULL
) ENGINE=InnoDB DEFAULT CHARSET=latin1;

--
-- Dumping data for table `users`
--

INSERT INTO `users` (`id`, `username`, `password`, `name`, `id_roles`, `last_login`, `modified_at`, `modified_by`, `created_at`, `created_by`) VALUES
(1, 'admin', '$2y$10$tam5FwfdGIxl64mbKHM9CevwiRXDxCPZ27SBxc48L7PjEFvKUi7g6', 'ADMIN', 1, '2021-06-21 18:09:42', '2021-05-27 08:35:12', 1, '0000-00-00 00:00:00', 0),
(2, 'belo', '$2y$10$aud0ra6SRA.AVsDB92UTNOxlVVpgophruF3VyZc16Ir4Uf5Ll.b4.', 'belo', 2, '2021-06-07 15:24:08', '2020-09-25 10:16:51', 1, '2020-09-25 10:10:56', 1),
(4, 'inet', '$2y$10$HGnBNiAty01wdk29ESB2nO9YVH3k6AonXOcRqMXCBNQ/Qvm6sR6k.', 'Inet', 1, '2021-02-24 14:34:34', '2021-01-28 06:31:56', 1, '2021-01-28 06:31:42', 1),
(5, 'novi', '$2y$10$pQSic2L48Pi.jUmM3m4IeOFPYXlbxzpINfOy/jZIt399Szvjwonii', 'Novi', 1, '2021-03-18 09:01:54', '0000-00-00 00:00:00', 0, '2021-01-28 06:31:50', 1),
(6, 'adminsj', '$2y$10$W3SWT2Eg3425hAFcAo9BCuTEBt955PoG2wWAKGppj43B2htR7d2fK', 'Admin SJ', 3, '2021-06-08 10:37:07', '2021-05-27 08:36:19', 0, '2021-05-27 08:12:37', 1);

-- --------------------------------------------------------

--
-- Structure for view `list_denda_view`
--
DROP TABLE IF EXISTS `list_denda_view`;

CREATE ALGORITHM=UNDEFINED DEFINER=`root`@`localhost` SQL SECURITY DEFINER VIEW `list_denda_view`  AS SELECT `a`.`id` AS `id`, `a`.`no_surat_jalan` AS `no_surat_jalan`, `a`.`tanggal` AS `tanggal`, `a`.`id_customer` AS `id_customer`, `a`.`no_kendaraan` AS `no_kendaraan`, `a`.`jenis_kendaraan` AS `jenis_kendaraan`, `a`.`denda` AS `denda`, `a`.`denda_1` AS `denda_1`, `a`.`denda_2` AS `denda_2`, `a`.`bruto` AS `bruto`, `a`.`netto` AS `netto`, `a`.`nama_barang` AS `nama_barang`, `a`.`harga` AS `harga`, `a`.`nomor` AS `nomor`, `a`.`jenis_denda` AS `jenis_denda` FROM ((select `tsj`.`id` AS `id`,`tsj`.`no_surat_jalan` AS `no_surat_jalan`,`tsj`.`tanggal` AS `tanggal`,`tsj`.`id_customer` AS `id_customer`,`tsj`.`no_kendaraan` AS `no_kendaraan`,`tsj`.`jenis_kendaraan` AS `jenis_kendaraan`,`tsj`.`denda` AS `denda`,`tsj`.`denda_1` AS `denda_1`,`tsj`.`denda_2` AS `denda_2`,`tsd`.`bruto` AS `bruto`,`tsd`.`netto` AS `netto`,`mb`.`nama_barang` AS `nama_barang`,`tsj`.`denda_1` AS `harga`,'Denda' AS `nomor`,1 AS `jenis_denda` from ((`t_sj_details` `tsd` left join `t_sj` `tsj` on(`tsd`.`id_sj` = `tsj`.`id`)) left join `m_barang` `mb` on(`tsd`.`id_jb` = `mb`.`id`)) where `tsj`.`flag_denda` = 0) union all (select `tsj`.`id` AS `id`,`tsj`.`no_surat_jalan` AS `no_surat_jalan`,`tsj`.`tanggal` AS `tanggal`,`tsj`.`id_customer` AS `id_customer`,`tsj`.`no_kendaraan` AS `no_kendaraan`,`tsj`.`jenis_kendaraan` AS `jenis_kendaraan`,`tsj`.`denda` AS `denda`,`tsj`.`denda_1` AS `denda_1`,`tsj`.`denda_2` AS `denda_2`,`tsd`.`bruto` AS `bruto`,`tsd`.`netto` AS `netto`,`mb`.`nama_barang` AS `nama_barang`,`tsj`.`denda_2` AS `harga`,'Denda K3' AS `nomor`,2 AS `jenis_denda` from ((`t_sj_details` `tsd` left join `t_sj` `tsj` on(`tsd`.`id_sj` = `tsj`.`id`)) left join `m_barang` `mb` on(`tsd`.`id_jb` = `mb`.`id`)) where `tsj`.`flag_denda_2` = 0)) AS `a` ORDER BY `a`.`tanggal` ASC, `a`.`no_surat_jalan` ASC ;

--
-- Indexes for dumped tables
--

--
-- Indexes for table `f_invoice`
--
ALTER TABLE `f_invoice`
  ADD PRIMARY KEY (`id`);

--
-- Indexes for table `f_invoice_detail`
--
ALTER TABLE `f_invoice_detail`
  ADD PRIMARY KEY (`id`);

--
-- Indexes for table `f_invoice_summary`
--
ALTER TABLE `f_invoice_summary`
  ADD PRIMARY KEY (`id`);

--
-- Indexes for table `f_match`
--
ALTER TABLE `f_match`
  ADD PRIMARY KEY (`id`);

--
-- Indexes for table `f_match_detail`
--
ALTER TABLE `f_match_detail`
  ADD PRIMARY KEY (`id`);

--
-- Indexes for table `f_pmb`
--
ALTER TABLE `f_pmb`
  ADD PRIMARY KEY (`id`);

--
-- Indexes for table `f_pmb_detail`
--
ALTER TABLE `f_pmb_detail`
  ADD PRIMARY KEY (`id`);

--
-- Indexes for table `f_spl_deposit`
--
ALTER TABLE `f_spl_deposit`
  ADD PRIMARY KEY (`id`);

--
-- Indexes for table `f_spl_lebihbayar`
--
ALTER TABLE `f_spl_lebihbayar`
  ADD PRIMARY KEY (`id`);

--
-- Indexes for table `f_uang_keluar`
--
ALTER TABLE `f_uang_keluar`
  ADD PRIMARY KEY (`id`);

--
-- Indexes for table `f_uang_masuk`
--
ALTER TABLE `f_uang_masuk`
  ADD PRIMARY KEY (`id`);

--
-- Indexes for table `logs`
--
ALTER TABLE `logs`
  ADD PRIMARY KEY (`id`);

--
-- Indexes for table `m_bank`
--
ALTER TABLE `m_bank`
  ADD PRIMARY KEY (`id`);

--
-- Indexes for table `m_barang`
--
ALTER TABLE `m_barang`
  ADD PRIMARY KEY (`id`);

--
-- Indexes for table `m_barang_relasi`
--
ALTER TABLE `m_barang_relasi`
  ADD PRIMARY KEY (`id`) USING BTREE;

--
-- Indexes for table `m_bongkar_muat`
--
ALTER TABLE `m_bongkar_muat`
  ADD PRIMARY KEY (`id`);

--
-- Indexes for table `m_customer`
--
ALTER TABLE `m_customer`
  ADD PRIMARY KEY (`id`);

--
-- Indexes for table `m_group_supplier`
--
ALTER TABLE `m_group_supplier`
  ADD PRIMARY KEY (`id`);

--
-- Indexes for table `m_harga`
--
ALTER TABLE `m_harga`
  ADD PRIMARY KEY (`id`);

--
-- Indexes for table `m_numberings`
--
ALTER TABLE `m_numberings`
  ADD PRIMARY KEY (`id`);

--
-- Indexes for table `m_numbering_details`
--
ALTER TABLE `m_numbering_details`
  ADD PRIMARY KEY (`id`);

--
-- Indexes for table `m_supplier`
--
ALTER TABLE `m_supplier`
  ADD PRIMARY KEY (`id`);

--
-- Indexes for table `roles`
--
ALTER TABLE `roles`
  ADD PRIMARY KEY (`id`);

--
-- Indexes for table `sj`
--
ALTER TABLE `sj`
  ADD PRIMARY KEY (`id`);

--
-- Indexes for table `sj_details`
--
ALTER TABLE `sj_details`
  ADD PRIMARY KEY (`id`);

--
-- Indexes for table `t_sj`
--
ALTER TABLE `t_sj`
  ADD PRIMARY KEY (`id`);

--
-- Indexes for table `t_sj_details`
--
ALTER TABLE `t_sj_details`
  ADD PRIMARY KEY (`id`);

--
-- Indexes for table `users`
--
ALTER TABLE `users`
  ADD PRIMARY KEY (`id`) USING BTREE,
  ADD KEY `username` (`username`) USING BTREE;

--
-- AUTO_INCREMENT for dumped tables
--

--
-- AUTO_INCREMENT for table `f_invoice`
--
ALTER TABLE `f_invoice`
  MODIFY `id` int(11) NOT NULL AUTO_INCREMENT, AUTO_INCREMENT=12;

--
-- AUTO_INCREMENT for table `f_invoice_detail`
--
ALTER TABLE `f_invoice_detail`
  MODIFY `id` int(11) NOT NULL AUTO_INCREMENT, AUTO_INCREMENT=95;

--
-- AUTO_INCREMENT for table `f_invoice_summary`
--
ALTER TABLE `f_invoice_summary`
  MODIFY `id` int(11) NOT NULL AUTO_INCREMENT, AUTO_INCREMENT=159;

--
-- AUTO_INCREMENT for table `f_match`
--
ALTER TABLE `f_match`
  MODIFY `id` int(11) NOT NULL AUTO_INCREMENT, AUTO_INCREMENT=166;

--
-- AUTO_INCREMENT for table `f_match_detail`
--
ALTER TABLE `f_match_detail`
  MODIFY `id` int(11) NOT NULL AUTO_INCREMENT, AUTO_INCREMENT=214;

--
-- AUTO_INCREMENT for table `f_pmb`
--
ALTER TABLE `f_pmb`
  MODIFY `id` int(11) NOT NULL AUTO_INCREMENT, AUTO_INCREMENT=9;

--
-- AUTO_INCREMENT for table `f_pmb_detail`
--
ALTER TABLE `f_pmb_detail`
  MODIFY `id` int(11) NOT NULL AUTO_INCREMENT, AUTO_INCREMENT=17;

--
-- AUTO_INCREMENT for table `f_spl_deposit`
--
ALTER TABLE `f_spl_deposit`
  MODIFY `id` int(11) NOT NULL AUTO_INCREMENT, AUTO_INCREMENT=145;

--
-- AUTO_INCREMENT for table `f_spl_lebihbayar`
--
ALTER TABLE `f_spl_lebihbayar`
  MODIFY `id` int(11) NOT NULL AUTO_INCREMENT, AUTO_INCREMENT=16;

--
-- AUTO_INCREMENT for table `f_uang_keluar`
--
ALTER TABLE `f_uang_keluar`
  MODIFY `id` int(11) NOT NULL AUTO_INCREMENT, AUTO_INCREMENT=161;

--
-- AUTO_INCREMENT for table `f_uang_masuk`
--
ALTER TABLE `f_uang_masuk`
  MODIFY `id` int(11) NOT NULL AUTO_INCREMENT;

--
-- AUTO_INCREMENT for table `logs`
--
ALTER TABLE `logs`
  MODIFY `id` int(11) NOT NULL AUTO_INCREMENT, AUTO_INCREMENT=419;

--
-- AUTO_INCREMENT for table `m_bank`
--
ALTER TABLE `m_bank`
  MODIFY `id` int(11) NOT NULL AUTO_INCREMENT, AUTO_INCREMENT=8;

--
-- AUTO_INCREMENT for table `m_barang`
--
ALTER TABLE `m_barang`
  MODIFY `id` int(11) NOT NULL AUTO_INCREMENT, AUTO_INCREMENT=40;

--
-- AUTO_INCREMENT for table `m_barang_relasi`
--
ALTER TABLE `m_barang_relasi`
  MODIFY `id` int(11) NOT NULL AUTO_INCREMENT, AUTO_INCREMENT=40;

--
-- AUTO_INCREMENT for table `m_bongkar_muat`
--
ALTER TABLE `m_bongkar_muat`
  MODIFY `id` int(11) NOT NULL AUTO_INCREMENT, AUTO_INCREMENT=4;

--
-- AUTO_INCREMENT for table `m_customer`
--
ALTER TABLE `m_customer`
  MODIFY `id` int(11) NOT NULL AUTO_INCREMENT, AUTO_INCREMENT=10;

--
-- AUTO_INCREMENT for table `m_group_supplier`
--
ALTER TABLE `m_group_supplier`
  MODIFY `id` int(11) NOT NULL AUTO_INCREMENT, AUTO_INCREMENT=14;

--
-- AUTO_INCREMENT for table `m_harga`
--
ALTER TABLE `m_harga`
  MODIFY `id` int(11) NOT NULL AUTO_INCREMENT, AUTO_INCREMENT=134;

--
-- AUTO_INCREMENT for table `m_numberings`
--
ALTER TABLE `m_numberings`
  MODIFY `id` int(11) NOT NULL AUTO_INCREMENT, AUTO_INCREMENT=11;

--
-- AUTO_INCREMENT for table `m_numbering_details`
--
ALTER TABLE `m_numbering_details`
  MODIFY `id` int(11) NOT NULL AUTO_INCREMENT, AUTO_INCREMENT=23;

--
-- AUTO_INCREMENT for table `m_supplier`
--
ALTER TABLE `m_supplier`
  MODIFY `id` int(11) NOT NULL AUTO_INCREMENT, AUTO_INCREMENT=156;

--
-- AUTO_INCREMENT for table `roles`
--
ALTER TABLE `roles`
  MODIFY `id` int(11) NOT NULL AUTO_INCREMENT, AUTO_INCREMENT=4;

--
-- AUTO_INCREMENT for table `sj`
--
ALTER TABLE `sj`
  MODIFY `id` int(11) NOT NULL AUTO_INCREMENT, AUTO_INCREMENT=4;

--
-- AUTO_INCREMENT for table `sj_details`
--
ALTER TABLE `sj_details`
  MODIFY `id` int(11) NOT NULL AUTO_INCREMENT, AUTO_INCREMENT=3;

--
-- AUTO_INCREMENT for table `t_sj`
--
ALTER TABLE `t_sj`
  MODIFY `id` int(11) NOT NULL AUTO_INCREMENT, AUTO_INCREMENT=342;

--
-- AUTO_INCREMENT for table `t_sj_details`
--
ALTER TABLE `t_sj_details`
  MODIFY `id` int(11) NOT NULL AUTO_INCREMENT, AUTO_INCREMENT=352;

--
-- AUTO_INCREMENT for table `users`
--
ALTER TABLE `users`
  MODIFY `id` int(11) NOT NULL AUTO_INCREMENT, AUTO_INCREMENT=7;
COMMIT;

/*!40101 SET CHARACTER_SET_CLIENT=@OLD_CHARACTER_SET_CLIENT */;
/*!40101 SET CHARACTER_SET_RESULTS=@OLD_CHARACTER_SET_RESULTS */;
/*!40101 SET COLLATION_CONNECTION=@OLD_COLLATION_CONNECTION */;
